SOC,PulseLength(s),Temperature(C),Voltage(V),AvgCurrent_20s,True_SOP(W),SHAP_SOC,SHAP_PulseLength(s),SHAP_Temperature(C),SHAP_Voltage(V),SHAP_AvgCurrent_20s,fold
1.000000111,10.002,-8.0474,4.135,0.0,72.101,16.750622,0.11651918,-35.826347,5.810436,-1.7428157,1
1.000000111,10.002,-8.0474,4.135,0.0,72.101,13.753382,0.3786758,-35.82813,7.954704,-2.542937,2
1.000000111,10.002,-8.0474,4.135,0.0,72.101,14.92648,0.20048839,-33.01084,7.6846576,-2.1542673,5
1.000000111,10.002,-8.0474,4.135,0.0,72.101,15.271643,0.093539715,-34.640186,10.861752,-2.2154386,4
1.000000111,10.002,-8.0474,4.135,0.0,72.101,13.228852,-0.24853694,-44.001404,5.7144403,-1.8528562,3
1.000000097,10.002,-18.568,4.136,0.0,40.723,13.753219,0.24788588,-41.677357,7.7021832,-2.612067,2
1.000000097,10.002,-18.568,4.136,0.0,40.723,16.54986,-0.01692822,-41.729855,5.833756,-1.90113,1
1.000000097,10.002,-18.568,4.136,0.0,40.723,15.101726,0.10364431,-39.214825,7.855625,-2.2329893,4
1.000000097,10.002,-18.568,4.136,0.0,40.723,13.255881,-0.32784554,-44.65367,5.6886826,-1.8528562,3
1.000000097,10.002,-18.568,4.136,0.0,40.723,14.65108,0.018359449,-41.71282,6.3863654,-2.2654276,5
1.000000088,10.001,39.394,4.1276,0.0,107.37,16.996828,-0.29639086,14.402509,6.273213,-1.7055153,1
1.000000088,10.002,26.2,4.1558,0.0,102.96,16.725552,0.005975703,10.669782,6.747435,-1.7940729,3
1.000000088,10.002,26.2,4.1558,0.0,102.96,15.396789,0.67869234,11.539739,7.772613,-2.415887,2
1.000000088,10.002,26.2,4.1558,0.0,102.96,18.37735,-0.2649003,7.8726807,6.0631294,-1.9055822,1
1.000000088,10.001,39.394,4.1276,0.0,107.37,14.629622,0.8108024,16.533955,7.992892,-2.1962016,2
1.000000088,10.001,39.394,4.1276,0.0,107.37,16.005789,0.15918472,14.542121,6.7352366,-1.5879445,3
1.000000088,10.001,39.394,4.1276,0.0,107.37,16.052141,-0.56440777,14.471654,9.66886,-1.7873881,4
1.000000088,10.002,26.2,4.1558,0.0,102.96,16.818132,0.23922253,10.617686,7.751428,-1.7860636,4
1.000000088,10.001,39.394,4.1276,0.0,107.37,16.749708,0.41431236,16.92812,6.8403893,-1.8170573,5
1.000000088,10.002,26.2,4.1558,0.0,102.96,18.030687,0.05678363,12.038333,6.8493395,-1.983729,5
1.000000086,10.001,1.2544,4.1379,0.0,85.272,18.944477,-0.09416684,4.641662,7.4443765,-1.8083229,3
1.000000086,10.001,1.2544,4.1379,0.0,85.272,19.487902,-0.26577282,0.444436,5.950722,-2.812241,5
1.000000086,10.001,1.2544,4.1379,0.0,85.272,18.698065,-0.85962737,-2.4838252,5.954025,-2.7436597,1
1.000000086,10.001,1.2544,4.1379,0.0,85.272,16.56434,0.064610526,-1.0239481,7.504577,-3.388008,2
1.000000086,10.001,1.2544,4.1379,0.0,85.272,19.584,-0.8520449,-0.23226708,8.132419,-2.747628,4
1.000000026,30.002,25.575,4.1568,0.0,102.39,17.386528,-0.9197423,10.221873,8.032412,-1.8518751,4
1.000000026,30.002,25.575,4.1568,0.0,102.39,15.131334,-1.2079445,6.06967,7.605695,-3.1346762,2
1.000000026,30.002,25.575,4.1568,0.0,102.39,18.302866,-0.46100724,7.8424177,5.856534,-1.8197602,1
1.000000026,30.002,25.575,4.1568,0.0,102.39,17.656235,-0.37498972,11.588438,6.5252123,-2.0997615,5
1.000000026,30.002,25.575,4.1568,0.0,102.39,16.948532,-0.35565585,9.910763,6.9397097,-1.9286166,3
1.000000023,10.001,11.066,4.1395,0.0,93.653,19.042091,-0.094349526,1.6433682,6.5820103,-2.303668,3
1.000000023,10.001,11.066,4.1395,0.0,93.653,19.154446,0.06589779,3.7099233,6.212993,-2.6857762,5
1.000000023,10.001,11.066,4.1395,0.0,93.653,18.82661,-0.5933279,2.9498487,7.92185,-2.5831804,4
1.000000023,10.001,11.066,4.1395,0.0,93.653,19.151579,-0.83619684,1.2057829,5.685374,-2.7576263,1
1.000000023,10.001,11.066,4.1395,0.0,93.653,17.195913,0.35391432,1.7297536,7.592842,-3.2006192,2
1.000000022,2.002,25.756,4.1557,0.0,104.88,16.48355,2.6370952,10.070143,6.600844,-1.8008815,3
1.000000022,2.002,25.756,4.1557,0.0,104.88,17.70769,2.3125381,8.438378,5.9116135,-2.0753965,1
1.000000022,2.002,25.756,4.1557,0.0,104.88,16.547998,2.3429923,10.532671,7.5433655,-1.8984658,4
1.000000022,2.002,25.756,4.1557,0.0,104.88,17.542284,0.66048294,11.774109,6.4803686,-2.0633256,5
1.000000022,2.002,25.756,4.1557,0.0,104.88,15.257546,1.5635505,11.194256,7.652393,-2.49703,2
1.0,10.003,0.62361,4.1911,0.0,99.794,19.434826,-0.098574884,8.300927,6.8269672,-2.3193295,5
1.0,10.002,1.1356,4.1906,0.0,99.59,18.21644,-0.011218125,6.1415834,7.5551457,-1.8088393,3
1.0,10.003,0.62361,4.1911,0.0,99.794,18.296349,-0.4966638,5.398079,8.295576,-1.8520647,3
1.0,10.002,1.1356,4.1906,0.0,99.59,16.630522,0.32635874,7.082896,7.921861,-2.7730591,2
1.0,10.002,1.1537,4.1909,0.0,99.792,16.519613,0.32635874,6.1988363,7.7890944,-2.7730591,2
1.0,10.001,0.74664,4.1905,0.0,99.374,16.68698,0.31143898,7.4989257,8.557389,-2.5712762,2
1.0,10.002,1.1537,4.1909,0.0,99.792,19.894716,-0.16165467,5.683837,6.6929855,-2.547252,5
1.0,10.003,0.62361,4.1911,0.0,99.794,19.420197,-0.8285287,1.9781456,9.334523,-2.1433234,4
1.0,10.002,1.0175,4.1912,0.0,99.894,16.524645,0.33487839,7.8121276,7.977592,-2.6916611,2
1.0,10.001,0.74664,4.1905,0.0,99.374,18.000742,-0.18210419,6.12603,7.8830733,-1.813571,3
1.0,10.003,0.62361,4.1911,0.0,99.794,16.80701,-1.0613048,7.250361,8.761939,-2.7353878,2
1.0,10.003,0.62361,4.1911,0.0,99.794,19.550037,-0.5904481,5.167542,6.305704,-1.6911515,1
1.0,10.002,1.1537,4.1909,0.0,99.792,19.155586,0.17296073,3.0184016,6.5442786,-2.1308303,1
1.0,10.002,1.0175,4.1912,0.0,99.894,18.07457,-0.026709922,5.816454,7.6223717,-1.8101158,3
1.0,10.001,0.74664,4.1905,0.0,99.374,18.287039,-0.8350308,6.1587343,6.158109,-1.9170505,1
1.0,10.003,0.38608,4.1906,0.0,99.42,17.656935,-0.4882635,2.6419208,8.4182415,-1.8189905,3
1.0,10.002,1.1537,4.1909,0.0,99.792,18.869844,-0.011218125,4.606071,7.451117,-1.8083229,3
1.0,10.002,1.1356,4.1906,0.0,99.59,19.200054,0.17296073,4.747055,6.3891473,-2.0513737,1
1.0,10.002,1.1356,4.1906,0.0,99.59,19.53196,-0.15776177,7.8556614,6.645732,-2.5446134,5
1.0,10.003,0.38608,4.1906,0.0,99.42,19.732687,-0.5680668,2.8921928,6.3342905,-1.6840115,1
1.0,10.002,1.0175,4.1912,0.0,99.894,18.928652,0.18869534,8.699887,6.2327423,-1.7592285,1
1.0,10.003,0.38608,4.1906,0.0,99.42,19.051477,-0.15742683,6.225918,6.7270517,-2.2643092,5
1.0,10.001,0.74664,4.1905,0.0,99.374,19.553091,-0.027825695,9.582642,7.3162045,-2.3085685,5
1.0,10.003,0.38608,4.1906,0.0,99.42,17.295141,-1.0613048,5.7290673,8.7297735,-2.7353878,2
1.0,10.002,1.0175,4.1912,0.0,99.894,19.57352,-0.08301694,8.147982,6.645732,-2.4724288,5
1.0,10.002,1.1537,4.1909,0.0,99.792,19.941774,0.3491899,4.2733335,8.731528,-2.452865,4
1.0,10.002,1.1356,4.1906,0.0,99.59,20.01608,0.3491899,4.601532,8.731528,-2.452865,4
1.0,10.001,0.74664,4.1905,0.0,99.374,19.764114,-0.8039215,5.824367,8.882667,-2.2907383,4
1.0,10.003,0.38608,4.1906,0.0,99.42,16.820885,-0.7947491,-12.48338,8.531235,-2.2102904,4
1.0,10.002,1.0175,4.1912,0.0,99.894,20.056856,0.3491899,5.399397,8.80115,-2.3498902,4
0.951268758,10.002,2.4254,3.6991,8.87,99.152,16.943068,0.3534709,2.6098974,3.32702,5.6239905,2
0.951268758,10.002,2.4254,3.6991,8.87,99.152,20.123438,0.06841974,2.7349386,3.357718,5.247364,5
0.951268758,10.002,2.4254,3.6991,8.87,99.152,18.800348,0.057363678,0.019461714,4.2770877,4.680191,1
0.951268758,10.002,2.4254,3.6991,8.87,99.152,18.925934,-0.008713724,0.8369904,4.426662,3.7959304,3
0.951268758,10.002,2.4254,3.6991,8.87,99.152,18.914454,0.3950172,1.623964,4.563052,5.3695803,4
0.950986816,10.002,2.2157,3.7753,9.000671429,99.293,18.799643,0.3593441,1.8615371,5.174197,5.2909594,4
0.950986816,10.002,2.2157,3.7753,9.000671429,99.293,18.793564,-0.0802919,2.4932835,4.7142196,3.3274548,3
0.950986816,10.002,2.2157,3.7753,9.000671429,99.293,18.12678,0.057363678,0.4933545,4.8088894,4.705925,1
0.950986816,10.002,2.2157,3.7753,9.000671429,99.293,20.002728,0.039876558,3.173409,3.7787328,4.8033266,5
0.950986816,10.002,2.2157,3.7753,9.000671429,99.293,16.589693,0.2134146,3.0845246,4.2794113,5.150112,2
0.95069791,10.002,1.7753,3.8583,5.998809524,99.404,19.908344,-0.021099906,2.666959,4.067428,5.0224705,5
0.95069791,10.002,1.7753,3.8583,5.998809524,99.404,16.611942,0.1808226,2.1997724,4.8016515,4.9098916,2
0.95069791,10.002,1.7753,3.8583,5.998809524,99.404,17.885855,0.0831196,0.7572054,5.3148766,4.0854025,1
0.95069791,10.002,1.7753,3.8583,5.998809524,99.404,18.767233,-0.08386777,3.104135,4.513558,3.3847072,3
0.95069791,10.002,1.7753,3.8583,5.998809524,99.404,18.505415,0.34349516,1.7862043,5.5619545,5.150227,4
0.950395078,10.002,2.047,3.9525,3.000014286,99.561,16.320202,0.19955353,2.163076,5.15805,4.329875,2
0.950395078,10.002,2.047,3.9525,3.000014286,99.561,18.760988,-0.0977971,2.3997757,5.4324255,2.2055392,3
0.950395078,10.002,2.047,3.9525,3.000014286,99.561,20.069738,-0.05346118,2.8900957,4.062688,4.477291,5
0.950395078,10.002,2.047,3.9525,3.000014286,99.561,17.948666,0.055973094,0.18775804,5.133696,3.4824712,1
0.950395078,10.002,2.047,3.9525,3.000014286,99.561,18.589142,0.31331912,1.7779672,6.3733974,4.191657,4
0.950191862,10.001,41.578,4.0496,1.000056,106.69,15.655052,-0.4026667,14.377114,5.1696296,1.3758242,4
0.950191862,10.001,41.578,4.0496,1.000056,106.69,15.331061,0.0066282917,15.868397,4.6075115,0.5042483,3
0.950191862,10.001,41.578,4.0496,1.000056,106.69,16.260897,0.5405572,16.94267,2.58312,1.6217498,5
0.950191862,10.001,41.578,4.0496,1.000056,106.69,13.726596,0.5782935,15.846371,4.4363317,0.88817436,2
0.950191862,10.001,41.578,4.0496,1.000056,106.69,15.6495695,0.035647172,14.134183,2.8873725,1.1116034,1
0.950176946,2.002,26.408,4.0351,0.999863,104.92,14.837584,2.724575,9.4989395,3.5772324,1.671648,1
0.950176946,2.002,26.408,4.0351,0.999863,104.92,12.501078,1.4875915,11.372147,3.3018167,1.6520835,2
0.950176946,2.002,26.408,4.0351,0.999863,104.92,15.710953,2.6576145,10.884576,4.401007,0.8017207,3
0.950176946,2.002,26.408,4.0351,0.999863,104.92,16.502098,1.0713685,13.247545,3.836853,2.2966053,5
0.950176946,2.002,26.408,4.0351,0.999863,104.92,15.992353,2.671903,10.924633,5.0460286,2.138833,4
0.950113133,10.001,0.98904,4.0327,1.000134286,99.704,13.677635,0.014795623,10.033187,3.4962986,3.356119,2
0.950113133,10.001,0.98904,4.0327,1.000134286,99.704,17.745996,0.17314509,13.092591,4.077698,3.309996,5
0.950113133,10.001,0.98904,4.0327,1.000134286,99.704,18.578875,-0.6835198,5.200363,6.1830597,2.7572374,4
0.950113133,10.001,0.98904,4.0327,1.000134286,99.704,17.357765,-0.2791075,7.419161,4.897686,0.7481167,3
0.950113133,10.001,0.98904,4.0327,1.000134286,99.704,15.33334,-0.54940206,8.270595,4.3343854,1.1627938,1
0.950000111,10.003,-7.063,4.0469,0.0,73.405,13.134152,-0.65507156,-9.47756,4.464702,-1.9335767,1
0.950000111,10.003,-7.063,4.0469,0.0,73.405,13.828978,-0.49303854,-22.491535,6.7855763,-1.8485446,3
0.950000111,10.003,-7.063,4.0469,0.0,73.405,15.32347,-0.95519364,-12.445006,7.4685364,-2.8149548,4
0.950000111,10.003,-7.063,4.0469,0.0,73.405,11.73145,-1.0064315,-4.636197,5.24029,-3.0557222,2
0.950000111,10.003,-7.063,4.0469,0.0,73.405,16.077188,-0.48526534,-1.8702908,3.0843325,-3.217772,5
0.950000097,10.002,-17.091,4.0172,0.0,41.726,9.300666,0.18532254,-42.168457,5.1769495,-2.984153,2
0.950000097,10.002,-17.091,4.0172,0.0,41.726,13.045509,-0.32430792,-44.58687,5.313536,-2.1507797,3
0.950000097,10.002,-17.091,4.0172,0.0,41.726,12.370709,0.022688363,-41.32064,3.8998358,-3.3910863,5
0.950000097,10.002,-17.091,4.0172,0.0,41.726,10.360704,-0.11653648,-43.32764,4.2824707,-2.7393498,1
0.950000097,10.002,-17.091,4.0172,0.0,41.726,13.07862,0.1582138,-39.063778,5.1995173,-3.4336584,4
0.950000088,10.002,27.814,4.0783,0.0,102.86,13.726067,-0.20328507,10.440352,6.2251744,-1.8533071,1
0.950000088,10.002,27.814,4.0783,0.0,102.86,16.181993,0.07504671,11.15408,6.7583156,-1.7332962,3
0.950000088,10.002,27.814,4.0783,0.0,102.86,11.740232,0.62614286,14.530236,7.098934,-2.3229246,2
0.950000088,10.002,27.814,4.0783,0.0,102.86,16.18337,0.067065604,13.079627,7.007275,-1.9915277,5
0.950000088,10.002,27.814,4.0783,0.0,102.86,15.381135,0.3708439,11.552406,9.392796,-1.7327862,4
0.949998265,10.002,0.48065,4.0894,0.0,99.233,18.100235,-0.09889184,5.8007073,8.059381,-1.7012382,3
0.949998265,10.002,0.48065,4.0894,0.0,99.233,15.052736,0.47333294,7.066197,8.743633,-2.5238771,2
0.949998265,10.002,0.48065,4.0894,0.0,99.233,18.251066,0.07737656,6.4124336,7.518889,-2.2895176,5
0.949998265,10.002,0.48065,4.0894,0.0,99.233,16.297138,0.16970146,5.7975254,6.662577,-1.8729141,1
0.949998265,10.002,0.48065,4.0894,0.0,99.233,18.782526,0.45147428,0.5514475,11.684076,-2.2503998,4
0.949998092,10.001,12.928,4.0698,0.0,93.925,13.995167,-0.5898183,5.3456335,5.3581467,-2.4219763,1
0.949998092,10.001,12.928,4.0698,0.0,93.925,18.245213,0.03191694,5.741216,6.832722,-2.2607358,3
0.949998092,10.001,12.928,4.0698,0.0,93.925,16.718187,0.43602127,6.355205,5.819693,-2.6047425,5
0.949998092,10.001,12.928,4.0698,0.0,93.925,16.154844,-0.4641894,6.0333085,6.5041213,-2.7119725,4
0.949998092,10.001,12.928,4.0698,0.0,93.925,13.156555,0.5618371,6.6325674,6.0726576,-2.9150398,2
0.94999802,10.003,2.8248,4.0639,0.0,85.512,15.58907,-1.2095652,-3.3431685,6.6435905,-3.6885655,2
0.94999802,10.003,2.8248,4.0639,0.0,85.512,19.132591,-1.0217981,-3.1422257,7.435417,-3.2177649,4
0.94999802,10.003,2.8248,4.0639,0.0,85.512,19.78869,-0.82642746,-3.305199,7.6291656,-2.6224806,3
0.94999802,10.003,2.8248,4.0639,0.0,85.512,15.762449,-0.77169985,-4.8637695,5.1889076,-2.9238324,1
0.94999802,10.003,2.8248,4.0639,0.0,85.512,18.074324,-0.34639534,-1.5080084,3.8586245,-3.440793,5
0.901256579,10.002,2.9945,3.7104,8.871478261,98.906,18.662437,0.06370608,2.40658,3.7367244,5.1577034,5
0.901256579,10.002,2.9945,3.7104,8.871478261,98.906,18.49839,0.43726754,-0.2893678,4.4766507,5.5805397,4
0.901256579,10.002,2.9945,3.7104,8.871478261,98.906,15.750019,0.4788212,0.31114128,3.3040202,5.3607764,2
0.901256579,10.002,2.9945,3.7104,8.871478261,98.906,19.48491,-0.057106506,0.14306685,4.4452276,3.7492976,3
0.901256579,10.002,2.9945,3.7104,8.871478261,98.906,16.538513,0.064175256,0.2541129,3.83018,4.8501735,1
0.901002486,10.002,2.5991,3.7788,8.998665,99.002,19.309036,0.05382199,2.1034606,3.9453852,4.9388437,5
0.901002486,10.002,2.5991,3.7788,8.998665,99.002,16.455414,0.02842994,0.28389812,4.7846932,4.896291,1
0.901002486,10.002,2.5991,3.7788,8.998665,99.002,19.16364,-0.013939565,0.22303466,4.8639507,3.4206738,3
0.901002486,10.002,2.5991,3.7788,8.998665,99.002,15.724675,0.29460013,-0.31426945,4.1344423,5.044778,2
0.901002486,10.002,2.5991,3.7788,8.998665,99.002,18.56667,0.4153008,0.4908811,5.136108,5.400501,4
0.900696173,10.001,2.3268,3.8522,6.00113,99.026,18.826027,-0.13755672,2.1257548,4.4888263,3.5893376,3
0.900696173,10.001,2.3268,3.8522,6.00113,99.026,16.21631,-0.4141578,0.81147814,5.185071,4.4562054,1
0.900696173,10.001,2.3268,3.8522,6.00113,99.026,15.335237,0.08552374,3.016093,4.668494,4.8666263,2
0.900696173,10.001,2.3268,3.8522,6.00113,99.026,18.952032,0.35731664,2.7975106,3.932815,5.014348,5
0.900696173,10.001,2.3268,3.8522,6.00113,99.026,18.191784,-0.41759282,1.3770193,5.4672318,5.5817127,4
0.900393337,10.003,2.1728,3.9378,3.00002381,99.14,18.53427,-1.119085,1.8528198,6.488873,4.8789454,4
0.900393337,10.003,2.1728,3.9378,3.00002381,99.14,16.206553,-0.6815873,0.6469418,5.020376,3.3740213,1
0.900393337,10.003,2.1728,3.9378,3.00002381,99.14,18.890692,-0.64551574,2.151983,5.1025763,3.0613177,3
0.900393337,10.003,2.1728,3.9378,3.00002381,99.14,18.686232,-0.13570814,3.4341917,4.070983,4.2857275,5
0.900393337,10.003,2.1728,3.9378,3.00002381,99.14,15.442987,-0.69130784,3.6328983,5.3612437,4.486469,2
0.900161561,2.002,26.139,4.0021,1.000121905,104.59,13.759511,1.4762137,11.034231,4.1868405,2.95453,2
0.900161561,2.002,26.139,4.0021,1.000121905,104.59,16.319616,1.008771,11.436627,4.082788,3.2503307,5
0.900161561,2.002,26.139,4.0021,1.000121905,104.59,15.492374,2.5600896,9.7112665,5.344177,2.9589882,4
0.900161561,2.002,26.139,4.0021,1.000121905,104.59,14.192531,2.6625066,8.220923,3.874634,1.7139134,1
0.900161561,2.002,26.139,4.0021,1.000121905,104.59,15.946451,2.6670344,10.112049,4.752975,1.3207175,3
0.900128796,10.002,1.1354,4.0157,1.000082381,99.224,15.746538,0.12640776,5.5140853,4.273952,1.433387,1
0.900128796,10.002,1.1354,4.0157,1.000082381,99.224,17.52963,-0.1315748,5.6965423,5.148186,0.44541407,3
0.900128796,10.002,1.1354,4.0157,1.000082381,99.224,19.331175,0.35832292,6.077663,6.535296,1.6366228,4
0.900128796,10.002,1.1354,4.0157,1.000082381,99.224,17.772915,-0.32183075,8.198965,4.520159,1.3746762,5
0.900128796,10.002,1.1354,4.0157,1.000082381,99.224,15.131126,0.17065473,7.3480415,5.096248,0.8933049,2
0.900000097,10.002,-17.063,3.9487,0.0,40.848,11.936286,-0.031015366,-37.06592,3.9358068,-3.434567,5
0.900000097,10.002,-17.063,3.9487,0.0,40.848,12.795821,-0.20923547,-43.72289,4.9267015,-2.6904871,3
0.900000097,10.002,-17.063,3.9487,0.0,40.848,10.711462,-0.19903535,-42.401375,4.8783627,-2.7182648,1
0.900000097,10.002,-17.063,3.9487,0.0,40.848,13.5965185,0.1870139,-37.903038,6.4662247,-3.2988462,4
0.900000097,10.002,-17.063,3.9487,0.0,40.848,10.7586355,0.1668642,-42.29509,5.517499,-2.7197309,2
0.900000088,10.002,42.91,4.039,0.571469048,106.24,14.939486,0.10472047,15.884024,4.7056274,0.4357107,3
0.900000088,10.002,42.91,4.039,0.571469048,106.24,13.048092,0.5474647,15.883588,3.6143284,1.9963605,2
0.900000088,10.002,42.91,4.039,0.571469048,106.24,14.460372,-0.013267126,16.945606,3.459896,-0.24535073,5
0.900000088,10.002,42.91,4.039,0.571469048,106.24,15.494271,0.38470826,14.45766,5.352406,2.0295177,4
0.900000088,10.002,42.91,4.039,0.571469048,106.24,13.861409,-0.17717093,14.273993,4.385555,1.4621319,1
0.900000086,10.001,2.8199,4.0117,0.0,85.245,15.335589,-0.57543546,-4.624302,5.691833,-3.6738276,1
0.900000086,10.001,2.8199,4.0117,0.0,85.245,15.255259,0.31137785,-3.1690617,6.352141,-3.7779064,2
0.900000086,10.001,2.8199,4.0117,0.0,85.245,19.184204,-0.052122224,-3.195247,7.2656913,-2.8359153,3
0.900000086,10.001,2.8199,4.0117,0.0,85.245,18.22207,-0.6077541,-3.219855,6.2050424,-4.060021,4
0.900000086,10.001,2.8199,4.0117,0.0,85.245,17.463955,0.40432623,-1.5969393,4.470593,-3.8579557,5
0.900000026,30.003,27.726,4.071,0.0,100.45,13.960586,-0.4003471,10.479411,5.918786,-1.7886441,1
0.900000026,30.003,27.726,4.071,0.0,100.45,15.901194,-1.1366601,10.531612,8.797126,-1.7425494,4
0.900000026,30.003,27.726,4.071,0.0,100.45,13.402113,-1.4764619,12.907577,6.537166,-2.1877427,2
0.900000026,30.003,27.726,4.071,0.0,100.45,15.702094,-0.6270168,10.870883,6.737679,-1.8716893,3
0.900000026,30.003,27.726,4.071,0.0,100.45,16.187975,-0.4838868,13.65728,5.7558737,-1.9843537,5
0.899996532,10.003,0.96375,4.0708,0.0,99.102,17.431282,-0.53185916,7.8809342,7.6820736,-2.022024,3
0.899996532,10.003,0.96375,4.0708,0.0,99.102,15.1056795,-0.77354777,10.902507,6.8456116,-2.555065,2
0.899996532,10.003,0.96375,4.0708,0.0,99.102,19.835827,-1.0407522,5.779224,9.665954,-2.3113933,4
0.899996532,10.003,0.96375,4.0708,0.0,99.102,15.427283,-0.599728,9.170231,5.7205405,-1.7480701,1
0.899996532,10.003,0.96375,4.0708,0.0,99.102,18.181414,-0.11584934,13.663372,5.9462266,-2.3659604,5
0.899996242,10.002,27.699,4.0613,0.0,102.4,15.50268,0.08744684,11.277554,6.638747,-1.7985538,3
0.899996242,10.002,27.699,4.0613,0.0,102.4,13.508826,0.59494823,13.387288,6.383845,-2.0379438,2
0.899996242,10.002,27.699,4.0613,0.0,102.4,13.790235,-0.2409725,10.482235,5.276848,-2.063053,1
0.899996242,10.002,27.699,4.0613,0.0,102.4,15.835534,0.37617576,12.253164,7.126947,-1.9807429,4
0.899996242,10.002,27.699,4.0613,0.0,102.4,16.150782,0.012840366,14.748655,4.6568704,-2.3761382,5
0.899996162,10.002,12.792,4.0306,0.0,93.411,15.426595,0.38887575,2.674851,5.925353,-3.239405,2
0.899996162,10.002,12.792,4.0306,0.0,93.411,17.844463,-0.084326684,2.718754,6.520916,-2.3217978,3
0.899996162,10.002,12.792,4.0306,0.0,93.411,18.242392,-0.06442083,4.300611,5.095832,-3.280116,5
0.899996162,10.002,12.792,4.0306,0.0,93.411,15.361089,0.020972343,2.6605937,6.464163,-2.5421891,1
0.899996162,10.002,12.792,4.0306,0.0,93.411,18.13964,0.36319542,3.2736337,6.9822993,-2.934625,4
0.899995742,10.002,-7.1402,3.9806,0.0,72.358,12.204086,0.43924394,-17.78223,6.694911,-2.5210898,2
0.899995742,10.002,-7.1402,3.9806,0.0,72.358,12.32533,0.026651397,-16.493519,5.520995,-2.4925482,1
0.899995742,10.002,-7.1402,3.9806,0.0,72.358,13.336385,-0.04671358,-21.334995,4.71127,-3.2509933,5
0.899995742,10.002,-7.1402,3.9806,0.0,72.358,14.0747175,-0.05787715,-21.997736,7.213757,-1.8326561,3
0.899995742,10.002,-7.1402,3.9806,0.0,72.358,14.501067,0.39244625,-18.228767,7.4959016,-3.0795388,4
0.801354051,10.002,3.6709,3.6914,9.000166667,97.287,16.273436,-0.031125352,1.7786996,2.839749,4.8152065,1
0.801354051,10.002,3.6709,3.6914,9.000166667,97.287,17.393175,0.3691863,2.3710759,3.7477014,5.0034943,4
0.801354051,10.002,3.6709,3.6914,9.000166667,97.287,16.051136,0.5160909,3.0856962,2.7292094,4.8242335,2
0.801354051,10.002,3.6709,3.6914,9.000166667,97.287,18.315874,-0.040397793,2.008212,3.7054265,3.6170766,3
0.801354051,10.002,3.6709,3.6914,9.000166667,97.287,18.042984,-0.015295634,3.1654534,3.1097598,4.9533844,5
0.801347085,10.002,3.9957,3.6255,12.00166667,97.206,15.97177,0.5160909,3.15232,1.3723894,5.4550815,2
0.801347085,10.002,3.9957,3.6255,12.00166667,97.206,18.018791,-0.03587137,3.4672725,2.3010874,5.373536,5
0.801347085,10.002,3.9957,3.6255,12.00166667,97.206,18.20828,-0.009005215,2.3984292,1.2298865,3.7079878,3
0.801347085,10.002,3.9957,3.6255,12.00166667,97.206,17.15495,0.4030259,3.4629555,2.1570833,5.9921103,4
0.801347085,10.002,3.9957,3.6255,12.00166667,97.206,16.25542,-0.067681074,1.6771551,2.3612905,5.4445214,1
0.800804084,10.003,2.5018,3.7633,5.999004762,97.251,15.906871,-0.81485564,1.9875871,4.4191976,5.2078013,2
0.800804084,10.003,2.5018,3.7633,5.999004762,97.251,18.425022,-0.2937454,2.8132303,3.2647855,4.7855535,5
0.800804084,10.003,2.5018,3.7633,5.999004762,97.251,18.060444,-1.3088491,1.752382,4.899647,5.3318553,4
0.800804084,10.003,2.5018,3.7633,5.999004762,97.251,18.028296,-0.7461832,0.6099996,4.390179,3.748702,3
0.800804084,10.003,2.5018,3.7633,5.999004762,97.251,16.169834,-0.65984666,0.31265312,4.5259185,4.445151,1
0.800501242,10.002,1.904,3.8528,3.000014286,97.274,18.079678,0.34957546,1.6562136,5.3822165,4.0693626,4
0.800501242,10.002,1.904,3.8528,3.000014286,97.274,15.580204,0.20133124,2.5301683,5.069977,4.035421,2
0.800501242,10.002,1.904,3.8528,3.000014286,97.274,16.283981,-0.035605054,0.9115119,5.28814,3.3121786,1
0.800501242,10.002,1.904,3.8528,3.000014286,97.274,17.822615,-0.055582218,2.4778385,4.1619225,2.6902375,3
0.800501242,10.002,1.904,3.8528,3.000014286,97.274,18.347168,-0.14491802,2.8166797,4.0137024,4.2155514,5
0.800201356,10.002,41.193,3.9375,0.999855238,104.41,13.753109,-0.13848442,13.293648,4.085265,2.18659,1
0.800201356,10.002,41.193,3.9375,0.999855238,104.41,14.371963,0.08263076,15.448655,4.5082283,0.8575854,3
0.800201356,10.002,41.193,3.9375,0.999855238,104.41,15.059164,-0.17328231,16.55883,3.804134,2.2536125,5
0.800201356,10.002,41.193,3.9375,0.999855238,104.41,13.159251,0.404887,15.232923,5.0104384,1.1799066,2
0.800201356,10.002,41.193,3.9375,0.999855238,104.41,15.112278,0.31286722,13.942032,5.2345796,2.4843502,4
0.800146176,2.003,26.082,3.9237,0.9998555,103.14,13.963193,2.8040922,8.142916,3.8894985,2.3881083,1
0.800146176,2.003,26.082,3.9237,0.9998555,103.14,15.72888,1.1090897,11.63761,4.1705413,2.3408432,5
0.800146176,2.003,26.082,3.9237,0.9998555,103.14,14.96514,2.6335347,10.054768,4.3194942,1.0936477,3
0.800146176,2.003,26.082,3.9237,0.9998555,103.14,15.350476,2.5654485,10.218995,5.1397967,2.622456,4
0.800146176,2.003,26.082,3.9237,0.9998555,103.14,13.813562,1.3373306,11.147464,5.013776,1.5018631,2
0.800111392,10.002,1.2699,3.9424,1.000116667,97.418,18.47564,0.2588618,1.2333591,6.421953,2.9794014,4
0.800111392,10.002,1.2699,3.9424,1.000116667,97.418,16.245546,-0.02655299,0.30744392,5.274645,2.0303733,1
0.800111392,10.002,1.2699,3.9424,1.000116667,97.418,17.342976,-0.11747713,2.7261841,4.881455,1.3314373,3
0.800111392,10.002,1.2699,3.9424,1.000116667,97.418,18.145248,-0.27042004,2.2906086,4.091326,3.216626,5
0.800111392,10.002,1.2699,3.9424,1.000116667,97.418,15.414926,0.12761717,1.9550155,5.3586173,3.6382718,2
0.800000026,30.002,27.702,3.9913,0.0,98.723,14.4604645,-0.5046149,10.880158,7.008649,-2.0792458,3
0.800000026,30.002,27.702,3.9913,0.0,98.723,12.926972,-1.4007643,12.596124,6.748982,-2.4681022,2
0.800000026,30.002,27.702,3.9913,0.0,98.723,15.216738,-0.41542166,14.143466,4.0780077,-2.90247,5
0.800000026,30.002,27.702,3.9913,0.0,98.723,13.785474,-0.31993905,10.022321,5.2604814,-2.47594,1
0.800000026,30.002,27.702,3.9913,0.0,98.723,15.273748,-1.1769485,11.212875,6.3357887,-2.6444662,4
0.799996242,10.002,27.493,3.9268,1.000104762,100.41,14.927389,0.24027458,9.388737,5.4064794,1.8277653,4
0.799996242,10.002,27.493,3.9268,1.000104762,100.41,13.589528,-0.06767922,11.049019,4.32552,1.2400814,3
0.799996242,10.002,27.493,3.9268,1.000104762,100.41,12.841144,0.39754462,11.040349,4.694097,1.1599991,2
0.799996242,10.002,27.493,3.9268,1.000104762,100.41,14.765043,-0.22700293,12.942336,3.770271,1.8612747,5
0.799996242,10.002,27.493,3.9268,1.000104762,100.41,13.885904,-0.39599654,8.81758,4.194292,1.0624098,1
0.799996162,10.003,12.84,3.9106,0.0,91.681,15.330818,-0.44880897,2.8500872,5.52976,-2.7783647,1
0.799996162,10.003,12.84,3.9106,0.0,91.681,13.578987,-1.2422962,3.940996,7.0392294,-3.2596297,2
0.799996162,10.003,12.84,3.9106,0.0,91.681,17.024885,-0.060387537,4.2429967,4.1407413,-3.5607862,5
0.799996162,10.003,12.84,3.9106,0.0,91.681,17.894922,-1.2293159,3.5467393,6.6123505,-3.3031206,4
0.799996162,10.003,12.84,3.9106,0.0,91.681,16.457724,-0.83726037,4.7581563,5.3542542,-3.3156023,3
0.799995953,10.003,2.87,3.9015,0.0,83.525,17.21905,-0.02616482,-0.50656044,3.8921466,-3.749022,5
0.799995953,10.003,2.87,3.9015,0.0,83.525,13.969755,-1.1585363,-2.4214416,7.278498,-3.7435546,2
0.799995953,10.003,2.87,3.9015,0.0,83.525,15.966874,-0.46868604,-2.9908862,6.587834,-3.2995253,1
0.799995953,10.003,2.87,3.9015,0.0,83.525,17.6221,-1.2182835,-2.6366982,6.1022124,-3.8314376,4
0.799995953,10.003,2.87,3.9015,0.0,83.525,17.015703,-1.1262692,-3.1461332,5.124796,-3.56384,3
0.799995742,10.003,-7.1778,3.87,0.0,66.967,13.5550995,-1.1725816,-18.083458,6.5259523,-3.145588,4
0.799995742,10.003,-7.1778,3.87,0.0,66.967,11.786152,-0.4929775,-29.187908,4.841563,-2.7626998,3
0.799995742,10.003,-7.1778,3.87,0.0,66.967,10.689811,-0.96759063,-17.319727,6.6597166,-2.6223898,2
0.799995742,10.003,-7.1778,3.87,0.0,66.967,11.607714,-0.53541857,-20.799166,5.761965,-2.262727,1
0.799995742,10.003,-7.1778,3.87,0.0,66.967,12.716441,-0.19432375,-21.199982,4.9549575,-3.2290452,5
0.799995414,10.002,-17.113,3.8412,0.0,37.952,8.959246,-0.19903535,-44.104965,4.85836,-3.096781,1
0.799995414,10.002,-17.113,3.8412,0.0,37.952,11.705184,-0.21307403,-41.83446,3.96763,-3.3018456,5
0.799995414,10.002,-17.113,3.8412,0.0,37.952,11.071173,-0.31325644,-43.974693,4.141405,-2.772474,3
0.799995414,10.002,-17.113,3.8412,0.0,37.952,11.062063,0.061228935,-40.114014,4.3645787,-3.6146033,4
0.799995414,10.002,-17.113,3.8412,0.0,37.952,9.33948,0.17069004,-43.415653,4.6433024,-2.9035788,2
0.799993061,10.004,0.79966,4.0222,0.0,97.76,13.540999,-0.78263795,10.294462,7.3578005,-2.607312,2
0.799993061,10.004,0.79966,4.0222,0.0,97.76,17.110437,-0.112120174,11.583688,5.615722,-3.1599665,5
0.799993061,10.004,0.79966,4.0222,0.0,97.76,14.062902,-0.4520072,8.45674,6.569288,-2.1801686,1
0.799993061,10.004,0.79966,4.0222,0.0,97.76,15.692424,-0.095349096,7.82364,7.212944,-2.367632,3
0.799993061,10.004,0.79966,4.0222,0.0,97.76,16.823324,-1.040496,6.137671,6.6321235,-3.4350922,4
0.701367979,10.002,3.6772,3.6267,8.998380952,95.328,14.297307,0.5176044,3.1981287,1.2976912,5.365303,2
0.701367979,10.002,3.6772,3.6267,8.998380952,95.328,16.71408,-0.0220167,2.3425305,1.4728837,3.8802254,3
0.701367979,10.002,3.6772,3.6267,8.998380952,95.328,15.616794,0.31411657,3.0418246,2.3562596,6.213528,4
0.701367979,10.002,3.6772,3.6267,8.998380952,95.328,14.978696,-0.067681074,1.7449857,2.2996106,5.588436,1
0.701367979,10.002,3.6772,3.6267,8.998380952,95.328,16.762894,-0.1335517,3.1553504,2.1961255,5.419776,5
0.701343607,10.004,4.4233,3.5658,11.99985714,95.322,16.956406,-0.44253698,3.358327,0.50548905,4.2478085,3
0.701343607,10.004,4.4233,3.5658,11.99985714,95.322,14.577192,-0.26687184,3.4858983,-0.62752134,6.233025,1
0.701343607,10.004,4.4233,3.5658,11.99985714,95.322,16.530018,-0.21795517,4.2089033,-0.4899127,6.6607513,5
0.701343607,10.004,4.4233,3.5658,11.99985714,95.322,14.2595415,-1.0245342,3.5941167,0.6286078,6.4244995,2
0.701343607,10.004,4.4233,3.5658,11.99985714,95.322,15.488674,-1.5392963,3.880471,-1.4122393,7.2961335,4
0.700758836,10.002,3.2448,3.6921,6.000766667,95.229,14.246901,0.47302353,2.319795,2.8711767,5.3383627,2
0.700758836,10.002,3.2448,3.6921,6.000766667,95.229,14.734628,-0.027932085,1.589179,2.9947298,4.4565954,1
0.700758836,10.002,3.2448,3.6921,6.000766667,95.229,16.815617,-0.13035348,2.2665162,3.1512446,5.119553,5
0.700758836,10.002,3.2448,3.6921,6.000766667,95.229,16.48831,-0.039114192,1.3617591,3.4746764,3.9668896,3
0.700758836,10.002,3.2448,3.6921,6.000766667,95.229,16.064394,0.34653413,1.0137566,3.7109272,5.628201,4
0.700494281,10.003,1.5094,3.7722,3.000052381,95.231,17.299374,0.24618469,2.0670247,3.2674246,4.620131,5
0.700494281,10.003,1.5094,3.7722,3.000052381,95.231,14.2902975,-0.6402286,1.0569835,4.3463774,4.1109657,1
0.700494281,10.003,1.5094,3.7722,3.000052381,95.231,16.04728,-0.62184274,2.9369001,4.1001377,3.1451898,3
0.700494281,10.003,1.5094,3.7722,3.000052381,95.231,16.487356,-1.2471653,1.3496687,4.676952,5.0670934,4
0.700494281,10.003,1.5094,3.7722,3.000052381,95.231,13.716752,-0.51403904,2.6294372,4.923798,4.433355,2
0.700184704,10.003,26.68,3.8541,1.000142857,98.471,13.562701,-1.335391,10.4188595,4.2326856,2.7878215,4
0.700184704,10.003,26.68,3.8541,1.000142857,98.471,13.512305,-0.7575314,10.40963,3.7490957,1.9273534,3
0.700184704,10.003,26.68,3.8541,1.000142857,98.471,12.25258,-0.8049244,8.724948,3.806166,2.270567,1
0.700184704,10.003,26.68,3.8541,1.000142857,98.471,13.661899,-0.12505543,12.309614,3.1533604,3.0627272,5
0.700184704,10.003,26.68,3.8541,1.000142857,98.471,12.014129,-1.5160499,10.345147,4.445057,2.8684287,2
0.700150022,2.003,26.705,3.8542,0.999873333,101.41,11.797796,1.3498497,11.370974,4.8606486,1.3059795,2
0.700150022,2.003,26.705,3.8542,0.999873333,101.41,12.836069,2.6363769,10.928701,3.6266737,1.2640759,3
0.700150022,2.003,26.705,3.8542,0.999873333,101.41,13.406601,1.0737811,12.870355,3.7524166,1.7274656,5
0.700150022,2.003,26.705,3.8542,0.999873333,101.41,12.0542965,2.8938267,9.517293,3.7051685,2.307212,1
0.700150022,2.003,26.705,3.8542,0.999873333,101.41,13.182558,2.9198365,11.229406,4.1445737,1.9459676,4
0.700133001,10.002,41.636,3.8621,1.000111,102.29,13.052229,-0.3106783,15.960763,3.6952977,2.0050325,5
0.700133001,10.002,41.636,3.8621,1.000111,102.29,11.304045,0.43229237,15.120952,4.634852,1.5335321,2
0.700133001,10.002,41.636,3.8621,1.000111,102.29,13.332771,0.23776305,13.577335,4.3073535,2.383842,4
0.700133001,10.002,41.636,3.8621,1.000111,102.29,12.475208,-0.029685834,15.6668625,3.886018,1.1298364,3
0.700133001,10.002,41.636,3.8621,1.000111,102.29,11.818501,-0.27392226,13.222708,4.083635,0.83557314,1
0.700121835,10.002,0.66091,3.8446,1.000099524,95.418,13.698862,-0.23170255,5.507741,4.9916825,0.8244948,3
0.700121835,10.002,0.66091,3.8446,1.000099524,95.418,16.002594,0.34677556,3.1212022,6.0755377,2.0648508,4
0.700121835,10.002,0.66091,3.8446,1.000099524,95.418,13.050314,0.28574723,6.6266904,5.3931475,1.3555263,2
0.700121835,10.002,0.66091,3.8446,1.000099524,95.418,15.787529,-0.32052985,8.614588,4.164787,1.8316952,5
0.700121835,10.002,0.66091,3.8446,1.000099524,95.418,13.379618,0.011003513,4.597798,5.1119657,1.2556347,1
0.69999618,30.003,27.618,3.9069,0.0,96.594,13.598263,-1.182234,11.469839,6.2531104,-2.7677777,4
0.69999618,30.003,27.618,3.9069,0.0,96.594,12.7543335,-0.13831504,13.253926,3.717287,-2.963912,5
0.69999618,30.003,27.618,3.9069,0.0,96.594,12.127763,-0.41017926,11.069756,5.1450224,-2.6979375,3
0.69999618,30.003,27.618,3.9069,0.0,96.594,11.436275,-1.4017212,11.651496,6.7918572,-2.4127448,2
0.69999618,30.003,27.618,3.9069,0.0,96.594,11.256545,-0.3053194,10.161635,5.211134,-2.618274,1
0.699996162,10.003,12.722,3.8326,0.0,89.493,14.575175,-0.65340084,2.5838263,5.117393,-3.3301945,3
0.699996162,10.003,12.722,3.8326,0.0,89.493,15.24424,0.047188327,4.3128934,4.0118246,-3.562815,5
0.699996162,10.003,12.722,3.8326,0.0,89.493,13.862261,-1.1926491,2.260193,5.8024254,-3.5609004,2
0.699996162,10.003,12.722,3.8326,0.0,89.493,16.201303,-1.3723099,3.5293913,5.205241,-3.5805123,4
0.699996162,10.003,12.722,3.8326,0.0,89.493,12.789022,-0.44880897,2.474496,5.091983,-3.275413,1
0.699995953,10.002,2.8241,3.8139,0.0,81.501,15.782025,0.30509266,-2.9580925,5.520552,-4.1215286,4
0.699995953,10.002,2.8241,3.8139,0.0,81.501,14.972807,0.0006356118,-3.4401522,5.6818423,-3.4559188,3
0.699995953,10.002,2.8241,3.8139,0.0,81.501,15.037203,-0.26073664,-1.7461113,4.041938,-3.8975947,5
0.699995953,10.002,2.8241,3.8139,0.0,81.501,12.655031,0.038087457,-4.309577,5.8579817,-3.7903948,1
0.699995953,10.002,2.8241,3.8139,0.0,81.501,12.430393,0.4043664,-2.977871,5.981667,-3.9887903,2
0.699995414,10.002,-17.098,3.7543,0.0,34.323,7.1286607,-0.18309015,-44.09987,3.5149453,-3.2191446,1
0.699995414,10.002,-17.098,3.7543,0.0,34.323,9.8767605,-0.3264725,-43.57773,3.0141225,-3.0852501,3
0.699995414,10.002,-17.098,3.7543,0.0,34.323,10.986206,0.08356655,-39.795395,3.7569103,-3.5931263,4
0.699995414,10.002,-17.098,3.7543,0.0,34.323,9.747644,-0.252371,-41.14672,2.7125964,-3.5548484,5
0.699995414,10.002,-17.098,3.7543,0.0,34.323,7.578685,0.17707147,-43.1811,2.6275425,-3.451804,2
0.699993072,10.002,0.94299,3.9166,0.0,95.805,16.5486,0.38574767,6.172873,7.8180285,-3.4247992,4
0.699993072,10.002,0.94299,3.9166,0.0,95.805,12.281086,0.17288446,9.191193,6.4098225,-2.6932108,1
0.699993072,10.002,0.94299,3.9166,0.0,95.805,14.5299835,-0.28670824,13.59097,4.775926,-3.3216755,5
0.699993072,10.002,0.94299,3.9166,0.0,95.805,11.841829,0.42068473,12.032355,7.740125,-2.5557241,2
0.699993072,10.002,0.94299,3.9166,0.0,95.805,13.532848,-0.07747808,7.731523,5.9088426,-2.7661884,3
0.699991373,10.003,-7.1122,3.7802,0.0,61.358,11.707296,-1.1677617,-18.499987,5.487663,-3.4580793,4
0.699991373,10.003,-7.1122,3.7802,0.0,61.358,7.254021,-0.8053481,-16.983501,4.25915,-2.798094,1
0.699991373,10.003,-7.1122,3.7802,0.0,61.358,9.0866375,-1.0086933,-20.195965,5.412603,-2.9746401,2
0.699991373,10.003,-7.1122,3.7802,0.0,61.358,10.780738,-0.097248755,-21.095564,4.7231727,-3.2329514,5
0.699991373,10.003,-7.1122,3.7802,0.0,61.358,10.400257,-0.752199,-21.268433,5.46898,-2.712443,3
0.601343616,10.003,4.0702,3.5484,9.00032381,92.439,14.811645,-0.16285102,3.2550755,-0.44707647,6.7614465,5
0.601343616,10.003,4.0702,3.5484,9.00032381,92.439,15.037522,-1.5489254,3.6522963,-1.868703,7.4955773,4
0.601343616,10.003,4.0702,3.5484,9.00032381,92.439,13.0273695,-1.326182,3.4161587,0.0136228725,6.7084603,2
0.601343616,10.003,4.0702,3.5484,9.00032381,92.439,15.332215,-1.0352132,3.3060477,0.27420935,4.35775,3
0.601343616,10.003,4.0702,3.5484,9.00032381,92.439,12.742838,-0.6927768,2.3096166,-0.74259573,6.1139574,1
0.601343612,10.002,4.5069,3.4859,12.00195238,92.319,15.006373,0.4037769,4.298067,-3.0212924,7.4618917,4
0.601343612,10.002,4.5069,3.4859,12.00195238,92.319,15.289558,-0.005611582,2.9608722,-1.2369131,5.594468,3
0.601343612,10.002,4.5069,3.4859,12.00195238,92.319,14.569206,-0.31111956,4.325114,-1.0931995,7.419839,5
0.601343612,10.002,4.5069,3.4859,12.00195238,92.319,12.63455,-0.2068605,3.3505223,-2.6194108,6.31357,1
0.601343612,10.002,4.5069,3.4859,12.00195238,92.319,12.964656,0.54598904,3.4083462,-3.125298,7.520078,2
0.600786686,10.001,3.2405,3.6155,6.000909524,92.481,14.930411,-0.0610463,1.6826186,0.9845331,4.03114,3
0.600786686,10.001,3.2405,3.6155,6.000909524,92.481,15.358283,-0.12697197,0.55214214,0.11924175,7.3561597,4
0.600786686,10.001,3.2405,3.6155,6.000909524,92.481,12.823622,-0.070115775,1.2753495,0.99460715,5.4508224,1
0.600786686,10.001,3.2405,3.6155,6.000909524,92.481,12.75168,0.35872108,2.2749844,1.0026304,6.0134125,2
0.600786686,10.001,3.2405,3.6155,6.000909524,92.481,14.748028,0.51221836,2.165131,1.6564093,5.7606735,5
0.600508204,10.001,2.1653,3.7003,3.000035,92.676,14.533536,-0.23049812,1.842948,3.8839638,3.594499,3
0.600508204,10.001,2.1653,3.7003,3.000035,92.676,14.966343,0.30415693,3.0427353,2.999995,4.593436,5
0.600508204,10.001,2.1653,3.7003,3.000035,92.676,12.802384,-0.09437496,0.87325656,3.8348467,3.9616547,1
0.600508204,10.001,2.1653,3.7003,3.000035,92.676,12.115605,0.120167226,2.1933143,3.568887,5.021377,2
0.600508204,10.001,2.1653,3.7003,3.000035,92.676,15.90379,-0.15261835,1.6806031,4.442451,5.215373,4
0.600197559,10.002,41.67,3.7615,0.999881,99.492,10.218363,0.3870823,15.129995,4.1148963,1.3515925,2
0.600197559,10.002,41.67,3.7615,0.999881,99.492,11.050225,0.10800414,15.551044,3.6323907,0.960576,3
0.600197559,10.002,41.67,3.7615,0.999881,99.492,10.4090805,-0.1839726,13.289564,3.2138834,2.1545274,1
0.600197559,10.002,41.67,3.7615,0.999881,99.492,11.712389,-0.33254164,16.826563,3.143731,1.5747434,5
0.600197559,10.002,41.67,3.7615,0.999881,99.492,12.830402,0.23638788,14.446145,3.7697766,1.4313233,4
0.600194932,10.002,0.66591,3.7739,1.000101905,92.892,15.44649,0.3312224,2.72308,4.8727956,1.7784497,4
0.600194932,10.002,0.66591,3.7739,1.000101905,92.892,13.903882,-0.34966218,7.7156353,3.4724913,1.8841187,5
0.600194932,10.002,0.66591,3.7739,1.000101905,92.892,13.176926,-0.12859127,5.3542585,4.698679,0.6923262,3
0.600194932,10.002,0.66591,3.7739,1.000101905,92.892,12.125718,0.28574723,6.698015,5.0390806,1.7980437,2
0.600194932,10.002,0.66591,3.7739,1.000101905,92.892,11.494288,0.07241543,4.07613,4.318158,1.6033489,1
0.600115407,2.001,26.196,3.7553,1.000105714,98.914,10.856759,1.533595,10.831662,3.9680784,1.7102838,2
0.600115407,2.001,26.196,3.7553,1.000105714,98.914,13.420797,2.854377,10.174526,3.8094766,1.8062546,4
0.600115407,2.001,26.196,3.7553,1.000105714,98.914,10.721446,3.133767,8.189828,3.1055858,1.7694708,1
0.600115407,2.001,26.196,3.7553,1.000105714,98.914,12.293422,1.0151347,11.364406,3.1668057,2.106245,5
0.600115407,2.001,26.196,3.7553,1.000105714,98.914,11.233385,2.6333504,10.048524,3.547244,1.2584459,3
0.600000088,10.003,27.159,3.7709,0.95227381,95.775,11.903905,-0.22434546,13.665679,2.7214937,-0.28062162,5
0.600000088,10.003,27.159,3.7709,0.95227381,95.775,10.23179,-1.20288,9.2953615,3.1216185,2.1687021,1
0.600000088,10.003,27.159,3.7709,0.95227381,95.775,11.373063,-1.1637439,10.926704,3.558225,0.57899517,3
0.600000088,10.003,27.159,3.7709,0.95227381,95.775,10.77419,-1.4048485,10.155294,4.3219547,1.8861706,2
0.600000088,10.003,27.159,3.7709,0.95227381,95.775,12.860022,-1.5942956,10.974289,3.5901763,1.2440425,4
0.600000026,30.002,27.581,3.8096,0.0,93.574,12.073118,-0.15565708,13.868608,3.5766268,-3.0192468,5
0.600000026,30.002,27.581,3.8096,0.0,93.574,9.902328,-0.46932107,10.111583,4.9388347,-2.647822,1
0.600000026,30.002,27.581,3.8096,0.0,93.574,10.373548,-1.4155407,11.534863,5.304604,-2.6948612,2
0.600000026,30.002,27.581,3.8096,0.0,93.574,11.411596,-0.6865708,10.522269,5.1802435,-2.6813686,3
0.600000026,30.002,27.581,3.8096,0.0,93.574,9.7303,-1.4799058,10.523103,4.965833,-2.8927217,4
0.599995953,10.003,2.7072,3.7191,0.0,78.948,10.221953,-0.6676087,-3.8778872,4.203452,-4.1951513,1
0.599995953,10.003,2.7072,3.7191,0.0,78.948,12.785149,-1.3745947,-2.2693398,5.184605,-3.953214,4
0.599995953,10.003,2.7072,3.7191,0.0,78.948,11.144743,0.13527864,-0.910125,3.7729032,-4.2984223,5
0.599995953,10.003,2.7072,3.7191,0.0,78.948,11.015725,-1.177143,-3.0351255,4.943454,-4.4517565,3
0.599995953,10.003,2.7072,3.7191,0.0,78.948,11.076811,-1.0619928,-2.3984537,4.298117,-4.3293924,2
0.599995414,10.002,-17.223,3.6813,0.0,30.112,6.497735,-0.3316741,-40.989742,1.3672016,-4.412844,5
0.599995414,10.002,-17.223,3.6813,0.0,30.112,6.3118677,-0.18341145,-44.10474,2.4420002,-3.7398868,3
0.599995414,10.002,-17.223,3.6813,0.0,30.112,5.926751,-0.22973853,-42.681633,0.91100943,-4.203179,1
0.599995414,10.002,-17.223,3.6813,0.0,30.112,7.463309,0.2120856,-43.14672,1.0152888,-3.5432081,2
0.599995414,10.002,-17.223,3.6813,0.0,30.112,9.03825,0.114732906,-38.737846,4.2451544,-3.347598,4
0.599991373,10.002,-7.2421,3.6851,0.0,54.759,6.156735,-0.24629286,-32.267044,1.9558444,-4.253368,5
0.599991373,10.002,-7.2421,3.6851,0.0,54.759,8.494403,0.5511145,-29.478716,3.046235,-3.0232444,2
0.599991373,10.002,-7.2421,3.6851,0.0,54.759,9.417696,0.33667043,-25.471163,4.6790056,-3.1655717,4
0.599991373,10.002,-7.2421,3.6851,0.0,54.759,9.373157,-0.0037198775,-34.031704,4.0992584,-3.3408463,3
0.599991373,10.002,-7.2421,3.6851,0.0,54.759,7.3305707,-0.009454273,-26.868721,2.5441186,-3.6749246,1
0.59998612,10.002,1.2099,3.8332,0.0,93.252,11.870607,0.14955369,4.2010703,6.5973735,-3.4321976,1
0.59998612,10.002,1.2099,3.8332,0.0,93.252,14.006555,0.4780523,3.8336787,6.766084,-3.4671633,4
0.59998612,10.002,1.2099,3.8332,0.0,93.252,9.427965,-0.5077425,5.439404,4.757461,-4.106417,5
0.59998612,10.002,1.2099,3.8332,0.0,93.252,12.578191,0.2396267,5.581978,6.5826693,-2.7577388,2
0.59998612,10.002,1.2099,3.8332,0.0,93.252,13.81942,0.19612789,4.8548203,6.1654377,-2.9488065,3
0.599984578,10.001,12.807,3.7227,0.0,86.68,10.947786,0.088740215,4.4134655,4.7497783,-3.7944596,3
0.599984578,10.001,12.807,3.7227,0.0,86.68,11.469855,0.5586604,4.018412,3.9705737,-3.6432827,2
0.599984578,10.001,12.807,3.7227,0.0,86.68,12.708475,0.000819698,3.4681697,4.585855,-3.449517,4
0.599984578,10.001,12.807,3.7227,0.0,86.68,9.829904,0.28584385,4.55351,3.6963012,-4.277881,5
0.599984578,10.001,12.807,3.7227,0.0,86.68,11.125735,-0.4542279,3.2529538,3.4551542,-3.894779,1
0.501340141,10.002,4.2862,3.4531,9.00222381,88.962,10.973714,-0.28366694,3.775569,-1.3438448,7.7840114,5
0.501340141,10.002,4.2862,3.4531,9.00222381,88.962,12.098926,0.58587825,2.9282699,-3.7721338,7.4932814,2
0.501340141,10.002,4.2862,3.4531,9.00222381,88.962,11.558207,-0.20573284,2.366875,-3.316934,6.1737657,1
0.501340141,10.002,4.2862,3.4531,9.00222381,88.962,12.411742,0.0468541,2.4593248,-1.7034912,6.015904,3
0.501340141,10.002,4.2862,3.4531,9.00222381,88.962,11.663744,0.4983699,4.1990128,-3.1949687,7.158652,4
0.501305325,10.002,4.2512,3.39,12.00157143,88.74,11.627125,-0.25260562,2.8015115,-3.5605786,6.043677,1
0.501305325,10.002,4.2512,3.39,12.00157143,88.74,11.933774,0.45680287,3.9384685,-3.9770117,7.460685,4
0.501305325,10.002,4.2512,3.39,12.00157143,88.74,12.255523,0.087540925,2.9391296,-3.161139,6.1866884,3
0.501305325,10.002,4.2512,3.39,12.00157143,88.74,11.421331,-0.4080447,3.5065546,-2.6507418,7.9240966,5
0.501305325,10.002,4.2512,3.39,12.00157143,88.74,12.523904,0.5910637,3.6291564,-5.629823,7.3657517,2
0.500783209,10.002,2.9739,3.5264,6.00082,89.703,12.881691,0.24821441,0.053172633,0.26631847,5.0321326,3
0.500783209,10.002,2.9739,3.5264,6.00082,89.703,11.882425,-0.13258077,0.18908083,-1.2166561,6.2262654,1
0.500783209,10.002,2.9739,3.5264,6.00082,89.703,11.351823,-0.15035832,1.9447072,-0.48624167,7.933439,5
0.500783209,10.002,2.9739,3.5264,6.00082,89.703,11.950377,0.5258241,-0.018492594,-0.067258745,7.283688,2
0.500783209,10.002,2.9739,3.5264,6.00082,89.703,11.2217455,0.39270028,-1.0454353,-1.0417149,7.8091865,4
0.500504723,10.002,2.0998,3.6081,3.00002,89.673,10.907705,0.35334343,1.7563865,1.3159872,5.3523197,2
0.500504723,10.002,2.0998,3.6081,3.00002,89.673,11.737523,-0.04070297,0.642851,1.6971418,4.4918733,1
0.500504723,10.002,2.0998,3.6081,3.00002,89.673,11.970128,0.21069176,1.585517,1.2433006,3.778505,3
0.500504723,10.002,2.0998,3.6081,3.00002,89.673,11.967758,0.39801124,1.8661488,0.71601844,5.9698167,4
0.500504723,10.002,2.0998,3.6081,3.00002,89.673,11.094835,-0.20307648,2.6384504,1.7748536,5.504151,5
0.500170976,10.002,41.062,3.6741,1.000072,96.69,8.113471,-0.2972816,15.940717,2.6060073,2.7146132,5
0.500170976,10.002,41.062,3.6741,1.000072,96.69,9.128896,-0.18261066,12.727707,1.7870748,2.1403868,1
0.500170976,10.002,41.062,3.6741,1.000072,96.69,8.994272,0.2937615,14.043018,3.3156896,1.2337866,4
0.500170976,10.002,41.062,3.6741,1.000072,96.69,8.204618,0.5313603,15.101575,2.4847736,1.3412988,2
0.500170976,10.002,41.062,3.6741,1.000072,96.69,7.64691,0.16161068,15.222628,3.593489,0.59659845,3
0.500153935,10.002,26.856,3.6662,0.999850952,92.781,7.664016,0.14308102,10.69204,3.4246168,0.84162515,3
0.500153935,10.002,26.856,3.6662,0.999850952,92.781,8.101665,-0.22395061,12.944773,2.1361082,2.0628228,5
0.500153935,10.002,26.856,3.6662,0.999850952,92.781,8.864914,0.6109014,11.0475025,2.4230905,2.0538538,2
0.500153935,10.002,26.856,3.6662,0.999850952,92.781,9.16752,0.40275055,11.048742,3.3721142,2.0239782,4
0.500153935,10.002,26.856,3.6662,0.999850952,92.781,9.010246,-0.21518047,8.221072,1.5709356,3.2776806,1
0.500153869,2.002,26.075,3.6677,1.000107143,96.143,8.461026,2.8216074,9.384687,3.3214796,2.4829447,3
0.500153869,2.002,26.075,3.6677,1.000107143,96.143,9.8038845,2.9499476,9.973743,3.2720873,1.9697071,4
0.500153869,2.002,26.075,3.6677,1.000107143,96.143,8.993363,3.1381598,7.7622447,1.7705013,2.6488209,1
0.500153869,2.002,26.075,3.6677,1.000107143,96.143,8.663654,1.0503948,10.933861,2.745121,3.1392689,5
0.500153869,2.002,26.075,3.6677,1.000107143,96.143,8.763193,1.6391531,10.419674,2.397725,2.3163645,2
0.500121835,10.001,0.48023,3.6857,1.000085,89.868,10.217818,0.34742668,4.3296123,3.7069619,1.5666028,2
0.500121835,10.001,0.48023,3.6857,1.000085,89.868,9.797303,-0.17188689,4.97798,4.8428764,0.65617126,3
0.500121835,10.001,0.48023,3.6857,1.000085,89.868,9.991796,0.03142827,-11.778149,3.8077176,1.0764829,4
0.500121835,10.001,0.48023,3.6857,1.000085,89.868,9.554857,-0.21129483,3.3446727,3.5368857,2.096726,1
0.500121835,10.001,0.48023,3.6857,1.000085,89.868,9.858784,0.29079616,5.2177763,3.1874294,2.9359326,5
0.500000111,10.003,-7.096,3.618,0.0,45.937,5.370083,-0.66130924,-15.485016,0.5726716,-3.8069077,1
0.500000111,10.003,-7.096,3.618,0.0,45.937,8.364417,-1.4294192,-19.371576,-2.6157572,-4.8227277,4
0.500000111,10.003,-7.096,3.618,0.0,45.937,3.8182507,-0.0045656147,-20.445908,0.5268888,-4.642068,5
0.500000111,10.003,-7.096,3.618,0.0,45.937,6.244475,-1.4662288,-21.695337,-0.5220871,-3.9599652,2
0.500000111,10.003,-7.096,3.618,0.0,45.937,4.5222797,-1.6063293,-21.402004,0.29528075,-3.463483,3
0.500000097,10.002,-17.313,3.6251,0.0,25.413,5.322692,-0.05840321,-43.100216,-0.29216862,-3.3582883,3
0.500000097,10.002,-17.313,3.6251,0.0,25.413,4.3353395,-0.3614109,-40.5197,0.1302793,-4.784891,5
0.500000097,10.002,-17.313,3.6251,0.0,25.413,4.560255,-0.32214648,-43.32633,-0.47924617,-4.381049,1
0.500000097,10.002,-17.313,3.6251,0.0,25.413,5.6336646,0.29775614,-43.531,-1.3274018,-3.9842894,2
0.500000097,10.002,-17.313,3.6251,0.0,25.413,7.909735,0.070242986,-39.89523,-3.3762128,-4.649096,4
0.500000026,30.002,27.745,3.7168,0.0,89.91,7.123072,-0.059006236,13.418464,3.8489027,-3.70332,5
0.500000026,30.002,27.745,3.7168,0.0,89.91,9.771259,-1.5834633,11.294983,4.2235694,-2.8489861,4
0.500000026,30.002,27.745,3.7168,0.0,89.91,7.5336905,-1.8220087,12.4091,3.1364706,-3.0619445,2
0.500000026,30.002,27.745,3.7168,0.0,89.91,8.39068,-0.448165,9.53413,3.529101,-2.9951916,1
0.500000026,30.002,27.745,3.7168,0.0,89.91,6.547842,-1.0626545,10.750681,4.601272,-3.3516014,3
0.499982648,10.002,0.56926,3.7414,0.0,90.168,9.96548,0.20146286,6.445532,5.902886,-3.0006592,3
0.499982648,10.002,0.56926,3.7414,0.0,90.168,9.654844,0.04092734,5.0579963,5.5857334,-3.1428945,1
0.499982648,10.002,0.56926,3.7414,0.0,90.168,11.540013,0.5141565,0.62600803,5.260183,-3.3822272,4
0.499982648,10.002,0.56926,3.7414,0.0,90.168,9.776461,-0.3331738,8.692003,4.9284215,-3.9694085,5
0.499982648,10.002,0.56926,3.7414,0.0,90.168,9.656223,0.5227899,6.7253685,4.775664,-3.1506553,2
0.499980717,10.001,12.785,3.6281,0.523727619,83.338,9.536943,-0.46534708,2.0609727,1.1339451,-0.6189486,1
0.499980717,10.001,12.785,3.6281,0.523727619,83.338,8.44269,0.072647594,2.0792558,2.0187783,-3.6204238,3
0.499980717,10.001,12.785,3.6281,0.523727619,83.338,9.609583,0.12984534,3.408508,1.571536,0.5766317,4
0.499980717,10.001,12.785,3.6281,0.523727619,83.338,8.115246,0.575301,2.7887855,1.0466255,0.89022905,2
0.499980717,10.001,12.785,3.6281,0.523727619,83.338,9.87069,0.5611852,4.36481,1.3847241,-0.9288836,5
0.499979419,10.001,2.778,3.6384,0.0,75.089,9.888524,0.27108803,-1.3943617,1.977494,-4.9770665,5
0.499979419,10.001,2.778,3.6384,0.0,75.089,8.939689,0.11676502,-4.3772106,2.342899,-3.9339464,3
0.499979419,10.001,2.778,3.6384,0.0,75.089,9.666945,-0.41153815,-4.619598,2.3535423,-5.2167015,1
0.499979419,10.001,2.778,3.6384,0.0,75.089,11.142893,-0.1728149,-2.6566114,2.4304116,-4.9749036,4
0.499979419,10.001,2.778,3.6384,0.0,75.089,8.490888,0.688744,-3.174582,1.6868882,-4.612629,2
0.401336664,10.001,3.6419,3.3612,8.998114286,85.158,9.965307,-0.04728816,2.1610968,-2.1276104,7.661681,4
0.401336664,10.001,3.6419,3.3612,8.998114286,85.158,10.253904,0.04626658,1.6389204,-2.0949743,6.107751,3
0.401336664,10.001,3.6419,3.3612,8.998114286,85.158,10.158573,-0.030159656,2.467016,-5.192635,6.025271,1
0.401336664,10.001,3.6419,3.3612,8.998114286,85.158,10.146843,0.57830167,3.0882058,-5.199981,7.2334104,2
0.401336664,10.001,3.6419,3.3612,8.998114286,85.158,11.465785,0.29970178,2.5114226,-1.7882321,6.857998,5
0.40130185,10.002,4.8899,3.2971,11.99985714,84.735,10.309083,0.5704797,3.5566428,-7.7513967,7.1631055,2
0.40130185,10.002,4.8899,3.2971,11.99985714,84.735,11.290796,0.12002158,2.6967242,-5.6546736,5.9512367,3
0.40130185,10.002,4.8899,3.2971,11.99985714,84.735,9.874874,-0.22509079,3.7414632,-7.930264,5.9427366,1
0.40130185,10.002,4.8899,3.2971,11.99985714,84.735,10.48316,0.45263097,3.5888045,-4.4765596,6.83614,4
0.40130185,10.002,4.8899,3.2971,11.99985714,84.735,12.050423,-0.40811428,5.2648435,-7.4223347,6.439435,5
0.400779733,10.002,3.147,3.4327,6.000865,86.01,10.170091,-0.25119308,1.3629152,-2.7850282,5.565911,1
0.400779733,10.002,3.147,3.4327,6.000865,86.01,10.392785,0.21315424,1.2675493,-3.9550607,6.346338,3
0.400779733,10.002,3.147,3.4327,6.000865,86.01,9.859543,0.63422775,0.7358759,-5.0112834,8.282838,2
0.400779733,10.002,3.147,3.4327,6.000865,86.01,11.316015,-0.3430164,1.9268693,-4.9708505,7.9863625,5
0.400779733,10.002,3.147,3.4327,6.000865,86.01,9.806163,0.40300202,-2.0787666,-5.315687,7.804364,4
0.400501242,10.002,1.7116,3.5161,3.00001,86.646,8.83296,0.4396134,1.1466026,-0.54291266,6.504987,2
0.400501242,10.002,1.7116,3.5161,3.00001,86.646,10.246186,0.36537704,1.8211178,-1.0467421,6.2836847,4
0.400501242,10.002,1.7116,3.5161,3.00001,86.646,10.106894,0.23258431,2.542379,-0.8216857,4.4323354,3
0.400501242,10.002,1.7116,3.5161,3.00001,86.646,10.36883,-0.17192358,0.29390213,-3.2739768,5.4752197,1
0.400501242,10.002,1.7116,3.5161,3.00001,86.646,11.46422,-0.5078882,0.8981843,-0.05617263,6.373849,5
0.400153869,2.002,26.069,3.5949,1.000112381,93.59,8.331411,3.0801618,8.039439,0.5870623,2.487543,1
0.400153869,2.002,26.069,3.5949,1.000112381,93.59,7.7148967,2.869365,10.091738,1.1479453,2.0572493,3
0.400153869,2.002,26.069,3.5949,1.000112381,93.59,7.8352885,1.8072822,11.203945,0.6404225,2.796587,2
0.400153869,2.002,26.069,3.5949,1.000112381,93.59,8.688576,1.1744316,10.668682,1.751668,3.7084785,5
0.400153869,2.002,26.069,3.5949,1.000112381,93.59,8.233568,3.032546,10.320099,0.3415713,3.9004729,4
0.400144393,10.002,41.325,3.6038,0.99989,94.157,6.6861253,0.2861758,15.828481,0.6929056,0.6319209,3
0.400144393,10.002,41.325,3.6038,0.99989,94.157,6.376285,0.5871429,15.595217,0.93153435,1.553257,2
0.400144393,10.002,41.325,3.6038,0.99989,94.157,8.090933,-0.25839102,13.190382,0.39069787,2.430301,1
0.400144393,10.002,41.325,3.6038,0.99989,94.157,7.959382,-0.25944173,16.151867,1.1952064,2.4605637,5
0.400144393,10.002,41.325,3.6038,0.99989,94.157,7.7208285,0.28177354,15.063458,0.47269544,3.0050712,4
0.400118354,10.003,0.73242,3.5974,1.000109,87.006,10.698478,-1.5155182,3.7572632,0.7427267,4.3777866,4
0.400118354,10.003,0.73242,3.5974,1.000109,87.006,6.5962496,-1.3548317,6.5708303,0.75385374,2.8883502,2
0.400118354,10.003,0.73242,3.5974,1.000109,87.006,9.3538685,-1.3420066,5.2276278,0.42685366,2.2607427,3
0.400118354,10.003,0.73242,3.5974,1.000109,87.006,8.326051,-0.88696295,4.7411194,1.728253,1.812097,1
0.400118354,10.003,0.73242,3.5974,1.000109,87.006,10.42167,0.030478742,7.722032,1.4371163,3.437116,5
0.400115473,10.003,26.259,3.5937,0.9998735,89.868,6.3884816,-1.4845358,11.107365,1.6379333,0.94754785,3
0.400115473,10.003,26.259,3.5937,0.9998735,89.868,8.261669,-1.6117566,10.871769,0.36743158,3.1410697,4
0.400115473,10.003,26.259,3.5937,0.9998735,89.868,6.010493,-1.839874,10.65176,0.9210855,2.000707,2
0.400115473,10.003,26.259,3.5937,0.9998735,89.868,8.535114,-0.27391595,10.470063,0.8978098,1.7110572,5
0.400115473,10.003,26.259,3.5937,0.9998735,89.868,7.5398135,-1.1033204,7.803292,0.45327356,2.6892457,1
0.400009464,10.002,-17.2,3.5725,0.0,20.359,3.748767,-0.31049377,-40.18232,-3.2012784,-5.8255386,5
0.400009464,10.002,-17.2,3.5725,0.0,20.359,4.0372453,0.07027387,-39.539333,-5.6574383,-5.234461,4
0.400009464,10.002,-17.2,3.5725,0.0,20.359,2.026968,0.2895948,-42.739708,-2.6737678,-4.527878,2
0.400009464,10.002,-17.2,3.5725,0.0,20.359,5.515297,0.16537695,-43.175182,-1.1572562,-3.325243,3
0.400009464,10.002,-17.2,3.5725,0.0,20.359,2.5218668,-0.39500514,-43.18438,-4.676714,-4.826926,1
0.400000111,10.001,-7.2224,3.561,0.0,35.365,4.3952327,0.6161249,-30.003202,-2.436694,-5.6386585,5
0.400000111,10.001,-7.2224,3.561,0.0,35.365,4.3778887,-0.19469757,-26.465271,-5.7327337,-5.269058,4
0.400000111,10.001,-7.2224,3.561,0.0,35.365,2.715697,0.5453761,-28.952538,-3.654947,-4.6658216,2
0.400000111,10.001,-7.2224,3.561,0.0,35.365,3.6003997,-0.47406426,-28.351358,-4.7478647,-4.5831785,1
0.400000111,10.001,-7.2224,3.561,0.0,35.365,5.1569395,0.12700807,-34.546417,-1.5831642,-3.3760483,3
0.400000026,30.001,27.822,3.643,0.0,86.528,6.9005237,-1.1567945,12.39784,1.7727427,-3.0848217,3
0.400000026,30.001,27.822,3.643,0.0,86.528,3.5886457,-0.2915019,12.77522,1.8861871,-4.07964,5
0.400000026,30.001,27.822,3.643,0.0,86.528,6.60988,-1.567683,12.845356,3.3690035,-3.2382283,4
0.400000026,30.001,27.822,3.643,0.0,86.528,6.3270135,-0.430344,11.036793,1.4994932,-3.6439877,1
0.400000026,30.001,27.822,3.643,0.0,86.528,3.8566566,-1.8665477,13.694523,3.1460664,-3.0142205,2
0.39999182,10.003,2.8287,3.5792,0.0,61.822,7.7366757,-1.575149,-3.4643717,-3.3719633,-5.9137588,4
0.39999182,10.003,2.8287,3.5792,0.0,61.822,5.352303,-1.7691501,-4.1982207,1.77211,-4.701088,2
0.39999182,10.003,2.8287,3.5792,0.0,61.822,5.5912547,-0.7902559,-5.770436,-2.2171412,-5.6179585,1
0.39999182,10.003,2.8287,3.5792,0.0,61.822,5.172024,-0.15438083,-1.7000601,-2.986543,-5.8242626,5
0.39999182,10.003,2.8287,3.5792,0.0,61.822,6.07191,-2.180297,-6.1238265,-0.6002199,-4.3898587,3
0.399979176,10.002,1.0899,3.6544,0.0,87.399,5.6087036,-0.3464136,8.05441,2.8186154,-4.693986,5
0.399979176,10.002,1.0899,3.6544,0.0,87.399,6.012675,0.5339871,8.629107,4.440033,-3.0888338,2
0.399979176,10.002,1.0899,3.6544,0.0,87.399,7.719654,0.037302244,6.937465,3.2779531,-4.180943,1
0.399979176,10.002,1.0899,3.6544,0.0,87.399,8.215792,0.3583145,6.8472896,3.923066,-2.9207358,3
0.399979176,10.002,1.0899,3.6544,0.0,87.399,10.3679,0.58941257,4.3231792,5.7491164,-3.6287909,4
0.399976856,10.002,12.786,3.5786,0.0,79.337,7.5273232,0.50554544,2.3115332,0.3188316,-3.6670663,3
0.399976856,10.002,12.786,3.5786,0.0,79.337,10.172993,0.55398875,4.426203,-3.52541,-5.065498,4
0.399976856,10.002,12.786,3.5786,0.0,79.337,8.183632,-0.11466409,2.6268883,-1.6478584,-5.2657156,1
0.399976856,10.002,12.786,3.5786,0.0,79.337,6.9985256,0.62963516,3.2509933,1.8956671,-4.0504713,2
0.399976856,10.002,12.786,3.5786,0.0,79.337,6.5691924,-0.30269372,4.884481,-2.6113315,-5.8948846,5
0.301333186,10.003,4.3018,3.2773,9.000315,80.002,9.484915,-1.3008275,2.873724,-8.680426,5.9690156,3
0.301333186,10.003,4.3018,3.2773,9.000315,80.002,9.076572,0.034037035,5.154436,-8.214429,6.5718355,5
0.301333186,10.003,4.3018,3.2773,9.000315,80.002,9.806305,-1.9289176,3.3288043,-5.4434805,7.0990195,4
0.301333186,10.003,4.3018,3.2773,9.000315,80.002,6.269175,-1.6177603,3.1977818,-9.459149,7.462068,2
0.301333186,10.003,4.3018,3.2773,9.000315,80.002,8.144189,-0.73583794,3.7709153,-7.993212,5.762076,1
0.301298375,10.002,4.6258,3.2075,12.00190476,79.224,8.337873,-0.34085757,4.964309,-10.806275,6.7024827,5
0.301298375,10.002,4.6258,3.2075,12.00190476,79.224,10.087839,0.49748284,3.3552444,-13.79556,6.9976134,4
0.301298375,10.002,4.6258,3.2075,12.00190476,79.224,7.984054,-0.27121666,3.886479,-10.194087,5.8222814,1
0.301298375,10.002,4.6258,3.2075,12.00190476,79.224,6.760762,0.5819409,3.5138597,-10.038852,7.39303,2
0.301298375,10.002,4.6258,3.2075,12.00190476,79.224,10.254822,0.14309968,2.8996363,-10.797237,5.3278923,3
0.300776258,10.001,3.1931,3.3532,5.998675,81.207,10.398798,-0.13739245,0.25291106,-2.814787,8.203481,4
0.300776258,10.001,3.1931,3.3532,5.998675,81.207,6.843805,0.0828219,1.3259605,-5.143705,5.5855017,1
0.300776258,10.001,3.1931,3.3532,5.998675,81.207,6.5693054,0.6115378,1.0152146,-5.4040933,8.1708765,2
0.300776258,10.001,3.1931,3.3532,5.998675,81.207,8.27046,0.12364861,0.5797834,-3.1302717,5.9433208,3
0.300776258,10.001,3.1931,3.3532,5.998675,81.207,7.3109574,0.4052131,1.0820657,-1.8404566,7.466641,5
0.300497762,10.002,2.2309,3.44,3.000014286,82.66,9.961728,0.46350256,0.4309102,-4.603263,6.9666867,4
0.300497762,10.002,2.2309,3.44,3.000014286,82.66,5.7207007,-0.23616618,0.971026,-1.2111675,7.688479,5
0.300497762,10.002,2.2309,3.44,3.000014286,82.66,7.076603,-0.287316,-0.89468026,-3.288267,5.355934,1
0.300497762,10.002,2.2309,3.44,3.000014286,82.66,5.7118692,0.48899087,1.3533844,-4.8030653,7.5844727,2
0.300497762,10.002,2.2309,3.44,3.000014286,82.66,8.078537,0.21959957,0.8830334,-3.050171,5.584128,3
0.300193761,10.002,40.977,3.5355,1.000104762,91.241,5.32699,0.25582838,14.087579,0.10330536,2.3584435,3
0.300193761,10.002,40.977,3.5355,1.000104762,91.241,5.885552,-0.3158124,13.978886,-1.8294867,2.6540372,1
0.300193761,10.002,40.977,3.5355,1.000104762,91.241,7.5158763,0.38983408,15.187316,-1.5157206,3.4586072,4
0.300193761,10.002,40.977,3.5355,1.000104762,91.241,3.9459453,-0.20911403,16.655016,-1.2598213,4.8396573,5
0.300193761,10.002,40.977,3.5355,1.000104762,91.241,3.50477,0.60109514,15.234011,-0.17237139,2.552957,2
0.300153869,2.004,25.966,3.5291,1.000091905,90.634,4.591431,0.82219726,11.760603,0.11373831,2.5048652,2
0.300153869,2.004,25.966,3.5291,1.000091905,90.634,5.4466896,2.0251362,10.222556,0.01083025,1.4610614,3
0.300153869,2.004,25.966,3.5291,1.000091905,90.634,6.1765137,1.4924152,8.779463,-1.5261997,3.6882098,1
0.300153869,2.004,25.966,3.5291,1.000091905,90.634,8.233706,0.24562857,10.882856,-1.5966438,3.6032865,4
0.300153869,2.004,25.966,3.5291,1.000091905,90.634,4.311372,1.3237848,11.098405,-1.2968155,4.304352,5
0.300114873,10.002,1.0582,3.5267,1.000078571,83.649,5.056269,-0.41325492,7.642293,-0.6099243,4.2701955,5
0.300114873,10.002,1.0582,3.5267,1.000078571,83.649,6.177102,0.27937248,6.176836,0.08623983,1.1307783,3
0.300114873,10.002,1.0582,3.5267,1.000078571,83.649,-1.4757138,0.3425773,6.5805116,-0.111506335,2.0048442,2
0.300114873,10.002,1.0582,3.5267,1.000078571,83.649,9.392123,0.4149673,3.914513,-1.5715665,3.6680772,4
0.300114873,10.002,1.0582,3.5267,1.000078571,83.649,6.4873376,-0.10492243,5.2403073,-2.6306782,3.3244483,1
0.30000422,10.003,2.7227,3.519,0.0,43.256,-4.154363,-2.0574915,-7.637978,-3.9453995,-4.581871,3
0.30000422,10.003,2.7227,3.519,0.0,43.256,-3.0807502,-1.6364963,-7.151186,-3.7668657,-6.101335,2
0.30000422,10.003,2.7227,3.519,0.0,43.256,-5.588657,-0.03477794,-4.1417117,-5.2058997,-6.300818,5
0.30000422,10.003,2.7227,3.519,0.0,43.256,-2.4498708,-0.5704085,-8.459998,-7.3453574,-6.020866,1
0.30000422,10.003,2.7227,3.519,0.0,43.256,2.8361695,-1.6783439,-3.5595262,-3.5529377,-5.9732904,4
0.300000111,10.003,-7.37,3.5104,0.0,24.815,-3.1422074,-0.21359196,-29.119915,-4.6775246,-6.0213575,5
0.300000111,10.003,-7.37,3.5104,0.0,24.815,1.6455643,-1.1198996,-32.11965,-7.5210366,-5.0378036,4
0.300000111,10.003,-7.37,3.5104,0.0,24.815,-1.7244877,-1.1899443,-32.022713,-5.9648814,-5.3475513,2
0.300000111,10.003,-7.37,3.5104,0.0,24.815,-1.1644876,-0.22453776,-33.54005,-5.3316603,-4.576443,1
0.300000111,10.003,-7.37,3.5104,0.0,24.815,-2.6994839,-1.2721231,-36.6153,-2.6252527,-4.3405027,3
0.300000088,10.003,27.172,3.528,1.000130952,85.949,0.3986186,-0.77900445,11.081914,-1.4391541,3.7680764,1
0.300000088,10.003,27.172,3.528,1.000130952,85.949,3.2230477,-1.8176107,12.3988,-0.81039417,4.6761155,4
0.300000088,10.003,27.172,3.528,1.000130952,85.949,-2.5135665,-0.4590818,14.747397,-1.2869687,6.0346856,5
0.300000088,10.003,27.172,3.528,1.000130952,85.949,-4.158696,-1.8524027,12.427351,0.0795819,2.3083022,3
0.300000088,10.003,27.172,3.528,1.000130952,85.949,-1.235232,-1.9176692,12.593089,0.3033352,5.2737846,2
0.300000026,30.001,27.682,3.5852,0.0,81.859,-2.1244693,-0.64090806,15.72101,-2.5990317,-4.8918004,5
0.300000026,30.001,27.682,3.5852,0.0,81.859,-0.025430426,-0.40534657,11.73823,0.27901986,-3.899086,1
0.300000026,30.001,27.682,3.5852,0.0,81.859,3.6200042,-1.7423667,15.487445,-1.1781173,-4.0590324,4
0.300000026,30.001,27.682,3.5852,0.0,81.859,-1.152361,-1.268973,12.91047,2.843617,-2.4438033,3
0.300000026,30.001,27.682,3.5852,0.0,81.859,-0.44833902,-1.8447129,14.182451,1.4438298,-3.2862964,2
0.299975701,10.002,0.93361,3.5917,0.0,84.357,-0.5112484,0.47790182,3.2529423,-1.3257092,-4.8663993,4
0.299975701,10.002,0.93361,3.5917,0.0,84.357,0.702669,0.21733952,9.344852,3.5584757,-2.0936213,3
0.299975701,10.002,0.93361,3.5917,0.0,84.357,1.0736711,-0.09765561,9.641461,1.3626072,-4.0012307,1
0.299975701,10.002,0.93361,3.5917,0.0,84.357,-0.20428833,0.47390956,11.230616,2.7869241,-3.2645857,2
0.299975701,10.002,0.93361,3.5917,0.0,84.357,-2.2474627,-0.18913122,14.207579,2.8412209,-4.1155005,5
0.299972995,10.002,12.802,3.5167,0.0,63.154,-5.6070414,0.345041,2.3424797,-1.9657459,-3.94024,3
0.299972995,10.002,12.802,3.5167,0.0,63.154,1.3357031,0.4078724,3.7615404,-4.2727556,-5.2591186,4
0.299972995,10.002,12.802,3.5167,0.0,63.154,-1.7260953,-0.29806757,4.671411,-3.0596,-5.754955,5
0.299972995,10.002,12.802,3.5167,0.0,63.154,-6.5167475,-0.38445622,0.78350157,-5.5548677,-5.5886154,1
0.299972995,10.002,12.802,3.5167,0.0,63.154,-3.05834,0.29165423,0.002671823,-1.9687489,-5.190753,2
0.299971997,10.003,-17.069,3.5298,0.0,15.367,-4.1527185,-0.106542036,-38.17031,-5.5191584,-4.5292335,1
0.299971997,10.003,-17.069,3.5298,0.0,15.367,-6.0627,-1.1325437,-38.91933,-1.9202524,-2.95436,3
0.299971997,10.003,-17.069,3.5298,0.0,15.367,-4.7725797,-0.3095793,-33.89396,-5.1500125,-5.9269433,5
0.299971997,10.003,-17.069,3.5298,0.0,15.367,-1.5870848,-0.9193394,-37.32651,-2.56083,-4.4752984,2
0.299971997,10.003,-17.069,3.5298,0.0,15.367,-6.906224,-0.99066335,-33.607372,-5.7009807,-5.2890577,4
0.20132971,10.003,4.2901,3.1562,9.000355,58.875,-5.710014,-1.3357422,0.024779253,-11.322024,6.836528,2
0.20132971,10.003,4.2901,3.1562,9.000355,58.875,-6.646457,-1.3376235,1.9334552,-10.326458,5.2599797,3
0.20132971,10.003,4.2901,3.1562,9.000355,58.875,-5.5621243,0.10576944,1.9487628,-11.133599,5.679994,5
0.20132971,10.003,4.2901,3.1562,9.000355,58.875,-7.4715614,-1.6852239,2.1746476,-13.885939,7.4100056,4
0.20132971,10.003,4.2901,3.1562,9.000355,58.875,-7.084432,-0.67965525,0.6246743,-12.209707,5.5773873,1
0.201294898,10.002,4.8189,3.0729,11.99957143,58.084,-6.21579,0.3680741,-0.021712817,-11.27265,6.8855157,2
0.201294898,10.002,4.8189,3.0729,11.99957143,58.084,-7.502,0.38403836,2.293135,-13.67819,7.4429183,4
0.201294898,10.002,4.8189,3.0729,11.99957143,58.084,-6.5689583,0.061069697,1.4991562,-10.505782,5.0167212,3
0.201294898,10.002,4.8189,3.0729,11.99957143,58.084,-5.6167583,-0.45191163,3.359135,-11.4713,5.926304,5
0.201294898,10.002,4.8189,3.0729,11.99957143,58.084,-6.2276874,-0.35704702,1.957158,-12.396547,5.6228814,1
0.200772781,10.002,4.0431,3.2474,6.000745,60.92,-5.946423,0.35454172,-0.034023773,-9.591748,7.3738985,2
0.200772781,10.002,4.0431,3.2474,6.000745,60.92,-7.7254505,-0.35385376,-1.0263565,-9.199721,5.444708,1
0.200772781,10.002,4.0431,3.2474,6.000745,60.92,-7.197116,0.4297106,2.5508127,-12.03868,7.823248,4
0.200772781,10.002,4.0431,3.2474,6.000745,60.92,-6.5139065,0.07901179,1.2644974,-10.4098625,5.39458,3
0.200772781,10.002,4.0431,3.2474,6.000745,60.92,-6.104758,-0.4522081,1.6092255,-9.657263,6.2751274,5
0.200459473,10.002,1.7876,3.3508,3.000066667,65.16,-7.9001617,-0.33110744,-4.366916,-8.100425,5.729668,1
0.200459473,10.002,1.7876,3.3508,3.000066667,65.16,-8.045276,0.38928077,-1.9625628,-3.437845,8.440108,4
0.200459473,10.002,1.7876,3.3508,3.000066667,65.16,-7.5505805,0.05618631,-0.3759361,-3.3368764,5.6681414,3
0.200459473,10.002,1.7876,3.3508,3.000066667,65.16,-4.845728,0.1549359,-0.64287245,-6.6205945,7.4746776,2
0.200459473,10.002,1.7876,3.3508,3.000066667,65.16,-6.3815193,-0.5593434,-0.48765507,-1.785537,7.282314,5
0.20019233,2.002,26.6,3.4439,0.9999,84.92,-4.6619654,3.5163062,16.458065,-2.2119339,3.5853407,4
0.20019233,2.002,26.6,3.4439,0.9999,84.92,-4.3819523,1.2434453,15.979031,-1.150838,4.1313834,5
0.20019233,2.002,26.6,3.4439,0.9999,84.92,-3.8397145,3.5674994,11.651223,-3.306362,4.149173,1
0.20019233,2.002,26.6,3.4439,0.9999,84.92,-2.7520983,1.9102639,13.689133,-3.2509134,3.6590996,2
0.20019233,2.002,26.6,3.4439,0.9999,84.92,-5.816206,3.707038,12.784333,-1.7051263,3.7229736,3
0.200111393,10.003,0.77883,3.4401,1.000103333,71.244,-6.8143444,-1.0060614,6.500624,-2.5520515,4.132043,3
0.200111393,10.003,0.77883,3.4401,1.000103333,71.244,-6.936941,0.3891078,7.391129,-2.0749629,5.27236,5
0.200111393,10.003,0.77883,3.4401,1.000103333,71.244,-17.238035,-1.5690708,-0.3097556,-4.534642,4.539685,4
0.200111393,10.003,0.77883,3.4401,1.000103333,71.244,-3.878947,-1.2453609,6.595499,-5.084919,4.5372686,2
0.200111393,10.003,0.77883,3.4401,1.000103333,71.244,-5.6761,-0.5019426,5.7203317,-3.1306775,3.0541792,1
0.200091228,10.002,41.341,3.4458,0.9998415,85.68,-3.6134818,-0.31185502,16.043352,-3.6804032,4.7190857,1
0.200091228,10.002,41.341,3.4458,0.9998415,85.68,-5.2174273,0.23147057,19.16959,-1.4940834,3.5748277,3
0.200091228,10.002,41.341,3.4458,0.9998415,85.68,-4.3220706,-0.3087827,20.31727,-2.1398883,4.335616,5
0.200091228,10.002,41.341,3.4458,0.9998415,85.68,-11.566999,0.5770503,20.669834,-2.4885623,3.206432,4
0.200091228,10.002,41.341,3.4458,0.9998415,85.68,-2.5977468,0.48948222,18.289457,-3.785057,3.449031,2
0.200000111,10.003,-7.2705,3.4607,0.0,16.885,-3.942365,-0.041366424,-28.092941,-5.8900633,-4.456488,1
0.200000111,10.003,-7.2705,3.4607,0.0,16.885,-9.2680235,-0.19483638,-28.589174,-5.4891343,-5.1981974,5
0.200000111,10.003,-7.2705,3.4607,0.0,16.885,-11.063477,-1.1292298,-29.919134,-6.4525204,-4.839167,2
0.200000111,10.003,-7.2705,3.4607,0.0,16.885,-11.091653,-1.0603863,-32.58037,-4.241798,-4.6559377,3
0.200000111,10.003,-7.2705,3.4607,0.0,16.885,-12.097739,-1.3325486,-25.269552,-6.7295403,-4.899451,4
0.200000088,10.002,27.283,3.4665,0.857049524,77.981,-11.428398,0.5948787,15.917874,-1.7110617,4.2983785,2
0.200000088,10.002,27.283,3.4665,0.857049524,77.981,-11.062709,0.6488151,17.260517,-1.8819047,4.0573335,4
0.200000088,10.002,27.283,3.4665,0.857049524,77.981,-9.737046,0.17094609,15.07669,-0.680592,3.4818864,3
0.200000088,10.002,27.283,3.4665,0.857049524,77.981,-4.6248403,-0.72177416,11.79651,-3.2645202,2.92761,1
0.200000088,10.002,27.283,3.4665,0.857049524,77.981,-9.452023,-0.3001492,16.352116,-2.25948,1.6140674,5
0.200000026,30.002,27.558,3.5043,0.0,65.808,-7.025355,-0.2693991,11.592703,-5.5499606,-4.69468,1
0.200000026,30.002,27.558,3.5043,0.0,65.808,-13.021801,-2.1948144,16.99176,-4.043186,-3.732024,4
0.200000026,30.002,27.558,3.5043,0.0,65.808,-10.398107,-1.3148954,14.58584,-2.6656904,-4.3601,3
0.200000026,30.002,27.558,3.5043,0.0,65.808,-9.896769,-0.20379677,16.720634,-3.4525619,-4.546435,5
0.200000026,30.002,27.558,3.5043,0.0,65.808,-10.142321,-1.5199004,15.799196,-4.2481813,-4.059908,2
0.199981364,10.002,-17.108,3.4866,0.0,11.309,-10.95926,0.12492567,-36.906628,-5.1080046,-4.852343,2
0.199981364,10.002,-17.108,3.4866,0.0,11.309,-10.869774,-0.5449115,-35.17485,-5.5103664,-4.413502,1
0.199981364,10.002,-17.108,3.4866,0.0,11.309,-13.474549,0.17567518,-34.274445,-6.1737237,-4.609194,4
0.199981364,10.002,-17.108,3.4866,0.0,11.309,-10.947304,-0.47399005,-35.587307,-5.1329145,-5.248291,5
0.199981364,10.002,-17.108,3.4866,0.0,11.309,-12.580889,-0.11875804,-35.449436,-3.9972937,-4.237703,3
0.199975286,10.002,2.8426,3.4506,0.0,26.856,-20.331793,0.27081814,-9.093209,-8.474983,-6.1400876,2
0.199975286,10.002,2.8426,3.4506,0.0,26.856,-12.303405,-0.5249384,-3.65102,-3.7628343,-4.7640986,5
0.199975286,10.002,2.8426,3.4506,0.0,26.856,-20.724642,0.35994467,-8.152563,-6.4005136,-5.407469,4
0.199975286,10.002,2.8426,3.4506,0.0,26.856,-21.372868,0.02683149,-10.196078,-5.4319687,-4.8611245,3
0.199975286,10.002,2.8426,3.4506,0.0,26.856,-19.026234,-0.62922096,-9.474928,-7.70053,-5.6721883,1
0.199972228,10.003,1.0134,3.5136,0.0,75.532,-11.023127,-0.83065414,8.414919,1.8862054,-2.852782,3
0.199972228,10.003,1.0134,3.5136,0.0,75.532,-20.188639,-1.6646799,-0.845899,-6.0574284,-4.932338,4
0.199972228,10.003,1.0134,3.5136,0.0,75.532,-12.251875,-0.63789076,9.565351,-0.099509865,-4.0303845,2
0.199972228,10.003,1.0134,3.5136,0.0,75.532,-7.433776,0.15689196,7.205169,-3.7331939,-3.8469334,1
0.199972228,10.003,1.0134,3.5136,0.0,75.532,-10.372121,0.45498574,12.810983,-1.6263983,-4.060282,5
0.199969134,10.003,12.881,3.433,0.0,36.81,-10.697587,-0.028955426,2.144978,-3.5407681,-4.6605635,1
0.199969134,10.003,12.881,3.433,0.0,36.81,-14.307787,-1.4390675,2.3643215,-9.29601,-5.7044024,2
0.199969134,10.003,12.881,3.433,0.0,36.81,-18.521156,-1.2015558,3.2178268,-7.208059,-4.926226,3
0.199969134,10.003,12.881,3.433,0.0,36.81,-15.769045,0.05786414,3.2025518,-8.884063,-4.824525,5
0.199969134,10.003,12.881,3.433,0.0,36.81,-18.486742,-2.028372,3.2209616,-6.1537848,-4.840848,4
0.151937112,10.002,4.1287,3.0137,9.913,43.323,-21.615692,0.3162917,-2.1143649,-12.057058,6.538727,2
0.151937112,10.002,4.1287,3.0137,9.913,43.323,-15.975678,-0.58978665,-2.280912,-12.756184,4.972126,1
0.151937112,10.002,4.1287,3.0137,9.913,43.323,-20.808903,-0.26713645,-0.0196128,-10.560966,4.807197,3
0.151937112,10.002,4.1287,3.0137,9.913,43.323,-17.926619,-0.44154936,-0.30611625,-11.918689,4.6392636,5
0.151937112,10.002,4.1287,3.0137,9.913,43.323,-21.100733,0.4923869,1.7805169,-13.141384,7.172128,4
0.150997298,10.002,3.3451,3.199,6.000861905,42.317,-17.466845,-0.46450168,-1.6878803,-12.225893,4.6732316,5
0.150997298,10.002,3.3451,3.199,6.000861905,42.317,-21.30774,-0.25510043,-2.2726505,-10.733759,5.074017,3
0.150997298,10.002,3.3451,3.199,6.000861905,42.317,-20.763618,0.3788878,-2.5244,-13.289704,7.5637584,4
0.150997298,10.002,3.3451,3.199,6.000861905,42.317,-19.183002,-0.58978665,-1.9609008,-12.684876,4.8110175,1
0.150997298,10.002,3.3451,3.199,6.000861905,42.317,-21.151178,0.21862951,-3.796122,-11.874128,7.2735248,2
0.150962487,10.003,3.9069,3.0973,9.00257619,42.563,-17.968952,0.05515499,-0.6937962,-11.441487,4.2280545,5
0.150962487,10.003,3.9069,3.0973,9.00257619,42.563,-18.813951,-0.39579952,-1.9708226,-12.465833,4.853019,1
0.150962487,10.003,3.9069,3.0973,9.00257619,42.563,-20.834318,-1.2344171,-2.4099925,-12.214508,6.495269,2
0.150962487,10.003,3.9069,3.0973,9.00257619,42.563,-19.918339,-1.6373767,1.0165051,-13.430747,7.0784593,4
0.150962487,10.003,3.9069,3.0973,9.00257619,42.563,-20.579355,-0.84250444,-1.5860186,-10.572487,5.0091786,3
0.150475137,10.002,2.5852,3.309,3.00025,43.211,-21.97139,0.39085373,-5.11571,-5.2498183,7.5331693,4
0.150475137,10.002,2.5852,3.309,3.00025,43.211,-18.782183,-0.47038496,-3.2106733,-7.513327,4.9589643,5
0.150475137,10.002,2.5852,3.309,3.00025,43.211,-18.639238,-0.6058485,-6.331633,-9.548997,4.8102927,1
0.150475137,10.002,2.5852,3.309,3.00025,43.211,-20.046247,0.07098417,-5.575917,-8.615941,7.5275617,2
0.150475137,10.002,2.5852,3.309,3.00025,43.211,-21.794153,-0.19113222,-4.891304,-6.216232,5.511965,3
0.150153869,2.002,26.948,3.3817,0.99988619,79.622,-17.934698,1.9085169,13.568374,-6.5043335,2.5311046,2
0.150153869,2.002,26.948,3.3817,0.99988619,79.622,-14.9027405,3.7502027,18.238647,0.32679653,3.7048197,4
0.150153869,2.002,26.948,3.3817,0.99988619,79.622,-13.363925,2.9802253,17.22452,-0.16379276,3.651545,3
0.150153869,2.002,26.948,3.3817,0.99988619,79.622,-11.253733,1.2384169,17.91539,0.19687456,3.1967616,5
0.150153869,2.002,26.948,3.3817,0.99988619,79.622,-11.506789,3.9080107,13.295461,-0.50351614,4.0635595,1
0.150127056,10.001,1.2674,3.3933,1.00012381,44.98,-21.294756,-0.10615042,-4.657383,-4.1244283,6.31717,4
0.150127056,10.001,1.2674,3.3933,1.00012381,44.98,-22.045399,0.19360296,-3.2492306,-6.1577744,5.800328,2
0.150127056,10.001,1.2674,3.3933,1.00012381,44.98,-22.00187,0.28454128,-2.262546,-4.2502313,4.8432813,5
0.150127056,10.001,1.2674,3.3933,1.00012381,44.98,-21.242464,-0.35665804,-2.8598342,-3.150791,3.8370605,3
0.150127056,10.001,1.2674,3.3933,1.00012381,44.98,-16.58528,0.22235623,-5.583455,-8.282554,3.9598591,1
0.150009464,10.002,-17.233,3.4637,0.0,9.5856,-12.186794,-0.6378241,-33.974266,-4.5257926,-4.086763,5
0.150009464,10.002,-17.233,3.4637,0.0,9.5856,-13.697333,-0.31321386,-33.34318,-2.9718173,-3.9794178,3
0.150009464,10.002,-17.233,3.4637,0.0,9.5856,-13.049252,0.07434744,-33.458954,-5.6816654,-4.8326216,2
0.150009464,10.002,-17.233,3.4637,0.0,9.5856,-16.986412,0.18852541,-33.23881,-5.7782083,-4.576228,4
0.150009464,10.002,-17.233,3.4637,0.0,9.5856,-14.691106,-0.683654,-33.742977,-5.0059175,-3.9015408,1
0.150002153,10.002,2.8281,3.4203,0.0,20.566,-25.709244,0.3681145,-8.913993,-6.350141,-5.3259115,4
0.150002153,10.002,2.8281,3.4203,0.0,20.566,-22.65563,-0.7717438,-6.9165115,-8.271996,-4.227694,5
0.150002153,10.002,2.8281,3.4203,0.0,20.566,-23.427881,-0.6914245,-10.494276,-10.036079,-5.063897,1
0.150002153,10.002,2.8281,3.4203,0.0,20.566,-23.598774,-0.14970618,-10.556422,-6.9368377,-4.7930803,3
0.150002153,10.002,2.8281,3.4203,0.0,20.566,-23.34697,0.22701532,-9.1205015,-9.406602,-6.0947213,2
0.150001986,10.002,42.761,3.4165,0.0,81.557,-11.535267,-0.6275659,24.382954,-5.6105614,-3.1686633,5
0.150001986,10.002,42.761,3.4165,0.0,81.557,-13.8063,0.06092011,23.26676,-3.2798052,-3.551271,3
0.150001986,10.002,42.761,3.4165,0.0,81.557,-15.214693,0.6698809,23.518944,-3.0927172,-3.5210738,4
0.150001986,10.002,42.761,3.4165,0.0,81.557,-13.712746,0.51267916,22.253584,-4.309655,-4.0402036,2
0.150001986,10.002,42.761,3.4165,0.0,81.557,-18.513828,-0.75820506,17.699219,-7.9401283,-3.7028363,1
0.150000088,10.002,27.884,3.4358,0.0,64.648,-12.953513,-0.5889634,20.174082,-4.150748,-3.497652,5
0.150000088,10.002,27.884,3.4358,0.0,64.648,-14.511359,-0.114681624,17.817036,-5.4927526,-4.1096983,3
0.150000088,10.002,27.884,3.4358,0.0,64.648,-17.124842,0.6018941,22.70424,-4.1659894,-3.6029236,4
0.150000088,10.002,27.884,3.4358,0.0,64.648,-18.497192,-0.7642137,17.177572,-3.1935508,-3.3694658,1
0.150000088,10.002,27.884,3.4358,0.0,64.648,-15.266592,0.48355174,20.42855,-6.550124,-4.214645,2
0.149987902,10.004,1.1386,3.4564,0.0,48.083,-21.32249,1.006543,5.1670094,-2.543155,-3.592803,5
0.149987902,10.004,1.1386,3.4564,0.0,48.083,-18.664782,-0.042276226,4.220706,-5.434721,-4.6272893,2
0.149987902,10.004,1.1386,3.4564,0.0,48.083,-28.311636,-1.4521925,-1.9116062,-4.663663,-4.494924,4
0.149987902,10.004,1.1386,3.4564,0.0,48.083,-18.715786,-0.08910462,3.4953556,-2.8798764,-4.260277,3
0.149987902,10.004,1.1386,3.4564,0.0,48.083,-21.205112,0.29565102,2.4091449,-4.4898496,-4.0944867,1
0.149978267,10.002,-7.2743,3.4322,0.0,13.379,-19.676119,-0.6911883,-25.922653,-6.915484,-3.651455,1
0.149978267,10.002,-7.2743,3.4322,0.0,13.379,-16.525679,0.19334054,-26.920124,-7.3546314,-4.4325895,2
0.149978267,10.002,-7.2743,3.4322,0.0,13.379,-18.676136,-0.6955695,-23.843666,-7.0550137,-4.1796045,5
0.149978267,10.002,-7.2743,3.4322,0.0,13.379,-20.330626,0.17214727,-23.81571,-5.745435,-4.106917,4
0.149978267,10.002,-7.2743,3.4322,0.0,13.379,-22.006454,-0.28725895,-29.096409,-5.0769615,-4.000786,3
0.149967203,10.002,12.877,3.3979,0.0,26.316,-30.733871,-0.9804777,2.041448,-7.6918473,-4.069999,5
0.149967203,10.002,12.877,3.3979,0.0,26.316,-31.714245,-0.77420413,1.5491494,-9.908269,-4.9909315,1
0.149967203,10.002,12.877,3.3979,0.0,26.316,-33.205765,-0.17029253,-0.21567906,-5.855001,-4.714033,3
0.149967203,10.002,12.877,3.3979,0.0,26.316,-31.219244,0.32465687,-0.3299458,-5.7352333,-4.6561317,4
0.149967203,10.002,12.877,3.3979,0.0,26.316,-35.177994,0.20003214,0.09563416,-8.008738,-5.227006,2
0.101535086,10.002,3.439,2.6414,9.0004,17.676,-40.081608,-0.34827185,-2.8572326,-11.6105,4.743714,3
0.101535086,10.002,3.439,2.6414,9.0004,17.676,-38.650417,0.122502975,-3.1631653,-12.048056,6.203857,2
0.101535086,10.002,3.439,2.6414,9.0004,17.676,-36.82122,-0.7218519,-2.9094594,-12.03305,3.870885,5
0.101535086,10.002,3.439,2.6414,9.0004,17.676,-39.02962,-0.67422926,-2.844793,-12.286633,4.549137,1
0.101535086,10.002,3.439,2.6414,9.0004,17.676,-38.695698,0.24335542,-3.2406332,-13.8551,6.8346334,4
0.100734499,10.003,3.1408,2.8621,6.00087619,17.405,-40.58568,-0.63608676,-6.1847143,-11.757255,5.215277,3
0.100734499,10.003,3.1408,2.8621,6.00087619,17.405,-40.635155,0.49063414,-4.2203245,-11.605186,3.9531655,5
0.100734499,10.003,3.1408,2.8621,6.00087619,17.405,-38.530437,-0.41086382,-6.227329,-13.395449,4.384916,1
0.100734499,10.003,3.1408,2.8621,6.00087619,17.405,-40.78993,-0.8380776,-5.507911,-12.971518,6.633409,2
0.100734499,10.003,3.1408,2.8621,6.00087619,17.405,-38.672104,-1.3897457,-5.33697,-14.090782,7.0645337,4
0.100351569,10.002,2.5025,3.1368,3.000061905,18.621,-41.062366,-0.7451126,-3.4779606,-11.883899,4.272035,5
0.100351569,10.002,2.5025,3.1368,3.000061905,18.621,-38.2855,-0.7010812,-6.5587296,-13.946036,4.3768845,1
0.100351569,10.002,2.5025,3.1368,3.000061905,18.621,-40.74886,0.014736612,-4.798312,-13.244742,5.461501,2
0.100351569,10.002,2.5025,3.1368,3.000061905,18.621,-39.34431,-0.28835508,-4.228965,-11.918648,4.9423985,3
0.100351569,10.002,2.5025,3.1368,3.000061905,18.621,-38.827194,0.264949,-4.5131035,-14.320194,6.753688,4
0.100177528,10.002,1.6871,3.3205,1.000119048,20.597,-40.67315,-0.09644558,-4.2571306,-9.259484,5.034106,2
0.100177528,10.002,1.6871,3.3205,1.000119048,20.597,-40.162464,0.17138934,-5.1440344,-6.2104945,4.8779197,4
0.100177528,10.002,1.6871,3.3205,1.000119048,20.597,-37.254776,-0.7315961,-6.594591,-7.115438,2.7779987,1
0.100177528,10.002,1.6871,3.3205,1.000119048,20.597,-40.279736,-0.99764985,-4.3915505,-4.417509,3.5940075,5
0.100177528,10.002,1.6871,3.3205,1.000119048,20.597,-39.87034,-0.41707864,-2.4095244,-7.5910807,3.0503645,3
0.100153869,2.003,26.666,3.3131,0.999869048,63.803,-30.765068,4.1287913,12.896036,-3.5287294,3.948685,1
0.100153869,2.003,26.666,3.3131,0.999869048,63.803,-31.355991,3.8411477,15.468079,-5.5963397,3.593191,3
0.100153869,2.003,26.666,3.3131,0.999869048,63.803,-32.83932,4.1788487,17.44646,-2.5388722,3.915407,4
0.100153869,2.003,26.666,3.3131,0.999869048,63.803,-32.944317,1.4192766,17.062384,-2.585754,3.4909258,5
0.100153869,2.003,26.666,3.3131,0.999869048,63.803,-36.110603,1.5849223,12.3713875,-9.626962,2.5177,2
0.100003884,10.002,12.579,3.3584,0.0,18.29,-37.400436,-0.9202432,-0.37858284,-3.5511944,-3.6897001,5
0.100003884,10.002,12.579,3.3584,0.0,18.29,-39.00641,0.302808,-0.71817666,-5.456954,-4.9929295,4
0.100003884,10.002,12.579,3.3584,0.0,18.29,-38.825848,-0.18710728,-2.7175639,-4.975964,-4.3559484,3
0.100003884,10.002,12.579,3.3584,0.0,18.29,-38.606796,0.21448748,-2.6638591,-8.038865,-5.1164594,2
0.100003884,10.002,12.579,3.3584,0.0,18.29,-40.12603,-0.78922355,-1.3653934,-6.7545805,-4.347,1
0.100000111,10.003,-7.201,3.4051,0.0,10.842,-30.825657,-0.060306314,-15.90533,-8.221675,-3.3113987,1
0.100000111,10.003,-7.201,3.4051,0.0,10.842,-28.669415,-0.38013747,-18.244978,-3.8658047,-3.8424826,3
0.100000111,10.003,-7.201,3.4051,0.0,10.842,-28.224575,-0.73960215,-17.993582,-7.265992,-4.3671703,2
0.100000111,10.003,-7.201,3.4051,0.0,10.842,-25.587683,0.65586454,-19.87266,-6.7404785,-4.1098695,5
0.100000111,10.003,-7.201,3.4051,0.0,10.842,-30.182755,-1.4018942,-14.116023,-6.1065483,-4.2737927,4
0.100000088,10.002,27.818,3.3897,0.0,42.748,-32.977615,-0.11286165,17.079338,-3.213288,-3.8315473,3
0.100000088,10.002,27.818,3.3897,0.0,42.748,-34.03229,0.36779678,16.530996,-8.221852,-4.0017776,2
0.100000088,10.002,27.818,3.3897,0.0,42.748,-33.283012,-0.7231827,16.02341,-3.8399153,-3.665394,5
0.100000088,10.002,27.818,3.3897,0.0,42.748,-34.110806,0.38483357,16.900686,-4.7161655,-3.7668426,4
0.100000088,10.002,27.818,3.3897,0.0,42.748,-35.808495,-0.87391865,13.208501,-3.206144,-3.6283724,1
0.100000026,30.001,27.84,3.3998,0.0,31.743,-31.333231,-0.482035,16.809818,-3.63439,-3.9856157,3
0.100000026,30.001,27.84,3.3998,0.0,31.743,-34.459373,-2.0733297,17.177345,-5.595714,-3.8964567,4
0.100000026,30.001,27.84,3.3998,0.0,31.743,-35.40377,-1.4437287,15.335064,-9.086331,-4.2011185,2
0.100000026,30.001,27.84,3.3998,0.0,31.743,-34.329628,0.43683222,16.626993,-6.525957,-3.6096747,5
0.100000026,30.001,27.84,3.3998,0.0,31.743,-35.871933,-0.10900204,14.501001,-7.776854,-3.4067879,1
0.09999073,10.002,-17.161,3.4396,0.0,7.9611,-26.797346,0.06634148,-30.213255,-5.249239,-4.212176,2
0.09999073,10.002,-17.161,3.4396,0.0,7.9611,-25.319178,-0.6931215,-31.132803,-3.3010538,-2.9827309,1
0.09999073,10.002,-17.161,3.4396,0.0,7.9611,-23.650684,-0.7107055,-28.82164,-4.0274887,-4.150042,5
0.09999073,10.002,-17.161,3.4396,0.0,7.9611,-24.16651,0.059669774,-28.260227,-4.8097835,-4.2588496,4
0.09999073,10.002,-17.161,3.4396,0.0,7.9611,-26.393404,-0.28397888,-30.554792,-3.5429573,-3.6824193,3
0.099988695,10.003,42.627,3.3837,0.0,69.593,-29.479082,0.52802414,21.401083,-0.55077446,-3.158151,5
0.099988695,10.003,42.627,3.3837,0.0,69.593,-29.325651,-0.8390129,21.910183,-1.393899,-3.5573847,3
0.099988695,10.003,42.627,3.3837,0.0,69.593,-33.782116,-1.5408645,18.558483,-8.353409,-3.99163,2
0.099988695,10.003,42.627,3.3837,0.0,69.593,-30.037937,-0.29067263,19.068804,-2.2062347,-2.9165206,1
0.099988695,10.003,42.627,3.3837,0.0,69.593,-28.192236,-1.6969455,21.000732,-1.3769495,-3.7258682,4
0.099987686,10.003,2.3884,3.3904,0.0,15.654,-41.56647,-0.1258059,-7.5839295,-4.6054697,-4.14804,1
0.099987686,10.003,2.3884,3.3904,0.0,15.654,-38.85958,-0.46034378,-3.936359,-9.083441,-5.5111885,2
0.099987686,10.003,2.3884,3.3904,0.0,15.654,-40.100872,0.60701334,-3.6333158,-4.973721,-3.703161,5
0.099987686,10.003,2.3884,3.3904,0.0,15.654,-39.004097,-0.40724713,-4.919569,-5.43978,-4.9729633,3
0.099987686,10.003,2.3884,3.3904,0.0,15.654,-35.918377,-1.3251004,-4.7316236,-6.079586,-5.2722154,4
0.099968764,10.003,0.90388,3.41,0.0,23.625,-38.25066,-0.7788604,5.8858266,-7.4734664,-4.2934837,2
0.099968764,10.003,0.90388,3.41,0.0,23.625,-39.407505,-0.35445058,3.5653763,-5.280963,-4.208688,3
0.099968764,10.003,0.90388,3.41,0.0,23.625,-42.245136,-0.059283037,2.7160897,-9.405366,-3.2191854,1
0.099968764,10.003,0.90388,3.41,0.0,23.625,-39.389442,0.74777573,7.527644,-7.692292,-3.7760656,5
0.099968764,10.003,0.90388,3.41,0.0,23.625,-35.898987,-1.2697705,-0.6644259,-4.785616,-4.722356,4
0.050088768,10.002,1.5939,2.8473,1.000094286,4.1932,-46.220715,-0.67233974,-6.5593915,-13.754071,2.6107218,1
0.050088768,10.002,1.5939,2.8473,1.000094286,4.1932,-42.119576,-0.0021567997,-5.3830194,-15.709697,3.1103354,4
0.050088768,10.002,1.5939,2.8473,1.000094286,4.1932,-45.211166,-1.085781,-4.559089,-12.424416,1.4716989,5
0.050088768,10.002,1.5939,2.8473,1.000094286,4.1932,-41.577755,-0.409748,-2.1374493,-12.572949,3.0281796,3
0.050088768,10.002,1.5939,2.8473,1.000094286,4.1932,-44.163223,-0.11690608,-4.9752645,-14.570919,1.9016353,2
0.050013379,10.002,42.904,3.3134,0.0,43.891,-36.014866,-0.04557834,20.992403,-9.448485,-3.7196276,3
0.050013379,10.002,42.904,3.3134,0.0,43.891,-34.81918,0.2751443,20.977072,-5.0781016,-3.6434708,4
0.050013379,10.002,42.904,3.3134,0.0,43.891,-36.92209,-0.5941274,21.02111,-5.910963,-2.7498596,5
0.050013379,10.002,42.904,3.3134,0.0,43.891,-38.045887,-0.7874453,17.372076,-6.702421,-3.1998665,1
0.050013379,10.002,42.904,3.3134,0.0,43.891,-36.606773,0.27979648,19.01833,-11.759696,-3.8762167,2
0.050001953,10.002,12.841,3.2806,0.0,11.663,-44.452984,-0.79337406,-0.28411186,-9.752614,-3.0382721,5
0.050001953,10.002,12.841,3.2806,0.0,11.663,-42.375866,0.16408266,-0.0061823637,-13.275301,-5.0124726,2
0.050001953,10.002,12.841,3.2806,0.0,11.663,-39.782757,0.14838105,0.5572005,-7.6152825,-4.569828,4
0.050001953,10.002,12.841,3.2806,0.0,11.663,-45.75285,-0.71510005,-0.35754123,-9.308279,-4.253956,1
0.050001953,10.002,12.841,3.2806,0.0,11.663,-42.90074,-0.21175982,0.66224587,-12.662002,-4.6501284,3
0.050000088,10.002,27.798,3.3303,0.0,26.938,-41.662003,-0.85506976,11.086034,-6.9759483,-3.6486232,1
0.050000088,10.002,27.798,3.3303,0.0,26.938,-37.762447,-0.16664958,13.875044,-10.256338,-4.2044644,3
0.050000088,10.002,27.798,3.3303,0.0,26.938,-34.81511,0.28140274,16.76196,-5.9366775,-3.8620527,4
0.050000088,10.002,27.798,3.3303,0.0,26.938,-39.99378,-0.6528329,15.352407,-6.289885,-3.512329,5
0.050000088,10.002,27.798,3.3303,0.0,26.938,-37.6189,0.25716233,14.894267,-12.539918,-4.1194477,2
0.050000022,2.002,27.278,3.2573,0.904672857,44.043,-40.131992,1.618541,15.301827,-10.014215,1.7728946,5
0.050000022,2.002,27.278,3.2573,0.904672857,44.043,-37.440853,3.8928404,14.178388,-13.557245,3.0243173,3
0.050000022,2.002,27.278,3.2573,0.904672857,44.043,-39.702244,1.8050205,13.031096,-12.156651,3.172168,2
0.050000022,2.002,27.278,3.2573,0.904672857,44.043,-43.614086,4.2547317,11.5408535,-7.8403616,2.87472,1
0.050000022,2.002,27.278,3.2573,0.904672857,44.043,-35.768787,4.130359,14.540473,-14.146667,3.391655,4
0.049978267,10.002,-7.2905,3.3759,0.0,8.4158,-31.221624,-0.56293464,-20.184433,-3.4259791,-4.1583934,5
0.049978267,10.002,-7.2905,3.3759,0.0,8.4158,-31.933302,-0.7294404,-23.851305,-3.6275456,-3.1214128,1
0.049978267,10.002,-7.2905,3.3759,0.0,8.4158,-28.300922,-0.031570293,-21.225128,-4.627991,-4.71565,4
0.049978267,10.002,-7.2905,3.3759,0.0,8.4158,-29.054207,0.087172,-23.386915,-6.68503,-4.1299157,2
0.049978267,10.002,-7.2905,3.3759,0.0,8.4158,-30.326563,-0.25336364,-29.171621,-2.708301,-4.0243344,3
0.049973219,10.003,2.7543,3.3495,0.0,11.269,-40.568417,-0.5823383,-8.921641,-6.4749084,-5.3270173,3
0.049973219,10.003,2.7543,3.3495,0.0,11.269,-39.98594,-0.9348634,-8.092387,-11.681568,-5.4303446,2
0.049973219,10.003,2.7543,3.3495,0.0,11.269,-43.443752,0.6205678,-5.734144,-4.817968,-3.9510853,5
0.049973219,10.003,2.7543,3.3495,0.0,11.269,-39.142815,-1.1852516,-7.7560525,-6.723497,-5.405367,4
0.049973219,10.003,2.7543,3.3495,0.0,11.269,-42.20625,-0.19265366,-8.522877,-7.6735015,-4.188607,1
0.049971997,10.003,-17.393,3.4155,0.0,6.6827,-27.854736,-0.6656031,-28.868784,-5.5022335,-4.2889824,2
0.049971997,10.003,-17.393,3.4155,0.0,6.6827,-29.777328,-0.2507395,-29.512669,-2.6966286,-4.11,3
0.049971997,10.003,-17.393,3.4155,0.0,6.6827,-30.656368,0.03926054,-28.218836,-6.89269,-3.1435251,1
0.049971997,10.003,-17.393,3.4155,0.0,6.6827,-29.892582,0.39147046,-26.715342,-4.7202277,-4.202853,5
0.049971997,10.003,-17.393,3.4155,0.0,6.6827,-26.192886,-0.8998087,-27.048187,-4.135448,-4.45947,4
0.020012999,10.003,42.758,3.1447,0.0,25.226,-37.41711,-0.94465923,19.193583,-15.778517,-3.416633,3
0.020012999,10.003,42.758,3.1447,0.0,25.226,-35.526165,-1.5149342,18.700434,-17.100899,-3.4782605,4
0.020012999,10.003,42.758,3.1447,0.0,25.226,-39.71052,0.19126347,19.76349,-13.146831,-2.6316423,5
0.020012999,10.003,42.758,3.1447,0.0,25.226,-37.032673,-1.3202732,17.960623,-15.9979515,-3.9108753,2
0.020012999,10.003,42.758,3.1447,0.0,25.226,-41.541023,-0.37695423,15.996471,-14.724365,-3.0817835,1
0.020005873,10.002,2.6979,3.3119,0.0,9.1985,-42.656414,-0.78197926,-7.8817825,-8.444205,-4.319356,1
0.020005873,10.002,2.6979,3.3119,0.0,9.1985,-43.756878,-0.7817507,-5.375858,-6.831725,-3.8835716,5
0.020005873,10.002,2.6979,3.3119,0.0,9.1985,-39.890686,0.027077988,-7.7060113,-7.493184,-5.1618447,4
0.020005873,10.002,2.6979,3.3119,0.0,9.1985,-42.4597,-0.17307447,-7.0575895,-9.391605,-4.8211107,3
0.020005873,10.002,2.6979,3.3119,0.0,9.1985,-40.84708,0.004387027,-6.843846,-12.038683,-5.365062,2
0.020000795,10.002,12.888,3.1818,0.0,8.1414,-38.169464,0.12484144,3.820258,-16.922548,-4.4697924,4
0.020000795,10.002,12.888,3.1818,0.0,8.1414,-43.732716,-0.7436638,2.9013736,-12.741513,-3.051738,5
0.020000795,10.002,12.888,3.1818,0.0,8.1414,-41.914593,0.19251175,2.2435262,-15.359585,-4.647516,2
0.020000795,10.002,12.888,3.1818,0.0,8.1414,-44.421307,-0.8378122,2.769711,-14.46396,-4.1354504,1
0.020000795,10.002,12.888,3.1818,0.0,8.1414,-41.95656,-0.21126504,3.381061,-13.954599,-4.1946464,3
0.020000088,10.003,27.504,3.2599,0.0,18.658,-41.861423,-0.53060466,9.737366,-10.6443,-3.6779096,1
0.020000088,10.003,27.504,3.2599,0.0,18.658,-38.209976,-1.0604209,12.631521,-15.02668,-4.423476,3
0.020000088,10.003,27.504,3.2599,0.0,18.658,-38.089737,-1.3287379,11.804781,-14.294939,-4.3441534,2
0.020000088,10.003,27.504,3.2599,0.0,18.658,-40.30233,0.07296343,15.31291,-10.645123,-2.8696778,5
0.020000088,10.003,27.504,3.2599,0.0,18.658,-36.372665,-1.5583624,13.660585,-14.100642,-3.7938817,4
0.020000022,2.002,27.702,3.2307,0.0,34.577,-38.022247,1.7774496,14.9268,-14.515695,-3.9191391,2
0.020000022,2.002,27.702,3.2307,0.0,34.577,-40.038296,1.5670453,16.262802,-11.541457,-2.724463,5
0.020000022,2.002,27.702,3.2307,0.0,34.577,-35.424458,3.6840608,14.995133,-17.19765,-3.612667,4
0.020000022,2.002,27.702,3.2307,0.0,34.577,-41.170597,3.85074,11.346375,-10.582802,-3.717115,1
0.020000022,2.002,27.702,3.2307,0.0,34.577,-38.17806,3.9700453,13.7546425,-15.227031,-3.5339603,3
0.019998224,10.003,-17.092,3.3932,0.0,5.9306,-29.73279,-0.24036472,-29.447151,-3.3687944,-4.2250443,3
0.019998224,10.003,-17.092,3.3932,0.0,5.9306,-26.736692,-0.9111605,-26.666716,-5.795488,-4.72007,4
0.019998224,10.003,-17.092,3.3932,0.0,5.9306,-27.876598,-0.6523971,-27.3625,-6.9003134,-4.3885326,2
0.019998224,10.003,-17.092,3.3932,0.0,5.9306,-30.42975,0.022388257,-27.9574,-5.406816,-3.0836866,1
0.019998224,10.003,-17.092,3.3932,0.0,5.9306,-29.970884,0.4658347,-26.336222,-3.8339863,-4.224652,5
0.019965161,10.002,-7.1039,3.3479,0.0,7.138,-35.867348,-0.7037712,-8.381428,-7.791055,-3.237176,1
0.019965161,10.002,-7.1039,3.3479,0.0,7.138,-31.440224,0.09945886,-13.642521,-7.427989,-4.8091183,4
0.019965161,10.002,-7.1039,3.3479,0.0,7.138,-33.320953,-0.7368631,-13.598953,-7.1474876,-3.9310987,5
0.019965161,10.002,-7.1039,3.3479,0.0,7.138,-33.385498,0.05023384,-13.536995,-10.077407,-4.1570086,2
0.019965161,10.002,-7.1039,3.3479,0.0,7.138,-34.004242,-0.18646647,-14.141788,-8.2591715,-4.2452435,3
