SOC,PulseLength(s),Temperature(C),Voltage(V),Current(A),AvgCurrent_5s,AvgCurrent_10s,AvgCurrent_20s,AvgCurrent_50s
-7.397514956021914,2.864940793834394,10.010149832740717,-5.466951022299472,-0.23372628135839477,5.091043995888904,1.5014329286618158,0.5854309227899648,-0.12565511309541763
7.893745199423865,-1.7234422733285464,-14.444931743940106,6.096900257332018,-0.04358596444712021,-1.4292990813218056,-1.836988180577755,-1.570528982937394,-0.14002653348259628
-25.190057604679605,1.3635005335591268,-1.3234975833189673,-10.18817220184661,-0.5367942792223767,-2.6879975276533514,-0.8670768036483787,-0.5205302466219291,-0.2147584971319884
-35.073210903196596,-1.1183935307979118,9.202721560935025,-11.409279508091277,-0.06734778138110414,-2.2021556910779325,-1.5882090602628887,-0.8444810012326343,-0.3734565500123426
11.035968256699853,-0.8328765653842128,7.7527449214213995,12.01263613315532,0.2698622435971629,-1.3958548185694963,-1.2542070363461972,-0.7150244415635825,-0.1585998401697725
6.982229984783334,2.4129077762027737,8.192694263254817,4.319497625806252,-0.09997257330687717,1.2730095914145931,2.2172790614655242,0.8206185616459698,-0.11380924031604081
5.071645795411896,0.2781582167930901,9.329383857060456,8.406196144063724,0.05383209237828851,-1.5247008086647837,-1.9911378137767315,-1.076162402301561,-0.14488248636480422
10.273347055151826,-0.21014930528588593,8.859179854695686,9.501178046937566,0.049328865548595786,-1.654467356344685,-2.0649209514819087,-0.703275875399704,-0.1447750331601128
9.09633847031626,0.15911163926590233,2.6968780122557656,1.6848477731342428,0.2058780861343257,1.9001603606296704,1.7010084864124655,1.3128693037835182,0.740612332825549
-19.341453756948468,-0.8184583444881719,-2.913179042987758,-13.494123676393647,0.836241946668597,3.084665586373303,0.8972645271406509,1.1786202860670165,-0.07992572109331376
-25.210024867807515,-1.2704455655394122,-26.03957051915175,-9.068376415974344,-0.6113741256017238,-2.681634510126896,-1.0203673827159219,-0.7236072730459273,-0.36617698352085426
11.512186082792468,-0.7166072844003792,2.9305562370398546,5.405634703134419,-0.16339883487671614,2.0444732163799926,1.8949204664351418,1.176803663239116,0.14329966542311012
10.593529152297414,-0.0716256440395955,8.92420557018835,5.338972927626455,-0.244926603063941,1.9981711987312882,2.536038237065077,1.1647660938385525,-0.12742311807814985
-33.983014541258456,-1.1021860443276819,-3.6439356015517843,-19.89270529940026,0.8567864872608334,1.6257070461730472,0.8386359499604441,0.9440005995209504,-0.22446935084764846
-2.5710816010425335,1.160220107322093,-21.560159270984585,-2.4189490172942167,-0.14109363627387211,-1.6504621928045526,-2.0674789483379574,-1.200499390065088,-0.1505992332054302
2.9594058839557693,2.3433048005437014,8.470083995046153,2.7708137712039753,-0.1640907036396675,1.9258051565056666,2.0572415219293907,0.6490055029746145,-0.1261993031576276
-31.98363358538074,-1.2967927276110276,-8.348377903545625,-12.363638098921511,-0.45738411680329594,-2.0892391233611853,-1.0276120549137704,-0.8479657946433872,-0.3640977789228782
10.569132576315896,-0.17670948785496876,3.253070289910538,-4.019829595799092,0.8747524810174946,4.027227433770895,2.032423708385322,1.9971256048907526,0.9247452393453568
11.468317937277025,-0.13567180761136113,4.2801378019037655,9.869749049802776,0.025801114635542036,-1.9425712426519022,-1.538068380379118,-0.6390571534470655,-0.17532780706416815
10.216267497434746,-0.6346409952966496,-1.3089168573741334,6.931158815174131,-0.07630715200910344,-1.6529135658359155,-1.8811815673392267,-1.5401210316596552,-0.22667225797194987
10.78712092179223,-1.4367526369332335,4.050135709829629,6.704144597611157,-0.03642845015856437,-1.9598879395006223,-1.9099312582844867,-1.2955391014335327,-0.17231764916796238
12.666963190307142,0.03142736170440912,5.6925448500609495,11.503963758811587,0.17965983979636804,-1.1245308203808964,-1.3118774445541204,-0.5920307723755832,-0.1616678716149181
12.235531468527043,-1.4441067009489053,-10.426869848029455,10.77288297764957,-0.037437911891611296,-1.1166521469410509,-1.355120459375903,-0.7457678405279876,-0.16418969310820103
3.347715221431572,-0.04327775679877959,10.513807094937656,2.6703432533855085,-0.2491750123910606,2.273462448865175,2.5717329942877405,0.9854914277759963,-0.11781268422026187
-23.672038423655323,1.372476570981089,16.99967203732813,-7.324141825764673,-0.15446002646582202,-2.0625436076521875,-1.1490991890709847,-0.5525022156600607,-0.21057919497136027
9.216570438372436,-0.11163544617942535,5.048911962825805,5.538223213301972,-0.3538408748200163,1.0871226887684315,1.6401027534622699,1.1663756745296996,-0.2475476817879826
1.9210375741194001,-1.3594775834679604,0.02731607365538366,-2.3723689128272234,-0.18031063817441464,-2.0974229139834644,-1.8995292488927953,-1.5958025715406985,-0.17326749641448258
2.078341914060293,1.5336890356603545,9.307692595056723,-1.8665651159151457,-0.1613443228160031,1.701688807569444,1.668745701983571,1.031161186506506,-0.1385440215142444
6.204738945080899,-0.5875069768726826,5.073144071790157,7.6100398782629055,0.13201958999270574,-1.9840407179063186,-1.788141420558095,-1.1554991608439014,-0.160555428378284
2.9460443214082623,0.5353013038239441,-9.485762104606255,3.3988798421225512,-0.23703163366764785,1.8315916786203161,1.64214888186194,0.6158335194532992,-0.26097928601317105
13.398357405448332,-0.1802252718899399,2.2495041744608897,5.6670511617849115,-0.06391880662646145,1.7778693991200998,2.0813010418927296,1.3054910889815075,0.1921404696488753
10.53909383248887,-1.2592307092552073,-0.7347693685465493,6.944916031410685,-0.08424214982544072,-1.9636850695544854,-1.9357384262420236,-1.3693213114971876,-0.22979254942853003
-9.347643098729314,-0.8130643181956839,1.233158888053149,-11.732406065878457,0.849827329358086,3.574099635425955,0.934386256588623,1.5911110543226823,1.140333594599506
6.849298794638599,-0.18521969285560771,2.7138112254871523,-5.837074379501864,0.9061838958051521,4.499611646272242,1.9658738365233877,1.8847846807842144,1.6452323860209435
4.964878804425243,-0.18475665354635568,7.5289369282475676,9.136798418634571,0.03804867603816092,-1.5742410246375949,-2.0591787490528075,-1.1923164552135859,-0.14488248636480422
6.956014071240788,-0.003443139310693368,10.873631615821505,4.2908845747972375,-0.13350304428720847,1.732656650734134,2.4739449528302067,1.1584047384595033,-0.1173203948000446
