SOC,Temperature(C),Capacity,R_50%,SOP(W)
1,25,2.91,13.04,112.7814783
0.95,25,2.91,13.04,111.8757689
0.9,25,2.91,13.04,111.2665306
0.8,25,2.91,13.04,108.7202234
0.7,25,2.91,13.04,106.1245812
0.6,25,2.91,13.04,103.642953
0.5,25,2.91,13.04,100.4690494
0.4,25,2.91,13.04,97.9762153
0.3,25,2.91,13.04,95.95679988
0.2,25,2.91,13.04,93.28717032
0.15,25,2.91,13.04,90.80861692
0.1,25,2.91,13.04,83.76180522
0.05,25,2.91,13.04,51.54814884
0.02,25,2.91,13.04,28.52820071
0.01,25,2.91,13.04,16.87708283
1,10,2.91,13.04,108.2073752
0.95,10,2.91,13.04,107.7838275
0.9,10,2.91,13.04,107.286508
0.8,10,2.91,13.04,104.9005729
0.7,10,2.91,13.04,102.3505908
0.6,10,2.91,13.04,99.59292517
0.5,10,2.91,13.04,96.53379932
0.4,10,2.91,13.04,94.08184553
0.3,10,2.91,13.04,91.76559824
0.2,10,2.91,13.04,87.80379819
0.15,10,2.91,13.04,81.73583294
0.1,10,2.91,13.04,54.50634815
0.05,10,2.91,13.04,25.30431852
1,25,2.85,13.16,112.2947622
0.95,25,2.85,13.16,111.5200244
0.9,25,2.85,13.16,110.8716795
0.8,25,2.85,13.16,108.3309667
0.7,25,2.85,13.16,105.9768079
0.6,25,2.85,13.16,103.4753617
0.5,25,2.85,13.16,100.2480744
0.4,25,2.85,13.16,97.74417804
0.3,25,2.85,13.16,95.61777607
0.2,25,2.85,13.16,92.54929741
0.15,25,2.85,13.16,88.92387776
0.1,25,2.85,13.16,78.5086955
0.05,25,2.85,13.16,45.71093112
0.02,25,2.85,13.16,25.48688228
0.01,25,2.85,13.16,14.24198996
1,10,2.85,13.16,107.065636
0.95,10,2.85,13.16,106.7376955
0.9,10,2.85,13.16,106.2203425
0.8,10,2.85,13.16,104.0654473
0.7,10,2.85,13.16,101.8965778
0.6,10,2.85,13.16,98.79018983
0.5,10,2.85,13.16,95.71033551
0.4,10,2.85,13.16,93.20101916
0.3,10,2.85,13.16,90.44502779
0.2,10,2.85,13.16,82.66853663
0.15,10,2.85,13.16,60.60311842
0.1,10,2.85,13.16,33.90809041
1,25,2.79,14.02,111.1522108
0.95,25,2.79,14.02,110.4839539
0.9,25,2.79,14.02,109.7561449
0.8,25,2.79,14.02,107.3606916
0.7,25,2.79,14.02,105.2073706
0.6,25,2.79,14.02,102.6359541
0.5,25,2.79,14.02,99.45059337
0.4,25,2.79,14.02,96.94526359
0.3,25,2.79,14.02,94.6623214
0.2,25,2.79,14.02,90.92110254
0.15,25,2.79,14.02,85.43714942
0.1,25,2.79,14.02,68.32665933
0.05,25,2.79,14.02,38.21901187
0.02,25,2.79,14.02,22.43095708
0.01,25,2.79,14.02,13.2439899
1,10,2.79,14.02,105.5035932
0.95,10,2.79,14.02,105.3994543
0.9,10,2.79,14.02,104.7235546
0.8,10,2.79,14.02,102.6936779
0.7,10,2.79,14.02,100.7168118
0.6,10,2.79,14.02,97.91714073
0.5,10,2.79,14.02,94.85681278
0.4,10,2.79,14.02,92.26345882
0.3,10,2.79,14.02,89.01906547
0.2,10,2.79,14.02,80.96427331
0.15,10,2.79,14.02,62.45429432
0.1,10,2.79,14.02,36.73085431
0.05,10,2.79,14.02,18.8502789
1,25,2.72,14.84,110.1364422
0.95,25,2.72,14.84,109.546348
0.9,25,2.72,14.84,108.7617801
0.8,25,2.72,14.84,106.5357194
0.7,25,2.72,14.84,104.5015778
0.6,25,2.72,14.84,101.9005599
0.5,25,2.72,14.84,98.78125039
0.4,25,2.72,14.84,96.25797269
0.3,25,2.72,14.84,93.86073307
0.2,25,2.72,14.84,89.59977192
0.15,25,2.72,14.84,84.20198378
0.1,25,2.72,14.84,65.60182148
0.05,25,2.72,14.84,39.53533316
0.02,25,2.72,14.84,24.46113119
0.01,25,2.72,14.84,17.10313216
1,10,2.72,14.84,103.8232285
0.95,10,2.72,14.84,103.8460163
0.9,10,2.72,14.84,102.9880518
0.8,10,2.72,14.84,101.2332301
0.7,10,2.72,14.84,99.40645223
0.6,10,2.72,14.84,96.73415608
0.5,10,2.72,14.84,93.80135353
0.4,10,2.72,14.84,91.15331654
0.3,10,2.72,14.84,87.52478831
0.2,10,2.72,14.84,79.39140935
0.15,10,2.72,14.84,56.34908086
0.1,10,2.72,14.84,34.30739601
0.05,10,2.72,14.84,19.13602769
1,25,2.71,15.67,109.14
0.95,25,2.71,15.67,108.61
0.9,25,2.71,15.67,107.78
0.8,25,2.71,15.67,105.69
0.7,25,2.71,15.67,103.69
0.6,25,2.71,15.67,100.97
0.5,25,2.71,15.67,97.873
0.4,25,2.71,15.67,95.35
0.3,25,2.71,15.67,92.723
0.2,25,2.71,15.67,87.419
0.15,25,2.71,15.67,79.827
0.1,25,2.71,15.67,54.824
0.05,25,2.71,15.67,31.824
0.02,25,2.71,15.67,18.894
0.01,25,2.71,15.67,10.9673
1,10,2.71,15.67,102.21
0.95,10,2.71,15.67,102.22
0.9,10,2.71,15.67,101.68
0.8,10,2.71,15.67,99.694
0.7,10,2.71,15.67,97.842
0.6,10,2.71,15.67,95.113
0.5,10,2.71,15.67,92.191
0.4,10,2.71,15.67,89.437
0.3,10,2.71,15.67,85.06
0.2,10,2.71,15.67,66.704
0.15,10,2.71,15.67,42.848
0.1,10,2.71,15.67,27.049
0.05,10,2.71,15.67,15.639
1,25,2.68,16.52,108.09
0.95,25,2.68,16.52,107.62
0.9,25,2.68,16.52,106.81
0.8,25,2.68,16.52,104.83
0.7,25,2.68,16.52,102.86
0.6,25,2.68,16.52,100.08
0.5,25,2.68,16.52,97.014
0.4,25,2.68,16.52,94.474
0.3,25,2.68,16.52,91.643
0.2,25,2.68,16.52,85.284
0.15,25,2.68,16.52,76.966
0.1,25,2.68,16.52,50.047
0.05,25,2.68,16.52,29.229
0.02,25,2.68,16.52,16.703
1,10,2.68,16.52,100.65
0.95,10,2.68,16.52,100.7
0.9,10,2.68,16.52,100.24
0.8,10,2.68,16.52,98.254
0.7,10,2.68,16.52,96.395
0.6,10,2.68,16.52,93.672
0.5,10,2.68,16.52,90.796
0.4,10,2.68,16.52,87.94
0.3,10,2.68,16.52,82.876
0.2,10,2.68,16.52,57.873
0.15,10,2.68,16.52,37.886
0.1,10,2.68,16.52,24.392
0.05,10,2.68,16.52,14.782
1,25,2.65,17.57,106.9
0.95,25,2.65,17.57,106.46
0.9,25,2.65,17.57,105.69
0.8,25,2.65,17.57,103.82
0.7,25,2.65,17.57,101.84
0.6,25,2.65,17.57,99.011
0.5,25,2.65,17.57,95.998
0.4,25,2.65,17.57,93.418
0.3,25,2.65,17.57,90.33
0.2,25,2.65,17.57,82.868
0.15,25,2.65,17.57,70.827
0.1,25,2.65,17.57,46.329
0.05,25,2.65,17.57,27.937
0.02,25,2.65,17.57,16.428
1,10,2.65,17.57,99.263
0.95,10,2.65,17.57,99.252
0.9,10,2.65,17.57,98.831
0.8,10,2.65,17.57,97.04
0.7,10,2.65,17.57,94.888
0.6,10,2.65,17.57,91.882
0.5,10,2.65,17.57,88.894
0.4,10,2.65,17.57,85.755
0.3,10,2.65,17.57,80.059
0.2,10,2.65,17.57,50.451
0.15,10,2.65,17.57,33.614
0.1,10,2.65,17.57,21.705
0.05,10,2.65,17.57,14.365
1,25,2.61,18.56,105.74
0.95,25,2.61,18.56,105.33
0.9,25,2.61,18.56,104.64
0.8,25,2.61,18.56,102.84
0.7,25,2.61,18.56,100.84
0.6,25,2.61,18.56,97.976
0.5,25,2.61,18.56,95.015
0.4,25,2.61,18.56,92.384
0.3,25,2.61,18.56,89.02
0.2,25,2.61,18.56,80.69
0.15,25,2.61,18.56,65.154
0.1,25,2.61,18.56,42.725
0.05,25,2.61,18.56,26.379
0.02,25,2.61,18.56,15.762
1,10,2.61,18.56,97.746
0.95,10,2.61,18.56,97.765
0.9,10,2.61,18.56,97.373
0.8,10,2.61,18.56,95.574
0.7,10,2.61,18.56,93.326
0.6,10,2.61,18.56,90.279
0.5,10,2.61,18.56,87.282
0.4,10,2.61,18.56,83.85
0.3,10,2.61,18.56,76.73
0.2,10,2.61,18.56,43.25
0.15,10,2.61,18.56,28.837
0.1,10,2.61,18.56,19.839
1,25,2.58,19.76,104.5
0.95,25,2.58,19.76,104.07
0.9,25,2.58,19.76,103.45
0.8,25,2.58,19.76,101.68
0.7,25,2.58,19.76,99.595
0.6,25,2.58,19.76,96.656
0.5,25,2.58,19.76,93.719
0.4,25,2.58,19.76,90.992
0.3,25,2.58,19.76,87.13
0.2,25,2.58,19.76,76.565
0.15,25,2.58,19.76,56.738
0.1,25,2.58,19.76,37.343
0.05,25,2.58,19.76,23.312
0.02,25,2.58,19.76,13.792
0.01,25,2.58,19.76,8.9902
1,10,2.58,19.76,95.672
0.95,10,2.58,19.76,95.421
0.9,10,2.58,19.76,94.943
0.8,10,2.58,19.76,93.528
0.7,10,2.58,19.76,91.19
0.6,10,2.58,19.76,88.101
0.5,10,2.58,19.76,84.989
0.4,10,2.58,19.76,81.134
0.3,10,2.58,19.76,64.785
0.2,10,2.58,19.76,35.011
0.15,10,2.58,19.76,22.573
0.1,10,2.58,19.76,15.469
0.05,10,2.58,19.76,8.8108
1,25,2.48,21.32,102.84
0.95,25,2.48,21.32,102.42
0.9,25,2.48,21.32,101.89
0.8,25,2.48,21.32,100.16
0.7,25,2.48,21.32,98.03
0.6,25,2.48,21.32,95.095
0.5,25,2.48,21.32,92.205
0.4,25,2.48,21.32,89.385
0.3,25,2.48,21.32,85.216
0.2,25,2.48,21.32,70.987
0.15,25,2.48,21.32,53.803
0.1,25,2.48,21.32,36.483
0.05,25,2.48,21.32,24.729
0.02,25,2.48,21.32,17.186
0.01,25,2.48,21.32,13.662
1,10,2.48,21.32,93.688
0.95,10,2.48,21.32,93.552
0.9,10,2.48,21.32,93.166
0.8,10,2.48,21.32,91.806
0.7,10,2.48,21.32,89.562
0.6,10,2.48,21.32,86.634
0.5,10,2.48,21.32,83.576
0.4,10,2.48,21.32,79.289
0.3,10,2.48,21.32,61.96
0.2,10,2.48,21.32,35.42
0.15,10,2.48,21.32,23.351
0.1,10,2.48,21.32,16.36
0.05,10,2.48,21.32,10.795
0.02,10,2.48,21.32,7.348
0.01,10,2.48,21.32,5.6525
1,25,2.42,22.58,93.688
0.95,25,2.42,22.58,93.552
0.9,25,2.42,22.58,93.166
0.8,25,2.42,22.58,91.806
0.7,25,2.42,22.58,89.562
0.6,25,2.42,22.58,86.634
0.5,25,2.42,22.58,83.576
0.4,25,2.42,22.58,79.289
0.3,25,2.42,22.58,61.96
0.2,25,2.42,22.58,35.42
0.15,25,2.42,22.58,23.351
0.1,25,2.42,22.58,16.36
0.05,25,2.42,22.58,10.795
0.02,25,2.42,22.58,7.348
0.01,25,2.42,22.58,5.6525
1,10,2.42,22.58,92.072
0.95,10,2.42,22.58,92.031
0.9,10,2.42,22.58,91.654
0.8,10,2.42,22.58,90.258
0.7,10,2.42,22.58,87.615
0.6,10,2.42,22.58,84.653
0.5,10,2.42,22.58,81.347
0.4,10,2.42,22.58,76.254
0.3,10,2.42,22.58,50.646
0.2,10,2.42,22.58,28.306
0.15,10,2.42,22.58,19.552
0.1,10,2.42,22.58,13.474
0.05,10,2.42,22.58,7.8025
1,25,2.42,23.97,100.22
0.95,25,2.42,23.97,99.855
0.9,25,2.42,23.97,99.4
0.8,25,2.42,23.97,97.587
0.7,25,2.42,23.97,95.092
0.6,25,2.42,23.97,91.952
0.5,25,2.42,23.97,88.939
0.4,25,2.42,23.97,85.525
0.3,25,2.42,23.97,79.769
0.2,25,2.42,23.97,53.374
0.15,25,2.42,23.97,38.257
0.1,25,2.42,23.97,26.899
0.05,25,2.42,23.97,17.391
0.02,25,2.42,23.97,10.012
0.01,25,2.42,23.97,5.9672
1,10,2.42,23.97,90.613
0.95,10,2.42,23.97,90.53
0.9,10,2.42,23.97,90.111
0.8,10,2.42,23.97,88.539
0.7,10,2.42,23.97,85.813
0.6,10,2.42,23.97,82.553
0.5,10,2.42,23.97,78.963
0.4,10,2.42,23.97,64.029
0.3,10,2.42,23.97,42.288
0.2,10,2.42,23.97,23.877
0.15,10,2.42,23.97,16.636
0.1,10,2.42,23.97,11.838
0.05,10,2.42,23.97,6.9211
1,25,2.38,25.61,98.41
0.95,25,2.38,25.61,98.143
0.9,25,2.38,25.61,97.751
0.8,25,2.38,25.61,95.949
0.7,25,2.38,25.61,93.378
0.6,25,2.38,25.61,90.351
0.5,25,2.38,25.61,87.419
0.4,25,2.38,25.61,84.009
0.3,25,2.38,25.61,78.2
0.2,25,2.38,25.61,53.245
0.15,25,2.38,25.61,39.625
0.1,25,2.38,25.61,28.735
0.05,25,2.38,25.61,20.304
0.02,25,2.38,25.61,14.047
0.01,25,2.38,25.61,11.033
1,10,2.38,25.61,88.671
0.95,10,2.38,25.61,88.677
0.9,10,2.38,25.61,88.282
0.8,10,2.38,25.61,86.659
0.7,10,2.38,25.61,83.953
0.6,10,2.38,25.61,80.956
0.5,10,2.38,25.61,76.904
0.4,10,2.38,25.61,59.253
0.3,10,2.38,25.61,40.374
0.2,10,2.38,25.61,24.312
0.15,10,2.38,25.61,17.534
0.1,10,2.38,25.61,13.006
0.05,10,2.38,25.61,9.1529
0.02,10,2.38,25.61,5.9801
0.01,10,2.38,25.61,4.6223
1,25,2.36,27.18,96.97
0.95,25,2.36,27.18,96.754
0.9,25,2.36,27.18,96.384
0.8,25,2.36,27.18,94.5
0.7,25,2.36,27.18,91.766
0.6,25,2.36,27.18,88.7
0.5,25,2.36,27.18,85.736
0.4,25,2.36,27.18,82.151
0.3,25,2.36,27.18,75.611
0.2,25,2.36,27.18,49.198
0.15,25,2.36,27.18,37.009
0.1,25,2.36,27.18,27.312
0.05,25,2.36,27.18,19.262
0.02,25,2.36,27.18,13.101
0.01,25,2.36,27.18,10.144
1,10,2.36,27.18,86.919
0.95,10,2.36,27.18,87
0.9,10,2.36,27.18,86.604
0.8,10,2.36,27.18,84.927
0.7,10,2.36,27.18,82.128
0.6,10,2.36,27.18,79.028
0.5,10,2.36,27.18,70.364
0.4,10,2.36,27.18,52.794
0.3,10,2.36,27.18,36.238
0.2,10,2.36,27.18,23.137
0.15,10,2.36,27.18,16.328
0.1,10,2.36,27.18,12.269
0.05,10,2.36,27.18,8.6047
0.02,10,2.36,27.18,5.5136
1,25,2.33,28.63,95.422
0.95,25,2.33,28.63,95.287
0.9,25,2.33,28.63,94.954
0.8,25,2.33,28.63,92.977
0.7,25,2.33,28.63,90.144
0.6,25,2.33,28.63,87.118
0.5,25,2.33,28.63,84.167
0.4,25,2.33,28.63,80.484
0.3,25,2.33,28.63,69.546
0.2,25,2.33,28.63,45.076
0.15,25,2.33,28.63,35.311
0.1,25,2.33,28.63,26.427
0.05,25,2.33,28.63,18.663
0.02,25,2.33,28.63,12.683
0.01,25,2.33,28.63,9.8076
1,10,2.33,28.63,85.214
0.95,10,2.33,28.63,85.4
0.9,10,2.33,28.63,85.023
0.8,10,2.33,28.63,83.301
0.7,10,2.33,28.63,80.463
0.6,10,2.33,28.63,77.111
0.5,10,2.33,28.63,64.322
0.4,10,2.33,28.63,48.101
0.3,10,2.33,28.63,33.489
0.2,10,2.33,28.63,21.137
0.15,10,2.33,28.63,15.537
0.1,10,2.33,28.63,11.797
0.05,10,2.33,28.63,8.2226
0.02,10,2.33,28.63,5.2038