SOC,PulseLength(s),Temperature(C),Voltage(V),Current(A),AvgCurrent_5s,AvgCurrent_10s,AvgCurrent_20s,AvgCurrent_50s,SOP(W),SOP(W)_real
1.000000026,30.002,25.575,4.1568,0.0,0.0,0.0,0.0,0.0,0.950906649684442,102.39
0.900000026,30.003,27.726,4.071,0.0,0.0,0.0,0.0,0.0,0.9317819308868152,100.45
0.800000026,30.002,27.702,3.9913,0.0,0.0,0.0,0.0,0.0,0.914756987915938,98.723
0.69999618,30.003,27.618,3.9069,0.0,0.0,0.0,0.0,0.0,0.8937690877509132,96.594
0.600000026,30.002,27.581,3.8096,0.0,0.0,0.0,0.0,0.0,0.8639976182824425,93.574
0.500000026,30.002,27.745,3.7168,0.0,0.0,0.0,0.0,0.0,0.8278775308213573,89.91
0.400000026,30.001,27.822,3.643,0.0,0.0,0.0,0.0,0.0,0.7945374282576593,86.528
0.300000026,30.001,27.682,3.5852,0.0,0.0,0.0,0.0,0.0,0.7485099478112054,81.859
0.200000026,30.002,27.558,3.5043,0.0,0.0,0.0,0.0,0.0,0.590277545017025,65.808
0.100000026,30.001,27.84,3.3998,0.0,0.0,0.0,0.0,0.0,0.2544612842741577,31.743
1.000000022,2.002,25.756,4.1557,0.0,0.0,0.0,0.0,0.0,0.975453324842221,104.88
0.950176946,2.002,26.408,4.0351,-0.99993,0.9998720000000001,0.99989,0.9998630000000001,0.9998570588235295,0.9758476489411412,104.92
0.900161561,2.002,26.139,4.0021,-1.0,1.0000766666666667,1.0001236363636363,1.000121904761905,1.0001149019607842,0.97259447512505,104.59
0.800146176,2.003,26.082,3.9237,-0.99991,0.9998433333333333,0.9998330000000001,0.9998555,0.9998717647058825,0.9583002265391948,103.14
0.700150022,2.003,26.705,3.8542,-0.99982,0.9998616666666665,0.99984,0.9998733333333334,0.9998864000000001,0.9412457092608986,101.41
0.600115407,2.001,26.196,3.7553,-1.0002,1.0001166666666668,1.000118181818182,1.0001057142857142,1.00012137254902,0.9166398854882817,98.914
0.500153869,2.002,26.075,3.6677,-1.0001,1.000095,1.0001245454545453,1.0001071428571429,1.0001129411764706,0.8893230835355888,96.143
0.400153869,2.002,26.069,3.5949,-1.0001,1.00012,1.0001200000000001,1.0001123809523809,1.000123137254902,0.8641553479220105,93.59
0.300153869,2.004,25.966,3.5291,-1.0,1.0000766666666665,1.0000481818181817,1.0000919047619048,1.0000888,0.8350147970118119,90.634
0.20019233,2.002,26.6,3.4439,-0.99997,0.9998966666666668,0.9998981818181818,0.9999,0.9999062745098038,0.7786855994810695,84.92
0.150153869,2.002,26.948,3.3817,-0.99989,0.999905,0.9999054545454545,0.9998861904761905,0.9998854901960784,0.7264573725790965,79.622
0.100153869,2.003,26.666,3.3131,-0.99993,0.9998733333333333,0.99987,0.9998690476190477,0.9998721568627451,0.5705120495586528,63.803
0.050000022,2.002,27.278,3.2573,0.0,0.66662,0.8181181818181819,0.9046728571428572,0.9606837254901961,0.37571594469210184,44.043
0.020000022,2.002,27.702,3.2307,0.0,0.0,0.0,0.0,0.0,0.2823991466826499,34.577
1.000000088,10.001,39.394,4.1276,0.0,0.0,0.0,0.0,0.0,1.0,107.37
0.950191862,10.001,41.578,4.0496,-1.0001,1.000024,1.0000319999999998,1.0000559999999998,1.0000714000000002,0.9932964903183575,106.69
0.900000088,10.002,42.91,4.039,0.0,0.0,0.18183636363636363,0.5714690476190476,0.82359,0.9888603442055058,106.24
0.800201356,10.002,41.193,3.9375,-0.99981,0.9998866666666667,0.99988,0.999855238095238,0.9998686274509804,0.9708200166799094,104.41
0.700133001,10.002,41.636,3.8621,-1.0002,1.000064,1.0001120000000001,1.000111,1.0000948,0.9499208394371418,102.29
0.600197559,10.002,41.67,3.7615,-0.9998,0.99985,0.9998681818181818,0.999881,0.999861568627451,0.9223378687176778,99.492
0.500170976,10.002,41.062,3.6741,-1.0,1.00002,1.000039,1.0000719999999998,1.000081568627451,0.8947154655883216,96.69
0.400144393,10.002,41.325,3.6038,-0.99978,0.9998266666666668,0.9999045454545453,0.9998900000000001,0.9998862745098039,0.8697448920242036,94.157
0.300193761,10.002,40.977,3.5355,-1.0,1.0000833333333332,1.0001,1.000104761904762,1.000110588235294,0.8409986652129251,91.241
0.200091228,10.002,41.341,3.4458,-0.99994,0.9998319999999999,0.9998420000000001,0.9998414999999999,0.9998427450980392,0.7861777573605523,85.68
0.150001986,10.002,42.761,3.4165,0.0,0.0,0.0,0.0,0.0,0.7455328008643585,81.557
0.099988695,10.003,42.627,3.3837,0.0,0.0,0.0,0.0,0.0,0.6275904628773435,69.593
0.050013379,10.002,42.904,3.3134,0.0,0.0,0.0,0.0,0.0,0.3742175131162053,43.891
0.020012999,10.003,42.758,3.1447,0.0,0.0,0.0,0.0,0.0,0.1902160304575934,25.226
1.000000111,10.002,-8.0474,4.135,0.0,0.0,0.0,0.0,0.0,0.6523145838796365,72.101
0.950000111,10.003,-7.063,4.0469,0.0,0.0,0.0,0.0,0.0,0.6651695495044332,73.405
0.899995742,10.002,-7.1402,3.9806,0.0,0.0,0.0,0.0,0.0,0.6548481162151985,72.358
0.799995742,10.003,-7.1778,3.87,0.0,0.0,0.0,0.0,0.0,0.6017030857832361,66.967
0.699991373,10.003,-7.1122,3.7802,0.0,0.0,0.0,0.0,0.0,0.546408989012159,61.358
0.599991373,10.002,-7.2421,3.6851,0.0,0.0,0.0,0.0,0.0,0.4813553707928083,54.759
0.500000111,10.003,-7.096,3.618,0.0,0.0,0.0,0.0,0.0,0.3943871907759706,45.937
0.400000111,10.001,-7.2224,3.561,0.0,0.0,0.0,0.0,0.0,0.2901673314313768,35.365
0.300000111,10.003,-7.37,3.5104,0.0,0.0,0.0,0.0,0.0,0.18616435034118892,24.815
0.200000111,10.003,-7.2705,3.4607,0.0,0.0,0.0,0.0,0.0,0.10798959773027049,16.885
0.149978267,10.002,-7.2743,3.4322,0.0,0.0,0.0,0.0,0.0,0.07342709045991991,13.379
0.100000111,10.003,-7.201,3.4051,0.0,0.0,0.0,0.0,0.0,0.04841708448590982,10.842
0.049978267,10.002,-7.2905,3.3759,0.0,0.0,0.0,0.0,0.0,0.024499356265908517,8.4158
0.019965161,10.002,-7.1039,3.3479,0.0,0.0,0.0,0.0,0.0,0.011902672925904528,7.138
1.000000086,10.001,1.2544,4.1379,0.0,0.0,0.0,0.0,0.0,0.7821556515515667,85.272
0.94999802,10.003,2.8248,4.0639,0.0,0.0,0.0,0.0,0.0,0.7845215961450875,85.512
0.900000086,10.001,2.8199,4.0117,0.0,0.0,0.0,0.0,0.0,0.7818894827847956,85.245
0.799995953,10.003,2.87,3.9015,0.0,0.0,0.0,0.0,0.0,0.7649335465312295,83.525
0.699995953,10.002,2.8241,3.8139,0.0,0.0,0.0,0.0,0.0,0.7449807471258703,81.501
0.599995953,10.003,2.7072,3.7191,0.0,0.0,0.0,0.0,0.0,0.7198130115122919,78.948
0.499979419,10.001,2.778,3.6384,0.0,0.0,0.0,0.0,0.0,0.6817705940689712,75.089
0.39999182,10.003,2.8287,3.5792,0.0,0.0,0.0,0.0,0.0,0.5509831485596327,61.822
0.30000422,10.003,2.7227,3.519,0.0,0.0,0.0,0.0,0.0,0.36795761804584803,43.256
0.199975286,10.002,2.8426,3.4506,0.0,0.0,0.0,0.0,0.0,0.20628473748858928,26.856
0.150002153,10.002,2.8281,3.4203,0.0,0.0,0.0,0.0,0.0,0.14427727293339668,20.566
0.099987686,10.003,2.3884,3.3904,0.0,0.0,0.0,0.0,0.0,0.09585427358600307,15.654
0.049973219,10.003,2.7543,3.3495,0.0,0.0,0.0,0.0,0.0,0.05262649424188234,11.269
0.020005873,10.002,2.6979,3.3119,0.0,0.0,0.0,0.0,0.0,0.03221529307152841,9.1985
1.000000088,10.002,26.2,4.1558,0.0,0.0,0.0,0.0,0.0,0.9565257680940541,102.96
0.950000088,10.002,27.814,4.0783,0.0,0.0,0.0,0.0,0.0,0.9555399578467538,102.86
0.899996242,10.002,27.699,4.0613,0.0,0.0,0.0,0.0,0.0,0.9510052307091722,102.4
0.799996242,10.002,27.493,3.9268,-1.0,1.0000833333333332,1.000072727272727,1.000104761904762,1.0001286274509806,0.931387606787895,100.41
0.700184704,10.003,26.68,3.8541,-1.0,1.00015,1.0001454545454544,1.000142857142857,1.0001301960784312,0.9122727460927411,98.471
0.600000088,10.003,27.159,3.7709,0.0,0.8332799999999999,0.9090263636363637,0.9522738095238095,0.9802782352941176,0.8856953018255235,95.775
0.500153935,10.002,26.856,3.6662,-0.99981,0.9998733333333334,0.9998627272727273,0.9998509523809522,0.9998566666666666,0.8561801430213507,92.781
0.400115473,10.003,26.259,3.5937,-0.99986,0.9998816666666667,0.9998827272727272,0.9998735,0.9998772549019609,0.8274634905174911,89.868
0.300000088,10.003,27.172,3.528,-1.0002,1.0001499999999999,1.0001545454545455,1.0001309523809523,1.0001160784313725,0.7888295869257901,85.949
0.200000088,10.002,27.283,3.4665,0.0,0.4999766666666667,0.7271945454545455,0.8570495238095238,0.941082156862745,0.7102802264208975,77.981
0.150000088,10.002,27.884,3.4358,0.0,0.0,0.0,0.0,0.0,0.5788421461483407,64.648
0.100000088,10.002,27.818,3.3897,0.0,0.0,0.0,0.0,0.0,0.3629497019895622,42.748
0.050000088,10.002,27.798,3.3303,0.0,0.0,0.0,0.0,0.0,0.2070931018913755,26.938
0.020000088,10.003,27.504,3.2599,0.0,0.0,0.0,0.0,0.0,0.12546801341490585,18.658
1.000000097,10.002,-18.568,4.136,0.0,0.0,0.0,0.0,0.0,0.34298704448172995,40.723
0.950000097,10.002,-17.091,4.0172,0.0,0.0,0.0,0.0,0.0,0.3528747212621526,41.726
0.900000097,10.002,-17.063,3.9487,0.0,0.0,0.0,0.0,0.0,0.3442193072908554,40.848
0.799995414,10.002,-17.113,3.8412,0.0,0.0,0.0,0.0,0.0,0.315670242529037,37.952
0.699995414,10.002,-17.098,3.7543,0.0,0.0,0.0,0.0,0.0,0.279895188654507,34.323
0.599995414,10.002,-17.223,3.6813,0.0,0.0,0.0,0.0,0.0,0.23838271914068887,30.112
0.500000097,10.002,-17.313,3.6251,0.0,0.0,0.0,0.0,0.0,0.19205949562004504,25.413
0.400009464,10.002,-17.2,3.5725,0.0,0.0,0.0,0.0,0.0,0.14223664572148495,20.359
0.299971997,10.003,-17.069,3.5298,0.0,0.0,0.0,0.0,0.0,0.09302499817625104,15.367
0.199981364,10.002,-17.108,3.4866,0.0,0.0,0.0,0.0,0.0,0.05302081834080248,11.309
0.150009464,10.002,-17.233,3.4637,0.0,0.0,0.0,0.0,0.0,0.036031364538828096,9.5856
0.09999073,10.002,-17.161,3.4396,0.0,0.0,0.0,0.0,0.0,0.02001687707143378,7.9611
0.049971997,10.003,-17.393,3.4155,0.0,0.0,0.0,0.0,0.0,0.007414278869945993,6.6827
0.019998224,10.003,-17.092,3.3932,0.0,0.0,0.0,0.0,0.0,0.0,5.9306
1.000000023,10.001,11.066,4.1395,0.0,0.0,0.0,0.0,0.0,0.8647764083778098,93.653
0.949998092,10.001,12.928,4.0698,0.0,0.0,0.0,0.0,0.0,0.8674578122504667,93.925
0.899996162,10.002,12.792,4.0306,0.0,0.0,0.0,0.0,0.0,0.8623907475793429,93.411
0.799996162,10.003,12.84,3.9106,0.0,0.0,0.0,0.0,0.0,0.8453362303010467,91.681
0.699996162,10.003,12.722,3.8326,0.0,0.0,0.0,0.0,0.0,0.8237667020901148,89.493
0.599984578,10.001,12.807,3.7227,0.0,0.0,0.0,0.0,0.0,0.7960358598335558,86.68
0.499980717,10.001,12.785,3.6281,0.0,0.0,0.0,0.5237276190476191,0.8037960784313726,0.7630900813687778,83.338
0.399976856,10.002,12.786,3.5786,0.0,0.0,0.0,0.0,0.0,0.7236478133742905,79.337
0.299972995,10.002,12.802,3.5167,0.0,0.0,0.0,0.0,0.0,0.5641141410536734,63.154
0.199969134,10.003,12.881,3.433,0.0,0.0,0.0,0.0,0.0,0.304412289504867,36.81
0.149967203,10.002,12.877,3.3979,0.0,0.0,0.0,0.0,0.0,0.20096136215316726,26.316
0.100003884,10.002,12.579,3.3584,0.0,0.0,0.0,0.0,0.0,0.12184023170484051,18.29
0.050001953,10.002,12.841,3.2806,0.0,0.0,0.0,0.0,0.0,0.05651058661624576,11.663
0.020000795,10.002,12.888,3.1818,0.0,0.0,0.0,0.0,0.0,0.021794292947316336,8.1414
1.0,10.003,0.62361,4.1911,0.0,0.0,0.0,0.0,0.0,0.9989550766555765,99.794
0.95069791,10.002,1.7753,3.8583,-5.9983,5.998583333333333,5.9987545454545455,5.998809523809524,3.961562264150943,0.9948798756123249,99.404
0.900696173,10.001,2.3268,3.8522,-6.0021,6.00138,6.001189999999999,6.00113,3.9629603773584905,0.9909300653704043,99.026
0.800804084,10.003,2.5018,3.7633,-5.9996,5.999,5.99898,5.999004761904762,5.9989,0.9723826760068881,97.251
0.700758836,10.002,3.2448,3.6921,-6.0002,6.0007166666666665,6.000772727272727,6.000766666666666,6.0008196078431375,0.9512543259826458,95.229
0.600786686,10.001,3.2405,3.6155,-6.0004,6.000766666666667,6.000909090909091,6.000909523809524,6.0009411764705884,0.9225398324778893,92.481
0.500783209,10.002,2.9739,3.5264,-6.0016,6.000733333333334,6.000719999999999,6.000819999999999,6.000835294117647,0.8935118619698059,89.703
0.400779733,10.002,3.147,3.4327,-6.0002,6.00058,6.000754545454546,6.000865,6.000594000000001,0.8549228428602478,86.01
0.300776258,10.001,3.1931,3.3532,-5.9987,5.99888,5.998620000000001,5.9986749999999995,5.998778431372547,0.8047351746275891,81.207
0.200772781,10.002,4.0431,3.2474,-6.0013,6.000566666666667,6.000772727272727,6.000745,6.000649019607843,0.5927515757444034,60.92
0.150997298,10.002,3.3451,3.199,-6.0005,6.000699999999999,6.000681818181818,6.000861904761906,4.3025735849056606,0.3983644859813084,42.317
0.100734499,10.003,3.1408,2.8621,-6.0017,6.001,6.000945454545455,6.00087619047619,5.547867924528303,0.13805318241853778,17.405
1.0,10.001,0.74664,4.1905,0.0,0.0,0.0,0.0,0.0,0.994566398608998,99.374
0.951268758,10.002,2.4254,3.6991,-12.001,12.000666666666666,12.000636363636364,8.870000000000001,3.849245283018869,0.992246668784378,99.152
0.901256579,10.002,2.9945,3.7104,-12.0,11.999833333333333,12.001727272727273,8.871478260869566,3.8498867924528306,0.9896761573570962,98.906
0.801347085,10.002,3.9957,3.6255,-12.001,12.001333333333333,12.001545454545454,12.001666666666669,12.002019607843136,0.9719124605018975,97.206
0.701343607,10.004,4.4233,3.5658,-11.999,11.999666666666668,12.0,11.999857142857142,12.000372549019607,0.9522261046929597,95.322
0.601343612,10.002,4.5069,3.4859,-12.002,12.001833333333332,12.001818181818182,12.001952380952384,12.002019999999998,0.9208470566599234,92.319
0.501305325,10.002,4.2512,3.39,-12.002,12.001666666666667,12.001363636363635,12.00157142857143,12.001780000000002,0.8834492501630079,88.74
0.40130185,10.002,4.8899,3.2971,-12.0,11.999666666666668,11.999727272727274,11.999857142857143,12.000058823529411,0.8416000702188486,84.735
0.301298375,10.002,4.6258,3.2075,-12.001,12.002,12.002090909090908,12.001904761904763,12.001999999999997,0.7840143447076723,79.224
0.201294898,10.002,4.8189,3.0729,-11.998,11.9992,11.999636363636363,11.999571428571429,11.99984,0.5631175496965544,58.084
0.151937112,10.002,4.1287,3.0137,-12.0,12.000166666666667,11.99990909090909,9.913,4.301867924528302,0.4088764148262084,43.323
1.0,10.002,1.1356,4.1906,0.0,0.0,0.0,0.0,0.0,0.9968234330329527,99.59
0.950986816,10.002,2.2157,3.7753,-8.9992,9.000266666666667,9.000354545454545,9.000671428571428,3.905954716981132,0.993720010700015,99.293
0.901002486,10.002,2.5991,3.7788,-8.9986,8.99885,8.99874,8.998664999999999,3.9050849056603774,0.9906792837677427,99.002
0.801354051,10.002,3.6709,3.6914,-9.0007,9.00056,9.000281818181817,9.000166666666667,9.000270588235294,0.9727588484108806,97.287
0.701367979,10.002,3.6772,3.6267,-8.9984,8.998233333333333,8.99838181818182,8.998380952380952,8.998476470588235,0.9522888000936252,95.328
0.601343616,10.003,4.0702,3.5484,-9.0005,9.00026,9.00037,9.000323809523808,9.000290000000001,0.9221009646732314,92.439
0.501340141,10.002,4.2862,3.4531,-9.003,9.00245,9.002139999999999,9.002223809523809,9.002241176470589,0.885768979987628,88.962
0.401336664,10.001,3.6419,3.3612,-8.9975,8.998080000000002,8.998054545454545,8.998114285714285,8.998225490196077,0.8460200959657599,85.158
0.301333186,10.003,4.3018,3.2773,-9.0013,9.00032,9.000229999999998,9.000315,9.000216,0.7921438483272866,80.002
0.20132971,10.003,4.2901,3.1562,-9.0008,9.000549999999999,9.000499999999999,9.000355,9.000302,0.5713828933509438,58.875
0.150962487,10.003,3.9069,3.0973,-9.0025,9.002683333333334,9.00271818181818,9.002576190476189,4.416347169811321,0.4009349974085902,42.563
0.101535086,10.002,3.439,2.6414,-8.9997,9.000266666666668,9.000350000000001,9.000399999999999,5.434196226415095,0.14088492468192532,17.676
1.0,10.003,0.38608,4.1906,0.0,0.0,0.0,0.0,0.0,0.9950470633474328,99.42
0.949998265,10.002,0.48065,4.0894,0.0,0.0,0.0,0.0,0.0,0.993093056693361,99.233
0.899996532,10.003,0.96375,4.0708,0.0,0.0,0.0,0.0,0.0,0.9917242071121662,99.102
0.799993061,10.004,0.79966,4.0222,0.0,0.0,0.0,0.0,0.0,0.9777013358300035,97.76
0.699993072,10.002,0.94299,3.9166,0.0,0.0,0.0,0.0,0.0,0.957273084446525,95.805
0.59998612,10.002,1.2099,3.8332,0.0,0.0,0.0,0.0,0.0,0.9305961914633941,93.252
0.499982648,10.002,0.56926,3.7414,0.0,0.0,0.0,0.0,0.0,0.8983707555213749,90.168
0.399979176,10.002,1.0899,3.6544,0.0,0.0,0.0,0.0,0.0,0.8694368281142895,87.399
0.299975701,10.002,0.93361,3.5917,0.0,0.0,0.0,0.0,0.0,0.837650259976928,84.357
0.199972228,10.003,1.0134,3.5136,0.0,0.0,0.0,0.0,0.0,0.7454357748315583,75.532
0.149987902,10.004,1.1386,3.4564,0.0,0.0,0.0,0.0,0.0,0.45861476602076473,48.083
0.099968764,10.003,0.90388,3.41,0.0,0.0,0.0,0.0,0.0,0.20304741444167654,23.625
1.0,10.002,1.1537,4.1909,0.0,0.0,0.0,0.0,0.0,0.998934178188688,99.792
0.950395078,10.002,2.047,3.9525,-3.0001,2.9999833333333332,3.0,3.0000142857142857,3.000035294117647,0.99652040526307,99.561
0.900393337,10.003,2.1728,3.9378,-3.0,3.0,3.0000090909090913,3.0000238095238094,3.000021568627451,0.9921212779830472,99.14
0.800501242,10.002,1.904,3.8528,-2.9999,3.0,3.0,3.0000142857142853,2.9999098039215686,0.9726230083761055,97.274
0.700494281,10.003,1.5094,3.7722,-3.0001,3.0000666666666667,3.00006,3.000052380952381,3.0000431372549023,0.9512752244495343,95.231
0.600508204,10.001,2.1653,3.7003,-3.0001,3.00002,3.00004,3.0000349999999996,3.0000139999999997,0.9245774329995151,92.676
0.500504723,10.002,2.0998,3.6081,-3.0,2.9999833333333332,3.0,3.00002,3.000026,0.8931983849664789,89.673
0.400501242,10.002,1.7116,3.5161,-3.0001,3.0,3.0,3.0000100000000005,3.000038,0.8615685553307809,86.646
0.300497762,10.002,2.2309,3.44,-2.9998,3.0,2.9999909090909087,3.0000142857142857,3.0000313725490195,0.819917910822062,82.66
0.200459473,10.002,1.7876,3.3508,-3.0,3.0000166666666668,3.0000454545454547,3.0000666666666667,3.0000509803921567,0.6370563255479578,65.16
0.150475137,10.002,2.5852,3.309,-3.0003,3.00026,3.0002500000000003,3.0002500000000003,3.000260000000001,0.4077061006804541,43.211
0.100351569,10.002,2.5025,3.1368,-3.0,3.0000799999999996,3.00005,3.000061904761905,3.0000600000000004,0.15075945028672694,18.621
1.0,10.002,1.0175,4.1912,0.0,0.0,0.0,0.0,0.0,1.0,99.894
0.950113133,10.001,0.98904,4.0327,-1.0002,1.000095,1.0000930000000001,1.0001342857142856,1.000118039215686,0.9980146456455953,99.704
0.900128796,10.002,1.1354,4.0157,-1.0,1.000025,1.0000481818181817,1.000082380952381,1.0000929411764705,0.9929990135923629,99.224
0.800111392,10.002,1.2699,3.9424,-1.0001,1.0001499999999999,1.0001272727272728,1.0001166666666665,1.0001176470588236,0.9741276979920753,97.418
0.700121835,10.002,0.66091,3.8446,-1.0002,1.0001333333333333,1.0001181818181817,1.0000995238095236,1.0000935294117648,0.9532292311036062,95.418
0.600194932,10.002,0.66591,3.7739,-1.0,1.0001166666666668,1.0001272727272728,1.0001019047619049,1.0001054901960784,0.9268344674234698,92.892
0.500121835,10.001,0.48023,3.6857,-1.0,1.0001166666666665,1.00011,1.000085,1.0000943137254903,0.8952359854881045,89.868
0.400118354,10.003,0.73242,3.5974,-1.0002,1.00014,1.0001163636363635,1.000109,1.0000880392156861,0.8653302793707053,87.006
0.300114873,10.002,1.0582,3.5267,-1.0001,1.0001,1.0000781818181819,1.0000785714285714,1.0001025490196078,0.83025220269841,83.649
0.200111393,10.003,0.77883,3.4401,-1.0002,1.0001333333333333,1.0001090909090906,1.0001033333333331,1.0001047058823531,0.7006294618226806,71.244
0.150127056,10.001,1.2674,3.3933,-1.0002,1.0001666666666669,1.0001363636363634,1.0001238095238094,1.0001127450980392,0.42619079464330495,44.98
0.100177528,10.002,1.6871,3.3205,-1.0002,1.0001333333333333,1.000118181818182,1.0001190476190476,1.0001250980392158,0.1714071355725344,20.597
0.050088768,10.002,1.5939,2.8473,-1.0,1.0000833333333332,1.0000618181818182,1.0000942857142856,1.0001145098039215,0.0,4.1932
