SOC,Temperature(C),Capacity,R_50%,True_SOP(W),SHAP_SOC,SHAP_Temperature(C),SHAP_Capacity,SHAP_R_50%
1,25,2.91,13.04,112.7814783,20.56867238,3.766107847,3.649234345,7.964940699
1,25,2.71,15.67,109.14,22.07321755,4.262566673,0.670189307,4.840679001
1,10,2.82,14.02,105.12,23.28680569,-4.666034285,2.2225843,7.367063896
1,25,2.78,14.71,109.95,21.76962845,4.145841801,1.059455387,5.859575545
1,10,2.68,16.52,100.65,24.40216427,-5.191645865,1.242264832,3.26738936
1,10,2.78,14.71,103.81,23.67921049,-4.699845994,1.01790007,7.013926252
1,25,2.76,15.32,109.18,22.06146828,4.358389583,0.795876498,4.922558184
1,10,2.76,15.32,102.13,24.13385845,-4.954568228,0.705722616,5.773350794
1,10,2.71,15.67,102.21,24.21213157,-4.815022248,0.826268969,5.837861103
1,25,2.74,16.12,108.24,22.65266939,4.697609344,0.687702668,3.36099551
1,10,2.74,16.12,100.85,24.79153333,-5.348573633,0.516376245,3.492241315
1,25,2.71,17.26,106.98,23.02566197,4.72800243,0.325032861,1.484766614
1,10,2.71,17.26,98.91,25.21446543,-5.381152432,0.231413631,1.45038273
1,10,2.54,20.9,93.994,25.33296046,-5.821536125,-0.419108311,-2.231954887
1,10,2.72,14.84,103.8232285,22.99796798,-4.63673953,1.656896237,7.533765966
1,25,2.67,18.24,105.91,23.1772879,4.712827949,0.48959214,0.572385478
1,10,2.67,18.24,97.55,25.48188333,-5.400424288,0.497805929,0.430999325
1,25,2.65,19.12,104.99,23.30995996,4.961978862,0.400732821,-0.596614621
1,25,2.72,14.84,110.1364422,21.19726676,4.086867801,1.499929277,6.195172572
1,10,2.65,19.12,96.308,25.52771474,-5.745727716,0.310695954,-1.209591385
1,10,2.79,14.02,105.5035932,23.27119952,-4.463953409,2.542702683,7.498008445
1,25,2.58,20.28,103.79,23.28085273,4.953539448,0.070453243,-1.709555708
1,10,2.58,20.28,94.788,25.4319533,-5.770728598,-0.265275331,-2.123000911
1,25,2.54,20.9,103.16,23.28811247,4.986222543,-0.018461189,-1.753498932
1,25,2.65,17.57,106.9,22.7335046,4.644993564,0.807311266,2.205522265
1,25,2.82,14.02,110.77,21.51259486,4.088331726,2.178933126,6.313209013
1,10,2.86,13.52,105.81,22.95690225,-4.461466269,3.192744424,7.658854054
1,10,2.65,17.57,99.263,24.99437891,-5.323260377,0.837841801,2.331998149
1,25,2.42,22.58,93.688,24.72388927,3.165743598,-3.277640831,-7.800587877
1,10,2.42,22.58,92.072,26.23246609,-3.599309969,-1.692449529,-5.356580162
1,25,2.42,23.97,100.22,24.59238016,4.701267192,-2.227245093,-4.229423219
1,10,2.48,21.32,93.688,25.30685137,-5.855104787,-0.549064171,-2.265593844
1,10,2.42,23.97,90.613,26.5987996,-5.567061424,-1.791058236,-5.288690569
1,25,2.38,25.61,98.41,24.17313076,4.940300309,-1.905220326,-5.371252915
1,25,2.48,21.32,102.84,23.2789666,5.006523623,-0.090874899,-1.817724857
1,10,2.38,25.61,88.671,26.2842697,-5.855706247,-1.775488626,-6.604111561
1,25,2.36,27.18,96.97,24.26412605,5.139581424,-3.077879396,-5.953784866
1,10,2.58,19.76,95.672,25.48465843,-5.748214148,-0.101916045,-1.076386303
1,10,2.36,27.18,86.919,26.34289024,-6.101915691,-3.404452189,-7.177484935
1,25,2.33,28.63,95.422,24.44038965,5.050868902,-4.092052062,-6.642901714
1,25,2.58,19.76,104.5,23.29970603,4.94109218,0.175348947,-0.697902812
1,10,2.33,28.63,85.214,26.49173241,-5.987790065,-4.201595375,-7.729141132
1,25,2.98,13.31,112.7579992,20.75951475,3.782987591,3.707538864,7.473797695
1,10,2.61,18.56,97.746,25.12495051,-5.612857081,-0.178066843,0.984212575
1,10,2.98,13.31,108.264973,22.2557632,-4.347430677,4.272482429,8.785076265
1,25,2.92,13.02,112.2290251,21.14937674,3.908832381,3.13017026,6.83966216
1,25,2.61,18.56,105.74,22.83647423,4.874302251,0.239773469,1.067312173
1,10,2.92,13.02,107.3460507,22.82016996,-4.476807346,3.651011843,8.069772284
1,25,2.86,13.52,111.58,21.34512042,3.89159171,2.778737655,6.442232372
1,25,2.79,14.02,111.1522108,21.5383289,3.92543717,2.134076092,6.255759456
1,25,2.68,16.52,108.09,22.26008202,4.557249366,1.141485035,3.066038291
1,25,2.54,21.78,102.27,23.93078967,4.814858875,-0.026976233,-3.349487604
1,25,2.85,13.16,112.2947622,21.03053796,3.827453464,2.355864061,7.266975417
1,25,2.5,24.22,99.31016629,24.64133207,5.027938589,-0.994473333,-6.335497971
1,25,2.5,22.73,101.37,24.06944013,4.943610738,-0.813147131,-3.486349544
1,10,2.54,21.78,92.738,25.784185,-5.651707817,-0.463371836,-3.486751589
1,10,2.91,13.04,108.2073752,22.08206224,-4.316534818,4.017766083,9.533644576
1,10,2.5,24.22,89.35839439,26.55566568,-5.972221791,-1.139842701,-7.022609224
1,10,2.85,13.16,107.065636,22.85410604,-4.342349565,2.785156954,8.802385924
1,10,2.5,22.73,91.92,25.94643788,-5.855654588,-0.952878646,-3.972565742
0.95,25,2.42,22.58,93.552,24.43782647,3.132514366,-3.263334318,-7.769643738
0.95,25,2.71,17.26,106.55,22.68290222,4.665869289,0.30343916,1.499202771
0.95,25,2.92,13.02,111.5207977,20.63276966,3.84121553,3.075576024,6.705799015
0.95,10,2.98,13.31,107.8524354,21.91473639,-4.261619752,4.239098808,8.692505509
0.95,25,2.71,15.67,108.61,21.71602444,4.18694192,0.648595606,4.840681801
0.95,25,2.91,13.04,111.8757689,20.025952,3.693988079,3.594640109,7.804964253
0.95,25,2.98,13.31,111.6447608,20.26630314,3.716613725,3.665963184,7.350311461
0.95,10,2.61,18.56,97.765,24.85417769,-5.569230237,-0.184233804,0.94178008
0.95,10,2.71,17.26,98.677,25.01425245,-5.300738794,0.239036731,1.465071608
0.95,10,2.91,13.04,107.7838275,21.70458552,-4.223410928,3.981534653,9.407471726
0.95,25,2.78,14.71,109.4,21.41262249,4.074992806,1.038048835,5.852125833
0.95,10,2.72,14.84,103.8460163,22.8139844,-4.53915475,1.664519337,7.564684243
0.95,25,2.58,19.76,104.07,23.01113255,4.907862949,0.213174945,-0.692988845
0.95,10,2.74,16.12,100.54,24.61075704,-5.25706709,0.513332498,3.529581211
0.95,25,2.61,18.56,105.33,22.48884533,4.841073019,0.253423206,1.041284162
0.95,10,2.54,21.78,92.624,25.5896944,-5.608080972,-0.454165897,-3.472211933
0.95,25,2.82,14.02,110.22,21.1555889,4.017482731,2.157526574,6.305759302
0.95,10,2.68,16.52,100.7,24.2406404,-5.111232227,1.249887931,3.320767339
0.95,10,2.78,14.71,103.78,23.48456007,-4.608339451,1.014856323,7.037392018
0.95,10,2.82,14.02,105.08,23.09215527,-4.574527742,2.219540554,7.390529663
0.95,25,2.5,22.73,101.04,23.79809346,4.910381507,-0.784124493,-3.455405406
0.95,25,2.65,17.57,106.46,22.41861349,4.595846132,0.825607107,2.207937523
0.95,25,2.68,16.52,107.62,21.95601137,4.495116226,1.119891333,3.119163548
0.95,25,2.76,15.32,108.69,21.70446232,4.287540588,0.774469946,4.915108472
0.95,10,2.86,13.52,105.85,22.70147453,-4.369959726,3.156512993,7.654730204
0.95,25,2.67,18.24,105.51,22.83511457,4.654302253,0.48060576,0.574800737
0.95,10,2.76,15.32,102.34,23.93920803,-4.863061684,0.702678869,5.79681656
0.95,10,2.65,17.57,99.252,24.7925216,-5.259374005,0.855841469,2.334666128
0.95,25,2.86,13.52,110.87,20.92733716,3.820742714,2.724143419,6.407193044
0.95,10,2.71,15.67,102.22,24.02814799,-4.717437468,0.833892069,5.86877938
0.95,10,2.92,13.02,106.8349043,22.45857264,-4.38941444,3.614780413,7.959478835
0.95,25,2.74,16.12,107.8,22.30953756,4.626760349,0.666296115,3.367419928
0.95,10,2.5,22.73,91.909,25.75194728,-5.812027744,-0.943672708,-3.958026086
0.95,25,2.54,21.78,101.9,23.65944299,4.781629644,0.002046404,-3.318543465
0.95,10,2.33,28.63,85.4,26.31193492,-5.956993166,-4.151468621,-7.73543818
0.95,10,2.79,14.02,105.3994543,23.0765491,-4.372446866,2.539658937,7.521474212
0.95,10,2.42,23.97,90.53,26.38959288,-5.52343458,-1.796568422,-5.274150913
0.95,10,2.65,19.12,96.08,25.26219431,-5.691169377,0.324406859,-1.270586524
0.95,10,2.38,25.61,88.677,26.07957413,-5.812079403,-1.780998811,-6.585060756
0.95,25,2.48,21.32,102.42,22.99290381,4.973294391,-0.076568386,-1.786780718
0.95,25,2.38,25.61,98.143,23.89157911,4.907071078,-1.890913813,-5.335797628
0.95,25,2.58,20.28,103.41,23.00254804,4.920310217,0.108279241,-1.694372946
0.95,10,2.5,24.22,89.34567144,26.36568623,-5.928594947,-1.130636762,-7.00355842
0.95,10,2.58,20.28,94.592,25.23050469,-5.727101754,-0.247266031,-2.124222632
0.95,25,2.36,27.18,96.754,23.9825744,5.106352192,-3.063572883,-5.918329579
0.95,10,2.48,21.32,93.552,25.09764465,-5.811477943,-0.554574356,-2.251054187
0.95,25,2.42,23.97,99.855,24.30631737,4.668037961,-2.21293858,-4.19847908
0.95,10,2.42,22.58,92.031,26.02325937,-3.555683125,-1.697959715,-5.342040506
0.95,25,2.79,14.02,110.4839539,21.18132294,3.854588175,2.11266954,6.248309745
0.95,10,2.54,20.9,93.85,25.13846986,-5.777909281,-0.409902372,-2.21741523
0.95,25,2.54,20.9,102.8,23.0167658,4.952993312,0.010561449,-1.722554793
0.95,10,2.85,13.16,106.7376955,22.47889741,-4.249225675,2.748925524,8.678481166
0.95,25,2.85,13.16,111.5200244,20.49008567,3.755333696,2.301269825,7.109267063
0.95,10,2.58,19.76,95.421,25.27294102,-5.704587304,-0.083906746,-1.087876819
0.95,25,2.33,28.63,95.287,24.2066467,5.027720342,-4.022108609,-6.609883664
0.95,10,2.67,18.24,97.371,25.27405803,-5.324601944,0.509837611,0.433667304
0.95,25,2.65,19.12,104.6,22.94806293,4.920160599,0.414739898,-0.641205277
0.95,25,2.72,14.84,109.546348,20.84007365,4.011243048,1.478335576,6.195175372
0.95,10,2.36,27.18,87,26.13819467,-6.058288847,-3.409962374,-7.15843413
0.95,25,2.5,24.22,98.99299934,24.37449655,4.994709358,-0.965450696,-6.300042684
0.9,25,2.36,27.18,96.384,23.42568945,5.161613443,-3.067782809,-5.920692567
0.9,25,2.65,17.57,105.69,21.81660238,4.577282868,0.847455747,2.129583075
0.9,25,2.5,22.73,100.6,23.26018262,4.907752039,-0.78833442,-3.438794291
0.9,10,2.33,28.63,85.023,25.72340599,-6.000894219,-4.167612671,-7.777510564
0.9,10,2.48,21.32,93.166,24.5438909,-5.806395713,-0.578957694,-2.255040972
0.9,10,2.42,22.58,91.654,25.52699459,-3.550600895,-1.722343052,-5.288538333
0.9,25,2.42,23.97,99.4,23.73714724,4.665408493,-2.217148506,-4.213127257
0.9,25,2.5,24.22,98.59442814,23.83940933,5.023281528,-0.969660622,-6.280607942
0.9,10,2.36,27.18,86.604,25.45745161,-6.126885713,-3.434566407,-7.289410227
0.9,10,2.82,14.02,104.46,22.61125204,-4.531220723,2.256885469,7.399542267
0.9,10,2.68,16.52,100.24,23.74451915,-5.08587062,1.271981778,3.322908433
0.9,25,2.91,13.04,111.2665306,19.41812982,3.641329518,3.531507411,7.806265212
0.9,10,2.86,13.52,105.35,22.24109216,-4.292482746,3.139224538,7.732477639
0.9,25,2.86,13.52,110.23,20.32996677,3.761231657,2.661010722,6.418945781
0.9,10,2.5,24.22,88.9572129,25.76739791,-5.963223893,-1.155240795,-7.052079785
0.9,10,2.5,22.73,91.553,25.22174815,-5.806945513,-0.968276741,-3.93845826
0.9,10,2.58,19.76,94.943,24.72878385,-5.699505073,-0.116875904,-1.073681203
0.9,10,2.38,25.61,88.282,25.4812858,-5.846708349,-1.805602845,-6.633582121
0.9,25,2.92,13.02,110.9106014,20.13676539,3.785603833,3.062532091,6.76882911
0.9,25,2.61,18.56,104.64,21.90401976,4.831591054,0.275758621,0.984655904
0.9,10,2.91,13.04,107.286508,21.21817752,-4.154655308,3.964246197,9.459193527
0.9,25,2.48,21.32,101.89,22.43143835,4.970664923,-0.080557617,-1.793724214
0.9,25,2.33,28.63,94.954,23.69787622,5.063577739,-4.017858552,-6.567442609
0.9,10,2.98,13.31,107.1902983,21.45111147,-4.184452694,4.244831329,8.743989413
0.9,25,2.38,25.61,97.751,23.3564919,4.935643249,-1.89512374,-5.316362886
0.9,10,2.61,18.56,97.373,24.29263769,-5.555426646,-0.182292496,0.903682391
0.9,10,2.92,13.02,106.4130656,22.09069422,-4.316900283,3.654292394,8.072929771
0.9,25,2.98,13.31,111.0312821,19.66624363,3.657346178,3.610831041,7.351374524
0.9,10,2.42,23.97,90.111,25.82813446,-5.51835235,-1.821172455,-5.285842379
0.9,10,2.65,17.57,98.831,24.23443538,-5.234012398,0.877935315,2.274842249
0.9,25,2.58,19.76,103.45,22.45926367,4.905233481,0.200599894,-0.68174994
0.9,25,2.82,14.02,109.55,20.59871545,3.9848195,2.175477249,6.283344996
0.9,25,2.78,14.71,108.65,20.85574903,4.042329575,1.055999509,5.829711527
0.9,25,2.58,20.28,102.85,22.45067917,4.917680749,0.095704189,-1.683134041
0.9,10,2.76,15.32,101.8,23.4583048,-4.819754666,0.740023785,5.805829165
0.9,10,2.79,14.02,104.7235546,22.59564587,-4.329139847,2.577003853,7.530486816
0.9,10,2.65,19.12,95.623,24.77812758,-5.67452913,0.351528129,-1.256390908
0.9,10,2.71,15.67,101.68,23.56574655,-4.68485391,0.889738765,5.886412494
0.9,10,2.54,21.78,92.246,25.07162945,-5.602998742,-0.478549235,-3.440509918
0.9,25,2.74,16.12,107.04,21.7449649,4.594097118,0.68424679,3.337306422
0.9,25,2.65,19.12,103.97,22.43564517,4.908449833,0.441615962,-0.629966373
0.9,25,2.72,14.84,108.7617801,20.29193755,3.977066394,1.505023612,6.181381574
0.9,10,2.74,16.12,99.936,24.12215462,-5.213760071,0.550677414,3.530894615
0.9,10,2.67,18.24,96.954,24.76499768,-5.299240337,0.538623171,0.422869294
0.9,25,2.67,18.24,104.82,22.28212934,4.635738989,0.509146113,0.545472158
0.9,25,2.71,15.67,107.78,21.19680179,4.162704266,0.704197095,4.826888003
0.9,25,2.54,21.78,101.41,23.13366635,4.779000175,-0.001942827,-3.289798161
0.9,10,2.72,14.84,102.9880518,22.34525814,-4.493921555,1.714041215,7.582317357
0.9,25,2.71,17.26,105.79,22.17261029,4.647306025,0.354207929,1.494339695
0.9,10,2.85,13.16,106.2203425,21.99248941,-4.180470055,2.731637068,8.730202967
0.9,10,2.71,17.26,98.2,24.5478854,-5.275377187,0.290050707,1.4787391
0.9,10,2.78,14.71,103.17,23.00365684,-4.565032432,1.052201239,7.046404623
0.9,25,2.85,13.16,110.8716795,19.8822635,3.702675136,2.238137127,7.110568022
0.9,25,2.79,14.02,109.7561449,20.62444948,3.821924945,2.130620214,6.225895438
0.9,10,2.58,20.28,94.162,24.68634752,-5.722019524,-0.28023519,-2.110027016
0.9,25,2.68,16.52,106.81,21.41596524,4.476552962,1.141739973,3.102774074
0.9,25,2.42,22.58,93.166,23.93384999,3.129884898,-3.267323549,-7.719098276
0.9,10,2.54,20.9,93.466,24.60289852,-5.772827051,-0.43428571,-2.203219614
0.9,25,2.54,20.9,102.28,22.47348275,4.950363844,0.006572217,-1.711315888
0.9,25,2.76,15.32,107.95,21.14758886,4.254877358,0.79242062,4.892694166
0.8,10,2.72,14.84,101.2332301,20.34547644,-4.456259786,1.549594243,7.386766007
0.8,25,2.78,14.71,106.47,18.74776773,4.012724389,0.970653,5.641452216
0.8,25,2.42,22.58,91.806,22.0362737,2.930244821,-3.325647416,-7.699830421
0.8,25,2.72,14.84,106.5357194,18.22488886,3.947461207,1.460609673,6.004272495
0.8,25,2.91,13.04,108.7202234,17.37687552,3.600323713,3.60929047,7.551319558
0.8,25,2.58,19.76,101.68,20.66023499,4.785999899,0.244784522,-0.68266185
0.8,25,2.33,28.63,92.977,21.82032505,4.945005715,-4.214553595,-6.402176788
0.8,25,2.67,18.24,103.06,20.40485807,4.551077902,0.394283715,0.629907394
0.8,10,2.71,17.26,96.697,22.87870715,-5.199042285,0.126922159,1.613791242
0.8,10,2.36,27.18,84.927,23.99398854,-5.943027907,-3.355326604,-7.177382246
0.8,10,2.67,18.24,95.712,23.08012041,-5.191507419,0.359795621,0.557921436
0.8,25,2.79,14.02,107.3606916,18.61748306,3.788186588,2.226209475,5.984510098
0.8,10,2.54,20.9,92.225,23.09427588,-5.621092777,-0.323595149,-2.183432401
0.8,10,2.58,19.76,93.528,23.20072305,-5.5477708,-0.025623498,-1.056435287
0.8,10,2.42,22.58,90.258,24.08312817,-3.296531084,-1.627642705,-5.174327079
0.8,10,2.65,19.12,94.324,23.30935885,-5.522794857,0.452567989,-1.189640369
0.8,10,2.42,23.97,88.539,24.33515181,-5.341539505,-1.726472108,-5.220747352
0.8,10,2.85,13.16,104.0654473,20.10277085,-4.11891766,2.747780581,8.479768921
0.8,10,2.5,24.22,87.46484465,24.35175703,-5.838701702,-1.028178812,-6.939310811
0.8,25,2.38,25.61,95.949,21.57273453,4.791169746,-1.960871148,-5.173571688
0.8,25,2.48,21.32,100.16,20.65184783,4.851431341,-0.016934832,-1.792094826
0.8,25,2.54,21.78,99.778,21.34495705,4.659766594,0.057494291,-3.297287547
0.8,10,2.38,25.61,86.659,24.02585973,-5.66285054,-1.718326039,-6.521226102
0.8,25,2.58,20.28,101.17,20.65165049,4.798447167,0.139888817,-1.684045951
0.8,10,2.58,20.28,92.897,23.15828673,-5.57028525,-0.188982784,-2.0927811
0.8,25,2.5,24.22,96.89495702,22.20139359,4.925428869,-0.889666417,-6.13740379
0.8,25,2.65,19.12,102.25,20.69590857,4.789216251,0.495588044,-0.581373659
0.8,25,2.36,27.18,94.5,21.63389507,5.017139942,-3.141567219,-5.778229408
0.8,10,2.48,21.32,91.806,23.03526825,-5.654661439,-0.468267132,-2.235253759
0.8,25,2.42,23.97,97.587,21.9284136,4.526470319,-2.275472373,-4.105016761
0.8,10,2.79,14.02,102.6936779,20.66534002,-4.28621768,2.552560081,7.28005277
0.8,10,2.33,28.63,83.301,24.11531913,-5.850001928,-4.270150497,-7.642679921
0.8,10,2.61,18.56,95.574,22.82386896,-5.403692373,-0.081252636,0.97043293
0.8,25,2.68,16.52,104.83,19.60102058,4.395524342,1.025559152,3.249535915
0.8,25,2.82,14.02,107.23,18.59174903,3.951081143,2.271066509,6.041959655
0.8,25,2.74,16.12,105.11,19.92240426,4.564491931,0.660914045,3.383604197
0.8,25,2.92,13.02,108.3629611,18.11818746,3.741893953,3.151088243,6.54028655
0.8,25,2.54,20.9,100.65,20.69389222,4.831130262,0.070195001,-1.709686501
0.8,10,2.54,21.78,90.992,23.55388802,-5.451264468,-0.372044339,-3.429841478
0.8,10,2.92,13.02,104.3045696,20.1714394,-4.261287083,3.63933245,7.841484131
0.8,25,2.65,17.57,103.82,20.0851792,4.443767292,0.905970517,2.1864892
0.8,25,2.61,18.56,102.84,20.16428316,4.712357472,0.329730704,1.033248617
0.8,10,2.71,15.67,99.694,21.65573386,-4.64719214,0.725291793,5.78063015
0.8,10,2.65,17.57,97.04,22.80643913,-5.064101042,0.983517863,2.382365281
0.8,25,2.76,15.32,105.91,19.19139036,4.225272171,0.769087875,4.805354093
0.8,10,2.76,15.32,99.999,21.56937332,-4.782092896,0.596658007,5.700046821
0.8,10,2.86,13.52,103.41,20.32683906,-4.240311096,3.130833516,7.486533314
0.8,25,2.86,13.52,107.77,18.32253616,3.720225852,2.756135796,6.182050161
0.8,25,2.85,13.16,108.3309667,17.88261612,3.654298745,2.341045406,6.869182682
0.8,25,2.5,22.73,98.981,21.59994244,4.789696259,-0.711034048,-3.31781457
0.8,10,2.74,16.12,98.461,22.36686097,-5.176098302,0.407311636,3.55875012
0.8,25,2.98,13.31,108.5047795,17.60690888,3.616340373,3.654051959,7.114011168
0.8,25,2.71,17.26,103.93,20.36710592,4.587314805,0.311112414,1.578774931
0.8,10,2.5,22.73,90.294,23.82979902,-5.65671026,-0.843908591,-3.801997536
0.8,10,2.78,14.71,101.3,20.96294258,-4.527370663,0.846821697,6.839703041
0.8,10,2.82,14.02,102.37,20.68094619,-4.488298556,2.232441697,7.149108221
0.8,10,2.98,13.31,105.0171852,19.4849542,-4.132281044,4.184536151,8.497577352
0.8,25,2.71,15.67,105.69,19.21952209,4.133099079,0.659783156,4.73954793
0.8,10,2.91,13.04,104.9005729,19.27010069,-4.102483658,3.93851316,9.195199167
0.8,10,2.68,16.52,98.254,22.11371289,-4.982760843,1.091835804,3.512031571
0.7,25,2.76,15.32,103.93,16.93652988,4.166523249,0.862404411,4.706773181
0.7,10,2.42,23.97,85.813,21.84949473,-5.278215295,-1.950927136,-5.374025214
0.7,25,2.78,14.71,104.43,16.71988922,3.953975467,1.224197167,5.645231806
0.7,10,2.86,13.52,101.44,18.06895441,-4.184522267,3.051119362,7.417179543
0.7,25,2.58,20.28,99.329,18.60008431,4.667609872,0.136789342,-1.482916559
0.7,25,2.42,23.97,95.092,19.32169612,4.468734117,-2.463773551,-4.272490486
0.7,25,2.42,22.58,89.562,19.34247083,2.825095627,-3.513948594,-7.954389548
0.7,10,2.82,14.02,100.54,18.56773072,-4.392343449,2.339373773,7.037777395
0.7,10,2.5,24.22,85.07995234,22.27160515,-5.686340784,-1.009338566,-6.949760804
0.7,10,2.78,14.71,99.437,19.0584261,-4.462757533,1.162452772,6.761739344
0.7,10,2.42,22.58,87.615,21.61814249,-3.172863066,-1.852097734,-5.306933539
0.7,10,2.54,21.78,89.19,21.86942751,-5.334600855,-0.329402323,-3.056874458
0.7,10,2.58,20.28,90.963,21.39391982,-5.41392328,-0.153918841,-1.785634257
0.7,25,2.82,14.02,105.09,16.2992037,3.867706382,2.259943864,6.012372116
0.7,10,2.76,15.32,98.164,19.43787487,-4.717479767,0.752061451,5.519722616
0.7,25,2.86,13.52,105.52,15.95704714,3.668410309,2.664499841,6.160032255
0.7,25,2.38,25.61,93.378,19.33893253,4.80161819,-1.873677916,-5.183077489
0.7,10,2.33,28.63,80.463,21.54868902,-5.966446569,-4.763498239,-7.649477218
0.7,10,2.71,17.26,94.986,20.80892793,-5.144637955,0.298818701,1.478693169
0.7,25,2.54,21.78,97.889,19.44418718,4.560120863,0.042084891,-2.939560068
0.7,10,2.5,22.73,88.232,21.67261865,-5.529556004,-0.825068345,-3.889476029
0.7,25,2.33,28.63,90.144,19.45365034,5.028516466,-4.285942834,-6.487958809
0.7,10,2.98,13.31,102.305229,17.22706959,-4.076492215,4.104821997,8.428223581
0.7,25,2.67,18.24,101.23,18.22994681,4.500350179,0.469267185,0.629608784
0.7,10,2.74,16.12,96.66,20.23536252,-5.111485172,0.56271508,3.378425915
0.7,10,2.36,27.18,82.128,21.68406542,-5.993272877,-3.591967358,-6.999238247
0.7,10,2.67,18.24,93.748,21.01034119,-5.137103088,0.531692164,0.422823362
0.7,10,2.54,20.9,90.295,21.36322751,-5.434941141,-0.276640867,-1.857053253
0.7,25,2.36,27.18,91.766,19.40571365,5.048636667,-3.07446316,-5.679070134
0.7,25,2.74,16.12,103.2,17.66754377,4.50574301,0.75423058,3.285023285
0.7,25,2.92,13.02,105.9548861,15.78978052,3.69007841,3.059452288,6.555350682
0.7,25,2.65,19.12,100.4,18.4775047,4.642727082,0.565472528,-0.620065912
0.7,10,2.92,13.02,102.1405922,17.95063681,-4.205498253,3.559618296,7.809212399
0.7,10,2.38,25.61,83.953,21.75815303,-5.686306789,-1.887040621,-6.451747179
0.7,25,2.71,17.26,102.06,18.19219465,4.536587085,0.386095883,1.578476321
0.7,25,2.5,24.22,94.75408528,19.84118717,4.797735255,-0.928877587,-6.226838507
0.7,10,2.65,19.12,92.416,21.41372669,-5.34651232,0.596188331,-1.122315171
0.7,25,2.5,22.73,97.055,19.20771942,4.681807879,-0.750245218,-3.439265892
0.7,25,2.54,20.9,98.824,18.62244874,4.676886801,0.059097867,-1.522632636
0.7,25,2.98,13.31,105.9277878,15.24141988,3.56452483,3.562416003,7.091993262
0.7,25,2.48,21.32,98.03,18.5088867,4.69718788,-0.09954961,-1.615025651
0.7,10,2.68,16.52,96.395,20.01356327,-4.928356512,1.263732347,3.346563093
0.7,10,2.79,14.02,100.7168118,18.56112818,-4.190262573,2.668495796,7.168721944
0.7,25,2.72,14.84,104.5015778,16.01844967,3.873388773,1.535593142,5.972445935
0.7,10,2.61,18.56,93.326,20.71455088,-5.367437027,0.051105049,0.835334857
0.7,10,2.58,19.76,91.19,21.19653449,-5.391408829,0.009440445,-0.989110089
0.7,25,2.91,13.04,106.1245812,15.01138654,3.548508171,3.517654514,7.529301652
0.7,25,2.61,18.56,100.84,17.98224194,4.675889666,0.397584216,1.032950008
0.7,25,2.79,14.02,105.2073706,16.33394137,3.704811826,2.224090468,5.954922559
0.7,10,2.72,14.84,99.40645223,18.29722545,-4.372144004,1.721490785,7.273196159
0.7,10,2.65,17.57,94.888,20.70838371,-5.022675951,1.127138205,2.247267207
0.7,25,2.71,15.67,103.69,16.94632853,4.059026645,0.734766626,4.640967018
0.7,25,2.65,17.57,101.84,17.90516895,4.403237545,0.975855001,2.186190591
0.7,10,2.85,13.16,101.8965778,17.97496858,-4.043682056,2.798148784,8.41041515
0.7,10,2.91,13.04,102.3505908,17.01221606,-4.046694829,3.858799006,9.125845396
0.7,10,2.48,21.32,89.562,21.23270223,-5.468509803,-0.492830494,-1.9188593
0.7,25,2.58,19.76,99.595,18.36884717,4.655162604,0.241685047,-0.721354103
0.7,25,2.68,16.52,102.86,17.39573893,4.344796619,1.100542622,3.218866901
0.7,25,2.85,13.16,105.9768079,15.61248312,3.587203594,2.344765427,6.847164776
0.7,10,2.71,15.67,97.842,19.5407285,-4.563076359,0.897188335,5.600305945
0.6,10,2.58,20.28,88.32,18.44460768,-5.615405972,-0.121824645,-1.812523404
0.6,25,2.61,18.56,97.976,15.38933967,4.752338244,0.353675319,1.05619778
0.6,25,2.92,13.02,103.6520563,13.19094831,3.790764988,2.875500485,6.729071238
0.6,25,2.79,14.02,102.6359541,13.72126953,3.833177584,2.040138665,6.114803524
0.6,25,2.67,18.24,98.737,15.55279527,4.642312816,0.341108976,0.652856556
0.6,10,2.38,25.61,80.956,18.6453527,-6.003299067,-1.403957373,-7.058115921
0.6,25,2.5,24.22,91.73921938,17.13201962,5.049277078,-0.664550578,-6.625850526
0.6,10,2.42,22.58,84.653,19.01228782,-3.368571656,-1.38418968,-5.399741786
0.6,25,2.91,13.04,103.642953,12.41051916,3.653265098,3.333702712,7.700987032
0.6,10,2.92,13.02,99.46194115,15.12612328,-4.330492949,3.315772919,8.195104661
0.6,10,2.5,24.22,81.77449765,18.9939036,-6.003333062,-0.679920186,-7.604438846
0.6,25,2.78,14.71,102.07,14.10187783,4.082341225,1.034905819,5.807214682
0.6,10,2.71,17.26,92.374,17.71205633,-5.322165816,0.003060027,1.605024791
0.6,10,2.54,21.78,86.242,18.95032708,-5.543890378,-0.287014612,-3.065920664
0.6,10,2.72,14.84,96.73415608,15.49883527,-4.496291166,1.492800031,7.698009226
0.6,10,2.65,17.57,91.882,17.38377946,-5.238673843,0.60364689,2.39635483
0.6,25,2.68,16.52,100.08,14.74881984,4.486759257,0.935326151,3.331314555
0.6,10,2.58,19.76,88.101,18.54496329,-5.592891522,0.031647692,-0.718258308
0.6,25,2.58,19.76,96.656,16.0795429,4.815946897,0.182367596,-0.384670075
0.6,10,2.78,14.71,96.712,16.15182616,-4.622980275,0.91326785,7.072986714
0.6,25,2.33,28.63,87.118,16.58489967,5.252341933,-4.332897119,-6.876376966
0.6,25,2.42,22.58,86.634,17.08857214,2.981343124,-3.11113191,-8.008109797
0.6,10,2.65,19.12,89.535,18.24351076,-5.669846576,0.067126737,-0.818839221
0.6,10,2.79,14.02,97.91714073,15.65986779,-4.350485315,2.424650419,7.477867403
0.6,25,2.5,22.73,94.298,16.82400532,4.828878567,-0.485918208,-3.512824461
0.6,10,2.33,28.63,77.111,18.17439607,-6.248163484,-4.726549905,-8.249380941
0.6,10,2.36,27.18,79.028,18.58189882,-6.279804013,-3.129155779,-7.56240785
0.6,25,2.65,19.12,97.835,15.88714787,4.899251887,0.172478326,-0.250757715
0.6,25,2.58,20.28,96.789,16.01303911,4.828394165,0.08735884,-1.443973459
0.6,25,2.76,15.32,101.54,14.35201393,4.263253875,0.673113063,4.902251504
0.6,25,2.98,13.31,103.7123455,12.64055248,3.669281757,3.378464201,7.263678643
0.6,10,2.67,18.24,91.183,18.01369914,-5.314630949,0.336163034,0.571910985
0.6,25,2.72,14.84,101.9005599,13.44422736,3.973409431,1.374273308,6.176096487
0.6,25,2.36,27.18,88.7,16.81768615,5.276244736,-2.695554201,-6.022157364
0.6,10,2.98,13.31,99.6359698,14.39127009,-4.206667355,3.86097662,8.802829873
0.6,25,2.38,25.61,90.351,16.79466619,5.053160013,-1.455686039,-5.533780209
0.6,10,2.61,18.56,90.279,17.95105379,-5.461583355,0.088720849,0.98442248
0.6,25,2.48,21.32,95.095,16.24983594,4.871336784,0.166852639,-1.563920885
0.6,25,2.54,21.78,95.191,16.90129445,4.727039094,0.002947905,-2.868833259
0.6,10,2.74,16.12,93.864,17.26814578,-5.231445019,0.291127416,3.629056471
0.6,25,2.71,15.67,100.97,14.38978409,4.159047303,0.573446792,4.862295452
0.6,10,2.76,15.32,95.408,16.63666841,-4.837439614,0.502876529,5.936363453
0.6,10,2.54,20.9,87.661,18.42450503,-5.644230664,-0.232177916,-1.885721502
0.6,25,2.86,13.52,103.18,13.35617975,3.773167237,2.480548038,6.331717636
0.6,10,2.91,13.04,99.59292517,14.17641657,-4.176869969,3.614953629,9.500451688
0.6,25,2.42,23.97,91.952,17.02615872,4.71643075,-2.060956868,-4.367849444
0.6,25,2.65,17.57,99.011,14.96875169,4.575426635,0.588431077,2.209438363
0.6,10,2.68,16.52,93.672,17.04715366,-5.105884373,1.031144957,3.584850598
0.6,10,2.48,21.32,86.634,18.58101046,-5.687002002,-0.161336873,-1.94752755
0.6,10,2.82,14.02,97.666,15.66647033,-4.552566191,2.095528396,7.346922854
0.6,25,2.85,13.16,103.4753617,13.01161573,3.691960521,2.160813624,7.018850157
0.6,25,2.74,16.12,100.76,14.91701756,4.602473635,0.542536491,3.314491328
0.6,10,2.5,22.73,85.256,18.95780495,-5.713585019,-0.495649964,-3.981266213
0.6,10,2.85,13.16,98.79018983,15.13916905,-4.173857196,2.554303407,8.785021442
0.6,25,2.82,14.02,102.73,13.68653188,3.996072139,2.075992061,6.172253082
0.6,10,2.71,15.67,95.113,16.76001622,-4.68722352,0.668497581,6.042796892
0.6,10,2.86,13.52,98.808,15.2331549,-4.314697407,2.807273985,7.791785836
0.6,25,2.54,20.9,96.239,16.05993397,4.843805033,0.022036121,-1.471527869
0.6,25,2.71,17.26,99.574,15.41481356,4.678549722,0.15770813,1.578968092
0.6,10,2.42,23.97,82.553,18.9941624,-5.590313695,-1.483019082,-5.716311128
0.5,25,2.33,28.63,84.167,11.46283411,5.926748248,-5.511790313,-7.743285967
0.5,10,2.33,28.63,64.322,11.50666134,-7.1194264,-6.892603481,-9.166292433
0.5,10,2.61,18.56,87.282,14.39338015,-5.679251194,-0.163683456,1.442650603
0.5,10,2.76,15.32,92.281,13.46555852,-4.921405179,0.967465641,6.07141517
0.5,10,2.5,22.73,81.908,15.40008022,-6.102707135,-0.578178838,-3.652221301
0.5,25,2.71,17.26,96.363,12.65293116,4.701164185,0.313297363,1.916487625
0.5,25,2.65,19.12,94.691,12.54743976,4.952895039,0.437397701,-0.600394071
0.5,10,2.82,14.02,94.629,12.3572041,-4.666495627,2.476626423,7.426723993
0.5,25,2.74,16.12,97.544,11.97705371,4.588425916,0.642432448,3.536876029
0.5,10,2.71,15.67,92.191,13.60780845,-4.795854004,1.15198881,6.177848609
0.5,10,2.78,14.71,93.54,12.90348415,-4.6912806,1.377856961,7.130806318
0.5,10,2.72,14.84,93.80135353,12.30503696,-4.589256409,2.011932826,7.75582883
0.5,10,2.79,14.02,94.85681278,12.35060155,-4.464414751,2.805748445,7.557668542
0.5,25,2.86,13.52,99.916,10.21797482,3.844050961,2.556206756,6.383448259
0.5,25,2.78,14.71,98.822,10.96534328,4.125848367,1.134801776,5.833028628
0.5,25,2.5,22.73,91.219,13.95098412,5.124459968,-0.540578241,-3.035451221
0.5,25,2.67,18.24,95.582,12.89337446,4.740387303,0.593886093,0.9956498
0.5,25,2.92,13.02,100.3883296,9.962403941,3.865927239,2.950211421,6.707018632
0.5,25,2.98,13.31,100.278143,9.443183353,3.709800972,3.394958718,7.315409266
0.5,10,2.74,16.12,90.704,14.34718101,-5.226493709,0.755716528,4.014253338
0.5,25,2.68,16.52,97.014,12.02512164,4.544794538,1.21177828,3.593408748
0.5,10,2.86,13.52,95.703,11.920923,-4.417840652,3.185406351,7.875522116
0.5,10,2.71,17.26,89.31,14.88584984,-5.363875465,0.479297914,2.066077838
0.5,25,2.71,15.67,97.873,11.42140191,4.234242426,0.736289368,4.993315141
0.5,25,2.61,18.56,95.015,12.21020116,4.91320557,0.086734719,1.398991024
0.5,10,2.98,13.31,96.63629793,11.08888425,-4.27116486,4.248955038,8.886566154
0.5,10,2.65,17.57,88.894,14.51058791,-5.376423522,1.025813502,2.864494079
0.5,25,2.82,14.02,99.488,10.57055365,4.075430728,2.173877494,6.220048562
0.5,25,2.65,17.57,95.998,12.33138427,4.673501121,0.853350452,2.562142733
0.5,25,2.72,14.84,98.78125039,10.406281,4.036296153,1.57275745,6.201910434
0.5,10,2.91,13.04,96.53379932,10.86418468,-4.280013214,3.993085995,9.584187969
0.5,25,2.5,24.22,88.6274014,13.46346825,5.310751466,-0.753531401,-6.94400742
0.5,10,2.68,16.52,90.796,14.17862955,-5.192675064,1.539488272,3.978733916
0.5,10,2.67,18.24,88.179,15.1184542,-5.452380628,0.746187389,1.030139109
0.5,10,2.92,13.02,96.08615492,11.71382802,-4.439081591,3.68064461,8.207646684
0.5,25,2.85,13.16,100.2480744,9.917622738,3.762844245,2.28068428,7.066645638
0.5,25,2.58,19.76,93.719,12.53858189,4.98682736,-0.091039914,-0.397232457
0.5,25,2.54,20.9,93.161,12.85253623,5.06062441,-0.05779668,-1.326256677
0.5,25,2.91,13.04,100.4690494,9.272314242,3.724148822,3.40936143,7.752717655
0.5,10,2.58,19.76,84.989,14.60271,-5.82330335,-0.186407685,-0.678958755
0.5,25,2.79,14.02,99.45059337,10.60529129,3.912536172,2.138024099,6.162599005
0.5,10,2.38,25.61,76.904,13.79887098,-6.714249567,-2.10540327,-7.415700442
0.5,10,2.58,20.28,85.098,14.62012825,-5.851892155,-0.336707777,-1.655449995
0.5,10,2.5,24.22,77.77001587,14.71816471,-6.349046254,-0.79676985,-7.993408136
0.5,25,2.38,25.61,87.419,13.20758147,5.601606574,-1.526530135,-5.771075819
0.5,25,2.48,21.32,92.205,13.08722373,5.083607184,0.109479862,-1.396324189
0.5,10,2.42,23.97,78.963,14.29430614,-6.194363582,-1.785877287,-6.321232111
0.5,25,2.58,20.28,93.656,12.60069903,5.004047335,-0.182876425,-1.327914921
0.5,10,2.85,13.16,95.71033551,11.87114909,-4.277000441,2.976647711,8.864822582
0.5,10,2.54,20.9,84.479,14.71140839,-5.933110201,-0.350218142,-1.699435438
0.5,25,2.42,23.97,88.939,13.39480553,5.180883973,-2.040183844,-4.736404872
0.5,10,2.48,21.32,83.576,14.92303793,-5.970091932,-0.246578491,-1.738915982
0.5,10,2.54,21.78,82.911,15.16087159,-5.901774099,-0.398987404,-2.955993461
0.5,10,2.42,22.58,81.347,15.16093546,-3.768786553,-1.68307911,-5.156158855
0.5,25,2.54,21.78,92.09,13.74075964,4.998076043,-0.070817462,-2.676699156
0.5,25,2.42,22.58,83.576,13.94173187,3.285640285,-3.086390112,-7.892152361
0.5,25,2.36,27.18,85.736,12.71880451,5.913290502,-3.081202017,-6.603716082
0.5,25,2.76,15.32,98.303,11.32068513,4.319069418,0.773009021,5.033271193
0.5,10,2.65,19.12,86.275,14.76895879,-5.751047284,0.48929335,-0.952060376
0.5,10,2.36,27.18,70.364,13.02225835,-7.103517139,-4.237414145,-8.37360856
0.4,25,2.58,19.76,90.992,9.268704529,5.333533232,0.157648674,-0.117566899
0.4,10,2.91,13.04,94.08184553,6.951404162,-4.690593522,4.281245927,10.80451858
0.4,10,2.42,23.97,64.029,6.809220872,-8.196543632,-2.406691436,-7.778202858
0.4,25,2.65,17.57,93.418,8.863710067,5.036412935,1.164632176,2.582300826
0.4,25,2.54,20.9,90.276,9.830504547,5.407330283,-0.042371272,-0.69519072
0.4,25,2.85,13.16,97.74417804,6.652076263,4.072510695,2.278295013,7.504403534
0.4,25,2.71,17.26,93.592,9.218613932,5.064076,0.657936058,1.934182904
0.4,25,2.86,13.52,97.304,6.950882582,4.156809032,2.553817489,6.819660343
0.4,25,2.48,21.32,89.385,8.861642755,5.644550415,-0.120189649,-1.593094891
0.4,25,2.65,19.12,91.843,9.328975819,5.274082296,0.737499726,-0.331025675
0.4,10,2.72,14.84,91.15331654,8.574457896,-5.020213449,2.46423776,8.984360458
0.4,25,2.68,16.52,94.474,8.555679119,4.907706353,1.524378429,3.611798529
0.4,25,2.38,25.61,84.009,8.613954082,7.427969582,-1.627015033,-6.526080602
0.4,25,2.42,22.58,79.289,9.614620573,4.093047113,-3.245095126,-8.362490055
0.4,10,2.78,14.71,90.726,8.96091882,-5.086437738,1.618175608,8.298689541
0.4,10,2.92,13.02,93.51688472,7.755851524,-4.8496619,3.924176186,9.386241587
0.4,10,2.58,20.28,81.171,10.95496934,-6.309613551,0.045336258,-0.205970968
0.4,10,2.65,17.57,85.755,10.20165478,-5.85477066,1.539228907,3.550491432
0.4,10,2.86,13.52,93.054,7.926557618,-4.832355751,3.449079156,9.027630836
0.4,10,2.74,16.12,87.586,9.828672747,-5.784162451,1.28674615,4.471916954
0.4,10,2.71,17.26,85.828,10.61027369,-5.842222604,1.026070289,2.749612377
0.4,10,2.85,13.16,93.20101916,7.885355919,-4.687580749,3.240320516,10.02550353
0.4,25,2.78,14.71,96.163,7.715483321,4.423396611,1.109058352,6.250447427
0.4,25,2.33,28.63,80.484,6.879098753,7.808318552,-5.677529544,-8.341192676
0.4,10,2.42,22.58,76.254,8.982349341,-4.812854616,-2.303893259,-5.306630436
0.4,10,2.54,21.78,78.313,9.975507096,-6.356054783,-0.085842518,-2.92316536
0.4,25,2.54,21.78,89.069,9.353678238,5.342078503,0.098190599,-3.410682944
0.4,25,2.74,16.12,94.862,8.441450104,5.013661847,0.971328389,3.470346118
0.4,10,2.82,14.02,91.93,8.302722078,-5.061652764,2.605028383,8.569736836
0.4,10,2.48,21.32,79.289,9.406126685,-6.700479051,-0.825158379,-1.168874795
0.4,10,2.65,19.12,82.671,10.8040645,-6.176290443,0.991529055,0.077975802
0.4,10,2.79,14.02,92.26345882,8.296119526,-4.859571888,2.934150406,8.700681385
0.4,10,2.68,16.52,87.94,9.867928106,-5.671022203,2.054222101,4.662962956
0.4,25,2.42,23.97,85.525,9.472109384,6.741093078,-2.198888858,-4.802327442
0.4,25,2.71,15.67,95.35,7.928222688,4.580477938,1.073414255,4.952148423
0.4,25,2.82,14.02,96.88,7.208776982,4.372978972,2.036217383,6.612596982
0.4,10,2.54,20.9,80.547,10.8849495,-6.390831598,-0.190655909,-0.3077017
0.4,10,2.71,15.67,89.437,9.311270986,-5.252976758,1.691247378,6.840421823
0.4,10,2.5,24.22,58.56780395,5.788303243,-8.585067434,-1.55339699,-10.71763982
0.4,10,2.61,18.56,83.85,10.05365253,-6.168404643,0.373008139,2.073694743
0.4,10,2.76,15.32,89.379,9.453421883,-5.378527934,1.414011236,7.035450374
0.4,10,2.5,22.73,76.758,9.411334978,-7.296136063,-1.326472591,-3.43533676
0.4,25,2.91,13.04,97.9762153,6.079780416,4.033815272,3.431459289,8.250125217
0.4,25,2.36,27.18,82.151,7.723461505,7.798297406,-3.73874494,-7.328729375
0.4,25,2.61,18.56,92.384,8.73102946,5.284608058,0.421292633,1.383492888
0.4,25,2.5,24.22,85.04445692,8.513569379,7.054692886,-1.161248164,-7.746418718
0.4,10,2.33,28.63,48.101,2.630170476,-9.530611614,-7.45240185,-11.95366367
0.4,10,2.98,13.31,94.20247716,7.124886875,-4.681745168,4.534423649,10.05914019
0.4,10,2.67,18.24,84.613,10.76781302,-5.930727766,1.248423093,1.674428407
0.4,25,2.98,13.31,97.75343909,6.199432716,4.019467422,3.414365257,7.765060257
0.4,10,2.58,19.76,81.134,10.52840543,-6.281024746,0.20641773,0.361374584
0.4,25,2.58,20.28,90.75,9.739967314,5.350753208,0.055030783,-0.639103676
0.4,25,2.76,15.32,95.658,8.111906742,4.665304931,1.017420934,5.293566465
0.4,25,2.79,14.02,96.94526359,7.243514628,4.210084417,2.000363987,6.555147425
0.4,25,2.72,14.84,96.25797269,7.432335699,4.36197289,1.822928703,6.679977637
0.4,25,2.92,13.02,97.76861688,6.724674143,4.175593689,2.927680926,7.162690487
0.4,10,2.36,27.18,52.794,3.726349372,-9.519076206,-5.215679962,-11.3692331
0.4,10,2.38,25.61,59.253,5.037959203,-9.05517095,-2.667997303,-10.16664865
0.4,25,2.5,22.73,88.154,10.08042953,6.049221763,-0.939961617,-2.758518213
0.4,25,2.67,18.24,92.778,9.383992204,5.103299117,0.893988118,0.974099838
0.3,10,2.42,22.58,50.646,-6.612234956,-7.758066637,-3.675867704,-9.288111849
0.3,25,2.74,16.12,92.07,2.987616779,5.807427922,1.30479503,4.339206472
0.3,25,2.78,14.71,93.64,2.822417958,5.065923417,1.472640594,7.6337968
0.3,10,2.79,14.02,89.01906547,1.997442728,-5.639063657,4.663119902,10.97706276
0.3,25,2.36,27.18,75.611,-0.574522644,9.927862847,-3.265440559,-8.877651347
0.3,25,2.82,14.02,94.531,2.382673278,5.066060406,2.489328162,7.948226139
0.3,25,2.58,19.76,87.13,2.669228685,7.660222422,-0.182915158,0.322139639
0.3,25,2.71,15.67,92.723,2.74500094,5.450696273,1.290027206,6.242255947
0.3,25,2.42,23.97,79.769,0.563796962,9.275986425,-2.988497335,-6.27989061
0.3,25,2.76,15.32,93.059,2.933554136,5.539717273,1.322234248,6.450397517
0.3,25,2.54,21.78,84.503,1.405075608,8.057853551,-0.259326038,-4.320103224
0.3,10,2.68,16.52,82.876,2.082108083,-6.851895672,2.620846993,6.728206266
0.3,25,2.5,24.22,77.88422057,-0.604808847,9.720960981,-1.071247312,-10.37150415
0.3,10,2.48,21.32,61.96,-2.452275316,-9.597519245,-1.668226456,-1.811616135
0.3,10,2.67,18.24,78.276,1.107012842,-7.661375514,-0.11660263,3.824518742
0.3,10,2.54,20.9,63.559,-0.877476402,-9.221478441,-1.865204239,-0.014429029
0.3,25,2.98,13.31,95.65684338,1.361958167,4.712548856,3.856105198,9.100689414
0.3,25,2.33,28.63,69.546,-1.485937459,9.765426482,-5.263465911,-9.74548798
0.3,25,2.58,20.28,86.799,3.069140272,7.651920914,-0.292185469,-0.270748339
0.3,10,2.5,24.22,36.03595635,-9.287163291,-11.87588768,-2.496579932,-14.57744565
0.3,10,2.82,14.02,88.631,2.004045273,-5.841144533,4.33399788,10.84611822
0.3,10,2.76,15.32,85.105,2.390380439,-6.388804499,2.582567568,9.133033638
0.3,10,2.91,13.04,91.76559824,0.7594468,-5.470085291,6.006864746,13.19899027
0.3,25,2.91,13.04,95.95679988,1.360396169,4.726896706,3.881219391,9.703844684
0.3,10,2.54,21.78,54.755,-4.042699712,-9.709883886,-1.770691233,-4.885673556
0.3,10,2.78,14.71,87.019,2.710177222,-5.801587253,3.372513451,10.62279114
0.3,10,2.74,16.12,82.501,2.673437542,-6.691798313,2.483955809,6.464816483
0.3,25,2.42,22.58,61.96,-0.640032994,6.487765884,-4.123900055,-11.18639434
0.3,25,2.67,18.24,89.397,2.894258089,6.543717389,0.214926791,1.920107686
0.3,25,2.5,22.73,83.37,1.748110328,8.951444633,-0.802192074,-4.597544653
0.3,25,2.65,19.12,88.154,2.702485166,7.265990313,0.432596627,0.029741445
0.3,25,2.79,14.02,94.6623214,2.417410936,4.90316585,2.453474767,7.890776582
0.3,10,2.71,15.67,85.06,2.252892211,-6.257915496,2.78113522,9.071281559
0.3,25,2.38,25.61,78.2,-0.152661641,9.688155203,-1.652162096,-8.373565098
0.3,10,2.85,13.16,90.44502779,1.606190818,-5.467072517,4.969290012,12.32139662
0.3,10,2.38,25.61,40.374,-8.762830094,-11.82915896,-2.746508815,-13.30575818
0.3,10,2.65,19.12,69.264,-0.246877975,-8.608834231,0.120160308,0.269940931
0.3,10,2.92,13.02,90.88965759,1.480261754,-5.596969806,5.649795005,11.69708087
0.3,10,2.61,18.56,76.73,1.213506545,-7.971658318,0.068871081,3.931006393
0.3,10,2.58,20.28,64.892,-0.843172507,-9.135760581,-1.629212072,0.051585752
0.3,25,2.92,13.02,95.58853344,1.864186307,4.843387802,3.377441027,8.475306369
0.3,10,2.65,17.57,80.059,1.469663,-7.518499098,0.815509845,6.061407221
0.3,10,2.71,17.26,79.145,3.198344531,-6.783910264,2.10983563,4.626921708
0.3,25,2.86,13.52,95.03,2.124778865,4.849890466,3.006928269,8.155289501
0.3,10,2.72,14.84,87.52478831,1.849302879,-6.025152187,3.744162186,11.35840738
0.3,25,2.71,17.26,90.342,3.568893474,5.884597058,0.868426507,2.757791674
0.3,25,2.61,18.56,89.02,3.191602991,6.782073845,0.735859957,2.233635584
0.3,25,2.48,21.32,85.216,2.257150513,8.001419898,0.069926069,-1.704294396
0.3,25,2.72,14.84,93.86073307,2.582337687,5.232191224,2.229578273,8.113272333
0.3,25,2.68,16.52,91.643,2.959185304,5.91615912,1.715184557,4.553002664
0.3,25,2.85,13.16,95.61777607,1.845484265,4.765592129,2.731405793,8.859544408
0.3,10,2.98,13.31,91.86465589,0.814839216,-5.461236937,6.252022308,12.33552157
0.3,25,2.54,20.9,86.372,3.203428829,7.712033559,-0.389587524,-0.283084054
0.3,25,2.65,17.57,90.33,3.183285588,6.42425175,1.007378762,3.889134129
0.3,10,2.5,22.73,51.691,-5.414333397,-10.8872624,-2.221886843,-7.045344484
0.3,10,2.42,23.97,42.288,-7.75760085,-11.32015966,-3.689469428,-10.73192172
0.3,10,2.36,27.18,36.238,-9.308944302,-12.12682035,-4.79574003,-13.91291606
0.3,10,2.33,28.63,33.489,-10.08022637,-11.91886439,-6.705856385,-14.34661737
0.3,10,2.86,13.52,89.979,1.627880799,-5.611847519,5.178048653,11.30401222
0.3,10,2.58,19.76,64.785,-1.256388585,-9.139653664,-1.461478181,0.632279131
0.2,25,2.54,21.78,63.41,-16.34132175,9.469499734,-0.793760442,-6.485223603
0.2,25,2.85,13.16,92.54929741,-7.507057793,6.095170275,4.099693262,13.18663249
0.2,25,2.76,15.32,87.669,-9.333173102,8.437301529,2.136291438,8.421353987
0.2,10,2.79,14.02,80.96427331,-10.84970048,-7.411103766,6.57030854,14.40467234
0.2,10,2.76,15.32,62.986,-16.44190459,-10.05677813,2.383062623,8.686018313
0.2,10,2.58,20.28,34.136,-23.60993815,-12.56645355,-2.705471748,-3.46258848
0.2,10,2.67,18.24,41.999,-21.23416674,-11.99969444,-1.012913636,0.483281194
0.2,25,2.58,20.28,73.194,-13.55578287,10.36307036,-0.481147281,-1.664401722
0.2,25,2.79,14.02,90.92110254,-7.249769966,6.311088059,3.818839313,11.90614868
0.2,10,2.65,19.12,35.485,-21.9127172,-12.34364098,-0.684649848,-2.457326942
0.2,25,2.72,14.84,89.59977192,-7.051064013,7.175953827,3.6393037,12.28864053
0.2,25,2.5,22.73,60.648,-18.12086948,9.332539587,-1.888432266,-8.392569795
0.2,25,2.67,18.24,79.722,-11.68431833,9.968001511,0.707999397,1.818065799
0.2,10,2.71,17.26,42.731,-18.54948341,-10.7292306,1.535982448,1.370330353
0.2,10,2.85,13.16,82.66853663,-10.74825887,-7.139402003,6.891963872,16.22621458
0.2,10,2.54,20.9,33.97,-23.40333197,-12.42188763,-2.816069799,-3.291244385
0.2,25,2.71,17.26,80.552,-11.11811463,9.000096575,1.083387763,2.639181953
0.2,25,2.65,19.12,75.958,-12.27845117,10.21608629,1.076465579,-0.595326486
0.2,10,2.91,13.04,87.80379819,-9.897157286,-6.537617497,9.34625654,17.57636215
0.2,10,2.74,16.12,53.23,-17.0541468,-10.59719376,2.05971996,5.158494384
0.2,25,2.54,20.9,73.242,-13.59180523,10.24224576,-0.806713728,-1.497041048
0.2,10,2.54,21.78,28.757,-24.97752311,-11.48666358,-2.838864993,-6.57145682
0.2,25,2.71,15.67,87.419,-9.402686554,8.293113569,1.867871376,8.66296673
0.2,25,2.74,16.12,85.369,-9.750442226,8.891557894,1.916089192,5.852855828
0.2,10,2.72,14.84,79.39140935,-12.18188012,-8.479170981,4.694218127,14.72968763
0.2,10,2.71,15.67,66.704,-16.33497362,-9.855676631,2.570164952,8.974652233
0.2,10,2.5,22.73,27.578,-26.12957735,-11.35243143,-3.203436354,-8.657300613
0.2,25,2.33,28.63,45.076,-19.89443233,8.679223326,-5.948937402,-12.67786511
0.2,10,2.86,13.52,82.711,-10.47545277,-7.090728429,7.348763899,15.21190489
0.2,25,2.65,17.57,82.868,-10.53000845,9.874625893,1.744324115,4.531708504
0.2,25,2.86,13.52,91.696,-7.322090953,6.027473302,4.419944513,12.34332105
0.2,10,2.92,13.02,84.45790412,-9.942855879,-6.75397699,8.533635253,15.54279106
0.2,10,2.65,17.57,50.451,-20.06552973,-11.8900235,0.103776089,3.464785936
0.2,25,2.91,13.04,93.28717032,-7.374295405,5.58127699,5.777525916,14.31219046
0.2,25,2.92,13.02,92.35758,-7.477242057,5.768069852,4.818196007,12.7117672
0.2,10,2.98,13.31,88.02610859,-10.00992366,-6.586906124,9.666955636,16.40447868
0.2,25,2.61,18.56,80.69,-11.06815857,10.23244799,1.501297098,2.27196535
0.2,25,2.98,13.31,93.05949393,-7.437076157,5.612608195,5.759916451,13.57247326
0.2,10,2.33,28.63,21.137,-26.00021694,-10.51656311,-6.081718463,-12.96607582
0.2,10,2.61,18.56,43.25,-20.86815364,-12.34318272,-0.614370886,0.730140498
0.2,10,2.36,27.18,23.137,-26.08427909,-10.86689173,-5.053623003,-12.51529195
0.2,10,2.68,16.52,57.873,-16.97073438,-10.60331736,2.598544389,5.941227416
0.2,25,2.58,19.76,76.565,-12.78260205,10.37614458,-0.37187697,0.101578673
0.2,25,2.36,27.18,49.198,-19.58412486,8.953523915,-4.673969928,-11.69767207
0.2,10,2.38,25.61,24.312,-26.32185941,-10.77454278,-3.604672987,-12.0422089
0.2,10,2.58,19.76,35.011,-22.86090888,-12.57642099,-2.537737856,-1.719649746
0.2,25,2.38,25.61,53.245,-19.57932903,8.87513319,-3.505029034,-11.11697493
0.2,10,2.42,23.97,23.877,-26.71177148,-10.601279,-4.332515984,-11.03968451
0.2,25,2.48,21.32,70.987,-14.46404281,9.913294742,-0.62046127,-2.675598792
0.2,10,2.5,24.22,20.68609142,-27.1704396,-11.16623425,-3.478129444,-13.3574342
0.2,25,2.42,23.97,53.374,-19.65848399,8.726756609,-4.592098687,-10.02923277
0.2,10,2.42,22.58,28.306,-26.73383127,-8.013832842,-4.31891426,-10.76330038
0.2,10,2.48,21.32,35.42,-23.49877793,-12.01095363,-2.315022063,-4.017797832
0.2,25,2.42,22.58,35.42,-20.28929882,6.704330036,-5.727501407,-14.36272135
0.2,25,2.82,14.02,90.821,-7.405681067,6.46669214,3.733519259,11.96359824
0.2,25,2.5,24.22,46.46407472,-19.73971833,9.178981133,-2.157487503,-13.43245898
0.2,10,2.82,14.02,78.712,-10.94770212,-7.603905857,6.13658233,14.27372779
0.2,25,2.68,16.52,85.284,-9.379085001,8.879309708,2.632695093,6.406759099
0.2,25,2.78,14.71,89.021,-7.505604512,7.127107092,2.187745265,11.60577955
0.2,10,2.78,14.71,72.973,-12.28249261,-8.405051051,3.361082526,13.79068593
0.15,10,2.58,19.76,22.573,-36.12481846,-12.02730701,-1.551924264,-3.122988981
0.15,10,2.98,13.31,81.44636046,-19.60903948,-7.83993368,11.42659315,18.35211318
0.15,10,2.5,22.73,18.444,-37.75665714,-9.809133637,-2.384939639,-8.329020042
0.15,25,2.67,18.24,58.843,-25.67969492,10.3258161,0.132112181,0.855395927
0.15,10,2.38,25.61,17.534,-36.27974907,-9.509952743,-2.383675989,-10.33744061
0.15,25,2.92,13.02,88.9492358,-16.61490909,7.12079658,7.163989711,13.46652127
0.15,25,2.72,14.84,84.20198378,-18.90002403,8.857611243,4.697958234,11.92448763
0.15,25,2.58,20.28,51.208,-27.9299886,9.557159557,-1.532139876,-2.519700961
0.15,10,2.58,20.28,21.896,-36.27793618,-11.66615672,-1.719658155,-4.270016191
0.15,25,2.5,22.73,42.233,-32.60237301,8.021413736,-3.276120697,-9.090997717
0.15,10,2.71,17.26,27.015,-36.61023639,-13.2361715,-1.959847558,-0.533764539
0.15,25,2.38,25.61,39.625,-31.89394996,7.782992007,-3.83576704,-10.59567285
0.15,10,2.78,14.71,48.463,-28.73580154,-10.98240225,0.822143851,12.45128132
0.15,10,2.65,17.57,33.614,-34.51679159,-12.47083171,0.183564899,1.96036652
0.15,10,2.76,15.32,41.132,-29.69438126,-11.67587781,0.147327656,10.23294031
0.15,25,2.61,18.56,65.154,-24.89042463,10.4114956,1.056967194,1.38678019
0.15,10,2.92,13.02,68.38780777,-22.28030966,-8.601037011,9.603570024,14.75208757
0.15,25,2.36,27.18,37.009,-31.84202646,7.887007079,-4.947988572,-11.18578146
0.15,25,2.5,24.22,32.71873072,-33.13791438,7.770762954,-3.490000071,-13.04757943
0.15,25,2.65,19.12,52.416,-25.97549059,10.41436677,0.571092672,-1.342327654
0.15,10,2.36,27.18,16.328,-36.04368658,-9.634914496,-3.834143796,-10.81993512
0.15,10,2.61,18.56,28.837,-35.22275377,-12.69646933,-0.459625171,-0.907984546
0.15,25,2.78,14.71,82.206,-19.45503538,9.053634032,2.85319177,11.18739783
0.15,10,2.33,28.63,15.537,-35.70075938,-9.449026803,-4.685594684,-11.15542923
0.15,10,2.79,14.02,62.45429432,-26.17187727,-9.637765201,4.936773936,13.28540864
0.15,10,2.65,19.12,22.169,-36.18580173,-12.72140576,-0.808357285,-3.783568793
0.15,25,2.58,19.76,56.738,-27.12560711,9.846163164,-1.422869565,-0.722519878
0.15,10,2.71,15.67,42.848,-30.48395699,-11.83359711,-0.683306044,10.98232701
0.15,10,2.91,13.04,81.73583294,-19.82347914,-8.040187188,11.22920468,19.05872078
0.15,10,2.67,18.24,26.222,-36.16816599,-12.58050264,-1.207135382,-1.421206985
0.15,25,2.68,16.52,76.966,-22.28518021,10.19655219,2.389652465,6.355986562
0.15,25,2.98,13.31,90.97795864,-14.89717746,6.498595131,8.795412895,16.0047931
0.15,25,2.79,14.02,85.43714942,-18.69430038,7.96207304,4.897732102,11.57363395
0.15,10,2.42,23.97,16.636,-37.28603683,-9.300901223,-3.335264526,-9.684407625
0.15,10,2.85,13.16,60.60311842,-24.02217517,-9.317625159,5.806627736,16.77652691
0.15,25,2.65,17.57,70.827,-24.04264771,10.23244048,1.442447454,3.969107395
0.15,25,2.76,15.32,79.451,-19.79293516,9.610916561,2.33926595,9.943811227
0.15,10,2.72,14.84,56.34908086,-27.97819656,-10.74487006,2.771531349,13.77798951
0.15,10,2.54,20.9,22.023,-36.1851046,-11.41538759,-1.929847686,-4.127528001
0.15,25,2.54,20.9,52.009,-28.26943415,9.352889575,-2.09629235,-2.431850226
0.15,25,2.71,15.67,79.827,-20.11820386,9.748659231,1.793229652,10.54680844
0.15,10,2.42,22.58,19.552,-38.18784198,-6.825655792,-3.321662802,-10.28776883
0.15,10,2.74,16.12,33.754,-33.52018615,-12.96986262,-0.581457718,4.092089986
0.15,10,2.86,13.52,65.775,-23.59533977,-8.62022601,7.450179722,14.787137
0.15,25,2.85,13.16,88.92387776,-16.98982461,7.708096608,5.39108494,14.77289627
0.15,10,2.48,21.32,23.351,-35.68804002,-11.22845784,-1.52596988,-4.136525979
0.15,10,2.68,16.52,37.886,-32.99597036,-12.40521561,0.057427328,5.447858487
0.15,10,2.82,14.02,55.097,-26.4934901,-9.972944373,4.279436566,13.29494911
0.15,25,2.82,14.02,85.505,-18.81957786,8.229544828,4.84304568,11.77156852
0.15,25,2.54,21.78,43.754,-31.33385549,8.174043361,-2.14119312,-7.73493745
0.15,25,2.42,22.58,23.351,-33.96358904,5.67222763,-6.281984956,-14.93420425
0.15,25,2.74,16.12,74.716,-22.07810769,10.65726299,2.392250612,5.429016337
0.15,10,2.5,24.22,13.89503574,-37.49354754,-9.499364402,-2.604456865,-11.72518177
0.15,25,2.33,28.63,35.311,-31.59982436,7.741910077,-6.046311474,-11.75704021
0.15,25,2.42,23.97,38.257,-32.6533873,7.60649649,-5.146582236,-9.921328757
0.15,10,2.54,21.78,18.461,-37.15124553,-9.963308758,-2.010496936,-6.799690146
0.15,25,2.48,21.32,53.803,-28.14915361,9.199941898,-1.990548029,-2.50950668
0.15,25,2.71,17.26,59.948,-24.80072217,10.87130114,0.76638703,1.555933361
0.15,25,2.91,13.04,90.80861692,-14.7159918,6.663332746,8.866448716,16.79472961
0.15,25,2.86,13.52,87.198,-17.80926699,7.13068669,6.371917274,12.32223708
0.1,25,2.78,14.71,55.461,-38.12885792,8.358832345,1.143654498,10.61537957
0.1,10,2.36,27.18,12.269,-46.02399098,-8.420128048,-2.427390752,-8.458851235
0.1,10,2.71,15.67,27.049,-46.32612441,-10.38767002,-0.665491043,8.659474501
0.1,10,2.42,23.97,11.838,-47.64943969,-8.002936367,-2.117606335,-7.505033616
0.1,25,2.42,22.58,16.36,-45.63470881,4.915283852,-4.937951158,-11.73318755
0.1,25,2.58,19.76,37.343,-45.46926046,7.385051712,-0.902746073,-3.399489757
0.1,25,2.54,21.78,27.669,-46.45627058,6.667814054,-1.77931851,-7.033617659
0.1,25,2.54,20.9,32.388,-45.67397296,7.18521163,-1.733220307,-4.012654179
0.1,10,2.54,21.78,12.843,-48.9393766,-8.135254077,-1.028584043,-5.844189371
0.1,10,2.5,22.73,12.696,-48.16669004,-8.299693694,-1.285160285,-6.082282663
0.1,10,2.65,19.12,13.774,-49.73765146,-9.430638399,-0.466323003,-3.950710558
0.1,10,2.5,24.22,10.3103002,-47.47972063,-8.079016207,-1.504677511,-9.054584563
0.1,10,2.48,21.32,16.36,-48.17635311,-8.844951221,-0.500923297,-3.923143444
0.1,25,2.33,28.63,26.427,-43.53301557,6.754508914,-4.258545313,-9.243447971
0.1,25,2.42,23.97,26.899,-45.4044852,6.516766334,-3.798218945,-7.800290162
0.1,10,2.85,13.16,33.90809041,-42.6072086,-10.86518806,3.574769848,14.29683717
0.1,25,2.79,14.02,68.32665933,-36.8999129,8.200412397,3.670394133,10.98845919
0.1,25,2.38,25.61,28.735,-44.30345899,6.793660767,-2.454954918,-8.165494223
0.1,25,2.85,13.16,78.5086955,-32.88125368,8.854138257,4.913043061,15.69305985
0.1,10,2.58,20.28,14.484,-48.68308392,-9.006462226,-0.702192827,-3.965887086
0.1,25,2.36,27.18,27.312,-44.06149303,6.862631386,-3.377133978,-8.76789657
0.1,25,2.48,21.32,36.483,-44.96362919,7.257286078,-1.205244025,-3.92247936
0.1,10,2.42,22.58,13.474,-48.22759938,-5.951237236,-2.108334104,-7.784749374
0.1,10,2.58,19.76,15.469,-48.96400111,-8.983947775,-0.534458935,-3.252894746
0.1,10,2.54,20.9,14.745,-48.75206702,-8.745489182,-0.94673736,-3.950858556
0.1,25,2.58,20.28,31.568,-45.15449144,7.397498981,-1.012016384,-4.077520384
0.1,10,2.91,13.04,54.50634815,-38.65629246,-10.07889214,8.208843922,17.06542899
0.1,25,2.76,15.32,51.597,-38.99346871,8.037519013,0.378974109,9.095836566
0.1,10,2.38,25.61,13.006,-46.5297424,-8.339768326,-1.246611898,-7.964062984
0.1,10,2.78,14.71,28.15,-45.91949376,-10.18707363,-0.174178639,10.19611382
0.1,25,2.5,24.22,22.36732052,-45.73032419,6.58487446,-2.637149697,-10.27622523
0.1,10,2.71,17.26,16.146,-50.15776437,-10.35029375,-1.515528671,-0.561977364
0.1,25,2.61,18.56,42.725,-43.63698957,7.946755588,0.583730543,-0.631169856
0.1,10,2.98,13.31,50.68861885,-39.24551643,-10.0694281,8.87072873,15.47451076
0.1,25,2.67,18.24,35.347,-44.58976059,7.887166104,-0.5046251,-1.241560173
0.1,10,2.65,17.57,21.705,-48.42047042,-9.40029026,0.473766229,1.441395816
0.1,10,2.76,15.32,24.436,-45.40797566,-9.762336266,-0.260974454,8.859850298
0.1,25,2.92,13.02,73.76070708,-33.07376413,8.76658838,6.646137606,13.86570316
0.1,25,2.72,14.84,65.60182148,-37.16349611,7.867473687,3.004179174,11.40209933
0.1,25,2.5,22.73,27.163,-45.77773504,6.765524581,-2.423270323,-6.902595752
0.1,10,2.92,13.02,39.21024287,-42.56856482,-10.78464557,6.46737145,11.48015085
0.1,25,2.65,17.57,46.329,-43.4993369,7.749971578,0.793506697,1.296333128
0.1,25,2.71,17.26,35.303,-43.57150382,8.533925144,0.493741987,-0.518504581
0.1,25,2.71,15.67,54.824,-38.6122846,8.542673036,1.094080724,8.749071278
0.1,25,2.86,13.52,69.319,-35.27490298,8.40827247,5.283845088,12.07143787
0.1,25,2.91,13.04,83.76180522,-29.97816142,8.195271715,8.366885874,18.3113486
0.1,10,2.72,14.84,34.30739601,-44.08032037,-9.573659416,2.761111813,11.27352515
0.1,10,2.74,16.12,19.756,-48.28651675,-10.22884045,-0.679798153,3.228841603
0.1,10,2.86,13.52,37.073,-44.05354401,-10.33520872,4.121210831,11.32460135
0.1,10,2.68,16.52,24.392,-47.35175213,-10.19547088,0.081309974,4.539164108
0.1,25,2.82,14.02,64.178,-36.86192641,8.523721265,3.778971695,11.04520194
0.1,25,2.74,16.12,44.632,-41.80902135,8.433702091,0.289316426,4.065843428
0.1,25,2.68,16.52,50.047,-40.65683537,8.390423558,1.438248371,4.866770324
0.1,10,2.82,14.02,31.599,-45.29338571,-10.43631518,1.808049013,10.75828412
0.1,10,2.61,18.56,19.839,-48.45660138,-9.648491921,0.006280265,-0.812423954
0.1,25,2.98,13.31,82.4750333,-30.62231526,8.180440111,9.011546996,16.72659629
0.1,10,2.67,18.24,16.104,-49.62480972,-9.565730714,-0.964026071,-1.404652447
0.1,25,2.65,19.12,32.318,-45.47361132,7.75886322,-0.026015133,-4.056533532
0.1,10,2.79,14.02,36.73085431,-45.00813442,-10.03007064,2.429024844,10.88993548
0.1,10,2.33,28.63,11.797,-45.47882145,-8.281298848,-3.091772607,-8.752828476
0.05,10,2.74,16.12,11.037,-60.26563205,-7.213507841,-0.874727115,2.361300922
0.05,10,2.54,20.9,10.106,-57.64687292,-6.711427376,-0.062117821,-2.958076912
0.05,10,2.72,14.84,19.13602769,-57.32275976,-6.677322116,3.146045291,8.63614652
0.05,25,2.78,14.71,31.194,-58.11753297,6.059402142,-0.22339941,6.550126215
0.05,25,2.98,13.31,40.12316,-54.71276645,6.615733612,3.58301013,11.44487324
0.05,10,2.78,14.71,15.571,-60.64067012,-7.219004822,-1.267982102,7.117776966
0.05,25,2.91,13.04,51.54814884,-52.48169396,6.693743717,4.123819722,13.81080882
0.05,25,2.86,13.52,38.035,-55.41547132,6.582480992,2.657053015,9.100735701
0.05,25,2.42,23.97,17.391,-56.76013162,5.244029628,-2.46794191,-5.647268478
0.05,10,2.79,14.02,18.8502789,-60.32324815,-7.513781056,0.410245087,8.150545731
0.05,25,2.48,21.32,24.729,-57.48763699,5.691718518,-0.064555072,-2.815196896
0.05,10,2.42,22.58,7.8025,-56.44858826,-4.298262928,-1.159497531,-6.122961689
0.05,10,2.82,14.02,16.883,-60.17313652,-7.754483133,0.224632196,8.016781993
0.05,25,2.85,13.16,45.71093112,-53.29939357,6.923205759,2.280580822,12.3492176
0.05,25,2.71,17.26,21.295,-59.01240869,5.880156214,-0.544766744,-0.060744885
0.05,10,2.71,15.67,15.639,-59.30866724,-6.595839786,0.08180717,5.874759619
0.05,10,2.86,13.52,18.822,-60.00306541,-7.96995284,1.472014553,8.560018583
0.05,10,2.68,16.52,14.782,-58.82172698,-6.714082675,0.756148877,3.239674281
0.05,10,2.48,21.32,10.795,-57.10073149,-6.810889415,0.354123769,-2.93792168
0.05,10,2.36,27.18,8.6047,-54.18285173,-6.765770964,-1.546986338,-6.77101887
0.05,10,2.5,24.22,8.028723122,-55.47440742,-6.364001005,-0.547938214,-7.161683793
0.05,25,2.5,24.22,16.68614489,-56.75491431,5.269986372,-1.394768513,-7.691537708
0.05,25,2.82,14.02,36.373,-56.49803877,6.449191369,1.638390413,8.111834417
0.05,25,2.54,21.78,18.308,-57.98974336,5.35406316,-0.615060517,-4.957812675
0.05,25,2.42,22.58,10.795,-56.77481376,3.649142179,-3.607674123,-9.364624395
0.05,25,2.74,16.12,25.892,-59.14003502,6.097136044,-0.146853162,2.09497669
0.05,25,2.65,19.12,19.982,-58.50888174,5.953356743,0.551450777,-2.850338431
0.05,10,2.65,19.12,9.042,-58.62797691,-7.091199787,0.391602017,-2.887361416
0.05,10,2.33,28.63,8.2226,-53.41350221,-6.524039463,-2.121378342,-6.930805946
0.05,25,2.36,27.18,19.262,-55.14193908,5.595403248,-2.10276963,-6.388277448
0.05,10,2.54,21.78,9.1102,-57.44553047,-6.421686211,-0.149967938,-4.462755677
0.05,25,2.58,20.28,19.952,-57.70697651,5.811976856,0.100195413,-2.962678039
0.05,10,2.98,13.31,21.11838586,-59.7382956,-8.036462187,2.681112613,10.54420719
0.05,10,2.91,13.04,25.30431852,-57.7057405,-8.126335229,3.026074574,12.95134513
0.05,25,2.67,18.24,21.946,-58.32025378,5.855137364,0.094987192,-0.793302279
0.05,10,2.38,25.61,9.1529,-54.70657496,-6.678400338,-0.384179296,-6.279015419
0.05,10,2.65,17.57,14.365,-57.84202683,-6.772550586,1.225782634,1.973514074
0.05,25,2.58,19.76,23.312,-58.02631817,5.808675103,0.209465724,-2.28922017
0.05,25,2.61,18.56,26.379,-57.52020153,5.914726848,1.030624306,-0.180495005
0.05,25,2.79,14.02,38.21901187,-56.67577669,6.255951584,1.390061458,8.057204049
0.05,10,2.58,19.76,8.8108,-57.89686326,-6.936128997,0.337462247,-2.28547112
0.05,25,2.38,25.61,20.304,-55.41439631,5.520924061,-1.211081853,-5.788659902
0.05,25,2.72,14.84,39.53533316,-55.54534224,5.62440395,3.243954163,7.777804198
0.05,10,2.58,20.28,9.8078,-57.59058817,-6.947003702,0.169728356,-2.973105442
0.05,25,2.33,28.63,18.663,-54.57303571,5.406428966,-2.967953289,-6.839630621
0.05,25,2.71,15.67,31.824,-58.33332865,5.596001709,0.147873939,4.926691842
0.05,10,2.71,17.26,9.4978,-59.52585518,-6.93124838,-0.860532405,0.267759755
0.05,25,2.54,20.9,20.62,-58.1684084,5.61964407,-0.562958881,-2.897811834
0.05,25,2.92,13.02,39.6889538,-55.11161381,7.036178962,2.834758634,10.07416561
0.05,25,2.68,16.52,29.229,-58.31095063,5.687670972,0.834325992,2.669232892
0.05,10,2.42,23.97,6.9211,-56.07098135,-6.34156838,-1.168769763,-6.043798689
0.05,10,2.5,22.73,9.1563,-56.626004,-6.59307217,-0.355809787,-4.654009028
0.05,25,2.5,22.73,18.235,-57.25196365,5.457231527,-1.208277938,-4.767546647
0.05,25,2.65,17.57,27.937,-57.58066157,5.717942838,1.265063993,1.456473962
0.05,10,2.67,18.24,9.8175,-58.69553476,-6.93799104,-0.08395467,-0.584417129
0.05,25,2.76,15.32,29.068,-58.266952,5.89751451,-0.203003037,5.208133221
0.05,10,2.92,13.02,17.50421745,-60.63214497,-8.540785029,1.894913226,8.416630288
0.02,25,2.91,13.04,28.52820071,-65.57818775,4.044535541,3.512725137,9.391729053
0.02,25,2.5,22.73,13.462,-63.25972066,4.572648667,-0.641766082,-3.204236836
0.02,25,2.5,24.22,12.55432259,-62.58011965,4.4647266,-0.839623645,-5.945676236
0.02,10,2.5,22.73,6.9036,-60.57329905,-5.417193181,-0.386245644,-3.635373823
0.02,10,2.54,21.78,6.6813,-61.34386107,-5.190833479,-0.247847509,-3.366169436
0.02,10,2.5,24.22,6.007493024,-59.41943054,-5.289078674,-0.589741059,-6.140776671
0.02,10,2.48,21.32,7.348,-61.30346428,-5.485108453,0.283549992,-2.184628998
0.02,25,2.54,21.78,13.247,-64.04670331,4.426286644,-0.219515696,-3.311195916
0.02,25,2.71,17.26,13.23,-67.19996907,4.594470912,-0.670208632,0.079560657
0.02,10,2.74,16.12,6.7319,-65.28342914,-5.329539378,-0.558984949,1.99373288
0.02,25,2.36,27.18,13.101,-61.45481995,4.647487252,-1.593156516,-5.185832243
0.02,25,2.74,16.12,15.524,-67.48273956,4.656197171,-0.193135868,1.966610351
0.02,25,2.71,15.67,18.894,-66.84664361,4.20572596,-0.163766301,4.741242759
0.02,25,2.58,19.76,13.792,-65.40368347,4.538563555,-0.049487201,-1.338292315
0.02,10,2.36,27.18,5.5136,-58.29133178,-5.509286166,-1.658361785,-5.945268481
0.02,25,2.76,15.32,18.082,-66.93427898,4.420799073,-0.235123004,4.716570034
0.02,25,2.33,28.63,12.683,-60.77206115,4.46011034,-2.344484732,-5.599098532
0.02,10,2.38,25.61,5.9801,-58.91328723,-5.458210595,-0.492493645,-5.546511519
0.02,25,2.78,14.71,19.937,-67.22044075,4.311157703,-0.150854758,5.582141239
0.02,25,2.68,16.52,16.703,-67.10686071,4.332936136,0.339280056,2.380137488
0.02,10,2.33,28.63,5.2038,-57.4117572,-5.269587679,-2.122528729,-6.066968672
0.02,25,2.82,14.02,21.857,-66.50460509,4.395972036,1.357011854,6.586967459
0.02,25,2.61,18.56,15.762,-66.09848487,4.582963626,0.419044542,-0.123792867
0.02,25,2.86,13.52,22.318,-66.71968143,4.109048312,1.961110599,6.669060234
0.02,25,2.65,17.57,16.428,-66.49412903,4.411046343,0.512227689,1.220278999
0.02,25,2.98,13.31,27.45796599,-66.09552482,4.164836655,3.975139091,7.866886042
0.02,10,2.71,17.26,5.6623,-64.74135712,-5.24487537,-0.842371129,0.034436278
0.02,25,2.92,13.02,22.36410559,-67.11986218,4.409915744,2.407869944,6.588754019
0.02,25,2.72,14.84,24.46113119,-65.09718359,4.082999667,2.86756525,6.627632782
0.02,25,2.48,21.32,17.186,-64.01851382,4.689355537,0.461966841,-1.785059678
0.02,25,2.85,13.16,25.48688228,-66.06227332,4.225699126,1.56049527,8.441876491
0.02,25,2.42,22.58,7.348,-62.32482242,2.850939077,-2.793191698,-7.549429057
0.02,10,2.54,20.9,7.5167,-61.88347046,-5.327590492,-0.171460266,-2.199757659
0.02,25,2.54,20.9,15.046,-64.83682129,4.571665722,-0.178876933,-1.862648045
0.02,25,2.42,23.97,10.012,-63.06937329,4.402275843,-1.910752597,-4.591306182
0.02,10,2.58,20.28,6.8928,-61.99388194,-5.296417171,-0.106310293,-2.233104584
0.02,25,2.79,14.02,22.43095708,-66.91575341,4.19455561,0.875272509,6.530224712
0.02,25,2.58,20.28,14.249,-65.01842427,4.5544095,-0.158757512,-1.945832646
0.02,10,2.65,19.12,6.1495,-63.14382856,-5.324000134,0.032246451,-2.119835295
0.02,25,2.38,25.61,14.047,-61.76069681,4.601525608,-0.716622372,-4.596433853
0.02,25,2.65,19.12,13.227,-66.14112511,4.604164792,0.000284788,-1.805309328
0.02,10,2.67,18.24,6.0266,-63.9178171,-5.202057927,-0.204712706,-0.751534323
0.02,25,2.67,18.24,14.47,-66.60309473,4.530511982,-0.217581267,-0.627083379
0.01,25,2.98,13.31,18.2156247,-71.8861442,3.014375543,3.084976575,7.08827627
0.01,25,2.42,23.97,5.9672,-66.58913855,3.806199625,-1.691294789,-4.247769166
0.01,25,2.36,27.18,10.144,-64.9830887,4.029024593,-1.438822903,-4.785674521
0.01,25,2.33,28.63,9.8076,-64.00618083,3.84164768,-1.896002057,-5.19894081
0.01,25,2.48,21.32,13.662,-67.33665298,4.137589087,0.823266062,-1.397068007
0.01,25,2.42,22.58,5.6525,-65.60223071,2.332388668,-2.584897085,-6.963535073
0.01,25,2.38,25.61,11.033,-65.24841514,4.005449391,-0.521738359,-4.196276131
0.01,25,2.58,19.76,8.9902,-69.06798553,3.874169215,0.284859273,-1.233174058
0.01,10,2.38,25.61,4.6223,-61.02365014,-4.676931329,-0.466856362,-5.305295958
0.01,25,2.54,21.78,10.919,-67.23189253,3.914551091,0.208848282,-2.844435744
0.01,25,2.92,13.02,14.96518108,-72.71979704,3.264449644,1.686305834,5.833827374
0.01,25,2.72,14.84,17.10313216,-69.6809926,3.246050317,2.604868576,6.360170177
0.01,10,2.54,20.9,6.0846,-63.90276511,-4.609931974,-0.03188121,-1.988029169
0.01,25,2.85,13.16,14.24198996,-72.1238354,3.15302033,0.814046781,7.193678068
0.01,25,2.54,20.9,12.627,-68.1198629,4.025577234,0.245320194,-1.493740258
0.01,10,2.58,20.28,5.7054,-64.04491555,-4.546216107,0.001529798,-1.993755822
0.01,25,2.58,20.28,11.731,-68.39131653,3.98275187,0.175588962,-1.549304586
0.01,25,2.79,14.02,13.2439899,-72.35341663,3.212910225,0.180218485,5.854530693
0.01,25,2.65,19.12,10.148,-69.92473672,3.867549311,0.215321711,-1.692132582
0.01,25,2.67,18.24,11.1,-70.38670634,3.7938965,-0.002544344,-0.513906633
0.01,25,2.71,17.26,9.7509,-71.24187512,3.772316063,-0.713466148,0.176069995
0.01,25,2.86,13.52,14.909,-72.2019325,3.130960284,1.203676751,6.011158154
0.01,25,2.5,22.73,11.312,-66.57604749,4.02639401,-0.216141967,-2.865874409
0.01,25,2.74,16.12,10.973,-71.77197099,3.791953043,-0.24757762,1.860301675
0.01,25,2.91,13.04,16.87708283,-72.16125839,2.853308596,2.533118753,7.87885736
0.01,25,2.71,15.67,10.9673,-71.25252165,3.38357111,-0.248532008,4.473780154
0.01,25,2.76,15.32,12.755,-71.32529936,3.556554945,-0.305031104,4.508472393
0.01,25,2.78,14.71,14.181,-71.86760484,3.446913573,-0.56432981,5.415367388
0.01,25,2.82,14.02,15.287,-71.83477358,3.414326651,0.769452559,5.91127344
0.01,10,2.5,22.73,5.5415,-62.62550127,-4.699323176,-0.243099082,-3.455953557
0.01,10,2.48,21.32,5.6525,-63.344952,-4.760223438,0.394854632,-1.975535648