SOC,PulseLength(s),Temperature(C),Voltage(V),Current(A),AvgCurrent_5s,AvgCurrent_10s,AvgCurrent_20s,AvgCurrent_50s,True_SOP(W),SHAP_SOC,SHAP_PulseLength(s),SHAP_Temperature(C),SHAP_Voltage(V),SHAP_Current(A),SHAP_AvgCurrent_5s,SHAP_AvgCurrent_10s,SHAP_AvgCurrent_20s,SHAP_AvgCurrent_50s
1.000000111,10.002,-8.0474,4.135,0.0,0.0,0.0,0.0,0.0,0.6523145838796365,0.1302748465606237,-0.0008753605806123232,-0.19123187649386636,0.12347452662594151,-0.012811289103192394,-0.02179120894683365,-0.019713065417709005,-0.006827039044801495,-0.002612098492318182
1.000000097,10.002,-18.568,4.136,0.0,0.0,0.0,0.0,0.0,0.3429870444817299,0.11318319720472574,-0.0029500661264319204,-0.31246726066986413,0.09464044274322077,-0.012817349773649766,-0.02193774425864831,-0.019692761661608528,-0.006934596639694064,-0.0026101364880014443
1.000000088,10.002,26.2,4.1558,0.0,0.0,0.0,0.0,0.0,0.956525768094054,0.041933198869319316,-0.0029705660277977585,0.06059490294843272,0.11446557327748792,-0.012341295640981116,-0.02157131652931639,-0.016332145581109216,-0.012381070972114685,-0.002849395053635817
1.000000088,10.001,39.394,4.1276,0.0,0.0,0.0,0.0,0.0,1.0,0.044094230162336316,0.006209145057437126,0.0846358589344527,0.0859472635894781,-0.011739714994509995,-0.018225035269115324,-0.02057517979743352,-0.009043215002384386,-0.0026946832003159216
1.000000086,10.001,1.2544,4.1379,0.0,0.0,0.0,0.0,0.0,0.7821556515515667,0.054831623213449344,-0.001717283383004542,0.04388706350674511,0.09784823328924176,-0.011453548624413088,-0.018916832652812444,-0.017217533694711164,-0.008205385629771626,-0.0033425017422268866
1.000000026,30.002,25.575,4.1568,0.0,0.0,0.0,0.0,0.0,0.950906649684442,0.1382561845154305,0.015813403021820705,0.07412779760968988,0.11583486081574279,-0.005580814207969524,-0.014641899263824597,-0.01217694823819329,-0.008368557687135762,-0.002497177679979359
1.000000023,10.001,11.066,4.1395,0.0,0.0,0.0,0.0,0.0,0.8647764083778098,0.14565870190228453,0.00258039743770496,0.019240355749279844,0.11408035213831681,-0.007394320207422425,-0.01836922437250905,-0.017374808107706485,-0.009866628684321768,-0.0036720821321796393
1.000000022,2.002,25.756,4.1557,0.0,0.0,0.0,0.0,0.0,0.975453324842221,0.12728120670208226,0.02623638639197452,0.07407118217868629,0.12438748959692361,-0.005115069639250578,-0.016100001234754018,-0.014102425024648256,-0.009028645422004046,-0.002621407469632686
1.0,10.002,1.0175,4.1912,0.0,0.0,0.0,0.0,0.0,1.0,0.1611688116533878,0.0017861038356932113,0.09130941776643339,0.14168830962564244,-0.005168807888476294,-0.013729526296647237,-0.01199838151991571,-0.00561688828318438,-0.0026586625272466335
1.0,10.002,1.1537,4.1909,0.0,0.0,0.0,0.0,0.0,0.998934178188688,0.1642095471729408,0.0013397334298497299,0.08082480701978965,0.14433809069398534,-0.006010704649743275,-0.01455959710334355,-0.012031271618252504,-0.005785934490922955,-0.0029272800499165895
1.0,10.003,0.62361,4.1911,0.0,0.0,0.0,0.0,0.0,0.9989550766555764,0.15678485256396016,-0.010487913978213328,0.10262783235969436,0.14231070832182013,-0.006028813424127293,-0.013346718133598189,-0.011274829137655616,-0.005773464475714718,-0.0023951022469555026
1.0,10.001,0.74664,4.1905,0.0,0.0,0.0,0.0,0.0,0.994566398608998,0.14547629610680815,-0.005099369622002996,0.09373509347625258,0.13672139772506853,-0.005165560888854088,-0.013093264956896746,-0.011843264213639485,-0.006329573577168048,-0.002542571055528242
1.0,10.002,1.1356,4.1906,0.0,0.0,0.0,0.0,0.0,0.9968234330329528,0.1642095471729408,0.0013397334298497299,0.08176775163226012,0.14428343864716567,-0.006010704649743275,-0.01455959710334355,-0.012031271618252504,-0.005785934490922955,-0.002792941160296323
1.0,10.003,0.38608,4.1906,0.0,0.0,0.0,0.0,0.0,0.9950470633474328,0.140080656203736,-0.020417377397534436,-0.09021566478403656,0.13322746942852973,-0.007257581753437989,-0.015140312030034693,-0.011810611920918746,-0.010134327446503449,-0.0026131413265829905
0.951268758,10.002,2.4254,3.6991,-12.001,12.000666666666666,12.000636363636364,8.870000000000001,3.849245283018869,0.992246668784378,0.15617744226887226,0.0009341926108936604,0.05504332708867878,0.04680657930270854,0.022713542185538244,0.018815591043917265,0.023782880215203476,0.015616948191745906,0.0053582908210592
0.950986816,10.002,2.2157,3.7753,-8.9992,9.000266666666667,9.000354545454545,9.000671428571428,3.905954716981132,0.993720010700015,0.16115388111007634,0.0005514213621972885,0.05516875137387615,0.04809115507576962,0.016923521506359975,0.018501775461700162,0.027822277296563697,0.015306293032917893,0.005246768835604598
0.95069791,10.002,1.7753,3.8583,-5.9983,5.998583333333333,5.9987545454545455,5.998809523809524,3.961562264150943,0.9948798756123248,0.15929007453814847,0.0006488423829614476,0.05512662159937463,0.04976606395896624,0.013485813438710465,0.0180299434510016,0.027757088540674886,0.014190476627700264,0.004991370349016506
0.950395078,10.002,2.047,3.9525,-3.0001,2.9999833333333332,3.0,3.0000142857142857,3.000035294117647,0.99652040526307,0.16559673070325517,0.0012457703048676194,0.053921744597300855,0.06568046825878582,0.008142616394397919,0.015938636556329586,0.02233886948604777,0.010224453141418052,0.004774902587851102
0.950191862,10.001,41.578,4.0496,-1.0001,1.000024,1.0000319999999998,1.0000559999999998,1.0000714000000002,0.9932964903183576,0.13637015743097436,0.0005935516541285324,0.10402271833865598,0.05532717737592975,0.005571527404645167,0.01641574454553847,0.019353964020901913,0.006615893007983686,-0.002260531024658121
0.950176946,2.002,26.408,4.0351,-0.99993,0.999872,0.99989,0.999863,0.9998570588235296,0.9758476489411412,0.1313603737925223,0.019781330889272794,0.07267000806594297,0.06124643731720426,0.004510739764336904,0.017951954626496444,0.01934594997106615,0.006633028117794311,-0.0022369307423650755
0.950113133,10.001,0.98904,4.0327,-1.0002,1.000095,1.000093,1.0001342857142856,1.000118039215686,0.9980146456455952,0.14834561520074202,-0.001809779891227663,0.08918706568247217,0.07016920077385294,0.0022893053865482215,0.023849333063717493,0.018111170812953787,0.0033420225644658786,-0.0026115175323866424
0.950000111,10.003,-7.063,4.0469,0.0,0.0,0.0,0.0,0.0,0.6651695495044332,0.1127111013396643,-0.02090625877848652,-0.09556948602105876,0.09020274056056224,-0.0096130183677451,-0.01913814873960291,-0.01961927994259895,-0.010134327446503449,-0.0026116683572763575
0.950000097,10.002,-17.091,4.0172,0.0,0.0,0.0,0.0,0.0,0.3528747212621526,0.09277945343354077,-0.0018491667991474968,-0.39612754657282495,0.08501058200596162,-0.01026544897347776,-0.023617617978343334,-0.02029278783953487,-0.006934596639694064,-0.0026086635186948117
0.950000088,10.002,27.814,4.0783,0.0,0.0,0.0,0.0,0.0,0.9555399578467538,0.13783047308061214,-0.002465855443442706,0.09009941555934348,0.12433676416110756,-0.006931671427191759,-0.018048242737804684,-0.017815280257509586,-0.012286465341676376,-0.002681861044402467
0.949998265,10.002,0.48065,4.0894,0.0,0.0,0.0,0.0,0.0,0.993093056693361,0.14514590990042053,0.0011663860015687533,0.10841533886375146,0.1326126159791602,-0.005357282702680095,-0.015566338634980638,-0.016007532620315033,-0.00561688828318438,-0.002468011952514644
0.949998092,10.001,12.928,4.0698,0.0,0.0,0.0,0.0,0.0,0.8674578122504667,0.12423114099241502,-0.00031440560560440644,0.06863749054266009,0.09587561685482797,-0.006425749312438711,-0.02063699049935167,-0.018855626294316606,-0.009137820632822695,-0.002879282270805561
0.94999802,10.003,2.8248,4.0639,0.0,0.0,0.0,0.0,0.0,0.7845215961450875,0.1444710990580643,-0.012508107024914353,-0.012219181948312325,0.09196947680717131,-0.01062976376444567,-0.022102364412021416,-0.022052765187618208,-0.013360188134756755,-0.0036672889493638648
0.901256579,10.002,2.9945,3.7104,-12.0,11.999833333333331,12.001727272727273,8.871478260869566,3.8498867924528306,0.9896761573570962,0.15083260377910845,0.0006212676457835187,0.0402603163963613,0.04774200198763879,0.025222302279671566,0.026708956081492943,0.024223214803641896,0.015113044127356262,0.00645655444208387
0.901002486,10.002,2.5991,3.7788,-8.9986,8.99885,8.99874,8.998664999999999,3.905084905660378,0.9906792837677428,0.15822761741441355,0.0006705056572718604,0.05039632916023038,0.04844268469046597,0.014064446260708791,0.02233654032970662,0.027959425286389887,0.014460282949585235,0.005588372394522594
0.900696173,10.001,2.3268,3.8522,-6.0021,6.00138,6.001189999999999,6.00113,3.9629603773584905,0.9909300653704044,0.15082575752861885,0.0014085487670126894,0.056829529612969054,0.048995210818897024,0.013275469276559307,0.022624234193572193,0.028405028338456758,0.0114605825363833,0.0057612623226305
0.900393337,10.003,2.1728,3.9378,-3.0,3.0,3.0000090909090913,3.0000238095238094,3.000021568627451,0.9921212779830472,0.162387630257781,-0.011290953146890388,0.05609947402979742,0.06003735817613574,0.013987029832060216,0.022335113660301432,0.02211256884562317,0.010423574751912383,-0.00011878255885676481
0.900161561,2.002,26.139,4.0021,-1.0,1.0000766666666667,1.0001236363636363,1.000121904761905,1.0001149019607842,0.97259447512505,0.12485627301935892,0.017701020134045394,0.07419459717879363,0.05722953838699482,0.0023971093516956896,0.024553299732615413,0.020181855341834306,0.006017370217450662,-0.0025265721507093985
0.900128796,10.002,1.1354,4.0157,-1.0,1.000025,1.0000481818181817,1.000082380952381,1.0000929411764703,0.9929990135923628,0.15544116490953455,0.0017678584226814564,0.0686097364725265,0.06882553599515973,0.004833543301137979,0.030279763219114103,0.016834281297269625,0.001191335774201434,-0.0028007432082813467
0.900000097,10.002,-17.063,3.9487,0.0,0.0,0.0,0.0,0.0,0.3442193072908554,0.08796111367835692,-0.004212750197475543,-0.38366907054581134,0.06860348597250777,-0.014773331891265116,-0.0235142516979613,-0.02029278783953487,-0.006798546969730523,-0.0025658925204334083
0.900000088,10.002,42.91,4.039,0.0,0.0,0.1818363636363636,0.5714690476190476,0.82359,0.9888603442055058,0.12649697148139238,0.00021879451913264347,0.12844255534590956,0.08993306170843425,-0.00910140157368005,-0.018539352845291433,0.018735326966689173,0.0019472932064672932,-0.00249844340767595
0.900000086,10.001,2.8199,4.0117,0.0,0.0,0.0,0.0,0.0,0.7818894827847956,0.1281345624622554,0.0021311530894672615,-0.005436978680818356,0.08239043077067777,-0.009660414012832916,-0.025096671585961305,-0.022875622690989986,-0.009730579014358228,-0.003857612518404494
0.900000026,30.003,27.726,4.071,0.0,0.0,0.0,0.0,0.0,0.9317819308868152,0.13056891145817645,0.019409067122578564,0.08515666643009354,0.10114789152607045,-0.005402003112285456,-0.01745986191861448,-0.013844156514987844,-0.008137902386733913,-0.002463508738510427
0.899996532,10.003,0.96375,4.0708,0.0,0.0,0.0,0.0,0.0,0.9917242071121662,0.1439230871943073,-0.011429118494706927,0.11499615043873745,0.11497503416670952,-0.005209535203248379,-0.01743428798024979,-0.01582175231367728,-0.005637414805751178,-0.0024584019344183615
0.899996242,10.002,27.699,4.0613,0.0,0.0,0.0,0.0,0.0,0.9510052307091722,0.12295644150755834,-0.0026237800937087743,0.08072932716478136,0.08953006572135563,-0.009378288895422884,-0.019826930472190724,-0.021102020413400167,-0.012150415671712836,-0.002788224823161727
0.899996162,10.002,12.792,4.0306,0.0,0.0,0.0,0.0,0.0,0.8623907475793429,0.14364981249142147,-0.002098390502069378,0.0490850362931451,0.10337048762199061,-0.009614939575330937,-0.021592722450732252,-0.021560956233806793,-0.011970033890174819,-0.002203996833122801
0.899995742,10.002,-7.1402,3.9806,0.0,0.0,0.0,0.0,0.0,0.6548481162151985,0.10880931105388299,0.0017129248769197148,-0.1337491710193808,0.09707447121623773,-0.01003062364012294,-0.022988388556877907,-0.020328636407684827,-0.008738949399048578,-0.0026892026383575286
0.801354051,10.002,3.6709,3.6914,-9.0007,9.00056,9.000281818181817,9.000166666666667,9.000270588235294,0.9727588484108806,0.15262449764783015,4.204651873806142e-05,0.03890617953711626,0.04044503842827339,0.018509906825893267,0.024836166430686715,0.024064644891041098,0.01459012065519346,0.010217655865963024
0.801347085,10.002,3.9957,3.6255,-12.001,12.001333333333331,12.001545454545454,12.001666666666669,12.002019607843136,0.9719124605018976,0.14754158919417024,0.00032296208972184106,0.043410428011829934,0.02886327805688211,0.026325952327315463,0.026556806243825122,0.024035423428213108,0.015048467088854522,0.011489791424319265
0.800804084,10.003,2.5018,3.7633,-5.9996,5.999,5.99898,5.999004761904762,5.9989,0.972382676006888,0.15213626510681932,-0.01065205503931793,0.05720072779546172,0.04323828077030498,0.014213406090457284,0.0206701763629826,0.025969215130680824,0.013959374582191231,0.011361191346604755
0.800501242,10.002,1.904,3.8528,-2.9999,3.0,3.0,3.0000142857142853,2.9999098039215686,0.9726230083761056,0.15217134749476827,0.00015750077571283328,0.05484836101708424,0.049541786779294626,0.014036795864194573,0.02156707162357634,0.025202197676408106,0.009802151941839839,-0.0032058045869962372
0.800201356,10.002,41.193,3.9375,-0.99981,0.9998866666666668,0.99988,0.999855238095238,0.9998686274509804,0.9708200166799094,0.12193811058627034,0.00020798515080969082,0.09256918754373146,0.05376211059062712,0.010825424091453897,0.023779479223630915,0.01654681373069252,0.009294499644456665,-0.0025325584326492388
0.800146176,2.003,26.082,3.9237,-0.99991,0.9998433333333332,0.999833,0.9998555,0.9998717647058823,0.9583002265391948,0.12122086167586531,0.012449364860476635,0.07474044075952406,0.053732581581056135,0.006205546873206913,0.0249946699058637,0.017657297512996592,0.006465550560242264,-0.0023048743049730548
0.800111392,10.002,1.2699,3.9424,-1.0001,1.00015,1.0001272727272728,1.0001166666666663,1.0001176470588236,0.9741276979920752,0.1507265060503414,0.0007098746792689781,0.0528025922832876,0.06289782127534067,0.010458323429702432,0.02109577985604119,0.019563780408279854,0.010138031398673775,-0.0029250372068054275
0.800000026,30.002,27.702,3.9913,0.0,0.0,0.0,0.0,0.0,0.914756987915938,0.12869783760659628,0.0207834461110906,0.08469172239024374,0.07651095442215024,-0.007686463912723412,-0.01823531301070034,-0.015226418904057936,-0.008137902386733913,-0.0023370962275657803
0.799996242,10.002,27.493,3.9268,-1.0,1.0000833333333332,1.000072727272727,1.000104761904762,1.0001286274509806,0.931387606787895,0.1317674419134164,0.00045163615675846813,0.07394500759198308,0.05545707298081993,0.009823828301632602,0.022176223100141213,0.017512203973055876,0.00920479272128432,-0.003291813357791398
0.799996162,10.003,12.84,3.9106,0.0,0.0,0.0,0.0,0.0,0.8453362303010467,0.14428130276504816,-0.01590535271607223,0.049590150888288914,0.07402667849011209,-0.014396063552085251,-0.020943022563769773,-0.019216275800790755,-0.012336056483109132,-0.0023182506433659
0.799995953,10.003,2.87,3.9015,0.0,0.0,0.0,0.0,0.0,0.7649335465312295,0.14455148732191447,-0.014978740395890781,0.006486437631247099,0.05882170411204583,-0.015215410672280995,-0.022309196504356806,-0.024819664813912824,-0.013224138464793214,-0.0035285375912644666
0.799995742,10.003,-7.1778,3.87,0.0,0.0,0.0,0.0,0.0,0.6017030857832361,0.11102797170806297,-0.022791690807571284,-0.13728607924364952,0.06638972450891742,-0.014823599705268862,-0.019715407918120036,-0.02314982352745574,-0.009998277776539909,-0.0025961570686195046
0.799995414,10.002,-17.113,3.8412,0.0,0.0,0.0,0.0,0.0,0.315670242529037,0.09087116641887405,-0.0048376676233601755,-0.4016006306827421,0.047613062879245265,-0.014771988999600581,-0.020398955496784766,-0.023299755265943533,-0.006798546969730523,-0.0026232036161673022
0.799993061,10.004,0.79966,4.0222,0.0,0.0,0.0,0.0,0.0,0.9777013358300036,0.1477991316209227,0.015535784808525932,0.10936137968375079,0.09547026894853844,-0.005786051815885002,-0.014690371038013836,-0.012204800976724073,-0.004241359933439525,-0.002140327508968767
0.701367979,10.002,3.6772,3.6267,-8.9984,8.998233333333333,8.99838181818182,8.998380952380952,8.998476470588235,0.9522888000936252,0.149022328858955,9.586636735548382e-05,0.042495784392103816,0.029678567180884557,0.02023550061228889,0.022178518593664195,0.02022926697485673,0.01459012065519346,0.010413531127633179
0.701343607,10.004,4.4233,3.5658,-11.999,11.999666666666668,12.0,11.999857142857142,12.000372549019607,0.9522261046929597,0.1475622557553652,0.0048644874783713024,0.045824408971693625,0.007402965873983476,0.023072100367680832,0.02777828201869852,0.025169037832747564,0.008736291226596223,0.011438199520416675
0.700758836,10.002,3.2448,3.6921,-6.0002,6.0007166666666665,6.000772727272727,6.000766666666666,6.0008196078431375,0.9512543259826458,0.14561372785396087,0.00023002290656222611,0.0393258863596202,0.04002604490163662,0.017015736732100776,0.020569279594292313,0.020451006933362804,0.013616695863020141,0.01069739455524541
0.700494281,10.003,1.5094,3.7722,-3.0001,3.0000666666666667,3.00006,3.000052380952381,3.0000431372549023,0.9512752244495344,0.1454671139351558,-0.012115418686662452,0.04675260143116247,0.05244250834904392,0.011601471829817456,0.012194174112628388,0.021844184810252045,0.0072960104174853765,0.0045159201428941744
0.700184704,10.003,26.68,3.8541,-1.0,1.00015,1.0001454545454544,1.000142857142857,1.0001301960784312,0.9122727460927412,0.1227709753104682,-0.012861879046686226,0.0739887773384271,0.0454098895648292,0.009593067837813577,0.014876259807606403,0.018332520761832713,0.009163112676906166,-0.003928286571608624
0.700150022,2.003,26.705,3.8542,-0.99982,0.9998616666666664,0.99984,0.9998733333333334,0.9998864,0.9412457092608986,0.11404741599650152,0.014055073607996746,0.07420150496694987,0.04643832645745874,0.007303287344948331,0.020724030349228997,0.019418475326310726,0.006465550560242264,-0.0028585962334182115
0.700133001,10.002,41.636,3.8621,-1.0002,1.000064,1.000112,1.000111,1.0000948,0.9499208394371418,0.11305664888366664,0.0002642168076636153,0.09774389305165641,0.04278873172338876,0.01051695080128411,0.018808774326971617,0.018917036213829307,0.008843218632537174,-0.0029935426728479797
0.700121835,10.002,0.66091,3.8446,-1.0002,1.000133333333333,1.0001181818181817,1.0000995238095236,1.0000935294117648,0.9532292311036062,0.13782357475653043,0.000759993184801715,0.08161270896557653,0.0533147749001364,0.008140361906589533,0.013959678540049935,0.016268408926516712,0.0011150991921022068,-0.0036525658277969343
0.69999618,30.003,27.618,3.9069,0.0,0.0,0.0,0.0,0.0,0.8937690877509132,0.1234353334901607,0.027631469636180555,0.07981301834796796,0.06831500802819733,-0.00900422059912671,-0.01802342761595355,-0.012258442814982118,-0.008232508017172221,-0.00234894816087035
0.699996162,10.003,12.722,3.8326,0.0,0.0,0.0,0.0,0.0,0.8237667020901148,0.1412726878630565,-0.016352707706319053,0.049715340849925266,0.06185220391136113,-0.014654567152756499,-0.020128985464361905,-0.02084011968698178,-0.012336056483109132,-0.0022226606852927943
0.699995953,10.002,2.8241,3.8139,0.0,0.0,0.0,0.0,0.0,0.7449807471258703,0.1266930663992025,-0.005653018455705023,-0.0034810588062464377,0.06300683424258181,-0.015115990854610573,-0.019977134533619392,-0.022478132832911796,-0.015223361236930941,-0.003698791158749373
0.699995414,10.002,-17.098,3.7543,0.0,0.0,0.0,0.0,0.0,0.279895188654507,0.0686686301134614,-0.004654537397727836,-0.4121381946130805,0.05070376879801188,-0.014857301771153289,-0.018747852815140506,-0.0202779527606981,-0.008954345934398589,-0.0025281405089481266
0.699993072,10.002,0.94299,3.9166,0.0,0.0,0.0,0.0,0.0,0.957273084446525,0.13271600577765638,-0.001052821426492301,0.12589311013928636,0.0917784559114807,-0.011943760092108277,-0.012990465586190112,-0.014329022712299775,-0.007636637577888905,-0.002442193135066191
0.699991373,10.003,-7.1122,3.7802,0.0,0.0,0.0,0.0,0.0,0.546408989012159,0.08602033701368782,-0.023422499055086518,-0.1538341227262299,0.0730989823049822,-0.014915014553553192,-0.016268731313757598,-0.020128021022210306,-0.012154076741207973,-0.002531392287055496
0.601343616,10.003,4.0702,3.5484,-9.0005,9.00026,9.00037,9.000323809523808,9.000290000000001,0.9221009646732314,0.1336084215428855,-0.01042551690054097,0.047111040626168686,0.005906294852387646,0.021355811618668667,0.02664372926512442,0.026365782532448066,0.01687236594822025,0.011172864530781226
0.601343612,10.002,4.5069,3.4859,-12.002,12.001833333333332,12.001818181818182,12.001952380952384,12.002019999999998,0.9208470566599234,0.1342305908479102,0.0006314073036082845,0.043937850454112776,-0.029236495685769342,0.02703612502125907,0.0463053594554367,0.021248906400651323,0.017232271993216274,0.018084006009157747
0.600786686,10.001,3.2405,3.6155,-6.0004,6.000766666666667,6.000909090909091,6.000909523809524,6.0009411764705884,0.9225398324778892,0.12146767339192593,0.0015451710731758793,0.04478041725769799,0.026011449441169815,0.014804396856488893,0.020963086216288503,0.023935736668281606,0.015542064496839885,0.01096532986855891
0.600508204,10.001,2.1653,3.7003,-3.0001,3.00002,3.00004,3.0000349999999996,3.0000139999999997,0.9245774329995152,0.12170055123033308,0.002541893099769368,0.05381677027498881,0.05052997057827611,0.010902242073243543,0.015628850345747194,0.018598335700444293,0.010389192891889252,-0.0034073095273924993
0.600197559,10.002,41.67,3.7615,-0.9998,0.99985,0.9998681818181818,0.999881,0.999861568627451,0.9223378687176778,0.1013773331871198,0.00013652471407112898,0.09996083888104294,0.046179314703489356,0.01060836731481686,0.01698526987391233,0.01834327126647622,0.012071265102276811,-0.0023041790354182013
0.600194932,10.002,0.66591,3.7739,-1.0,1.0001166666666668,1.0001272727272728,1.0001019047619049,1.0001054901960784,0.9268344674234698,0.12488709470510002,0.0009506025310474797,0.08695671304317329,0.05575188225318925,0.01027571974631428,0.010654344140639295,0.016702784817789508,0.003988164046313613,-0.0038296108863141855
0.600115407,2.001,26.196,3.7553,-1.0002,1.0001166666666668,1.000118181818182,1.0001057142857142,1.00012137254902,0.9166398854882816,0.10110068049804795,0.019909963418540427,0.07916408547444007,0.04626296844045442,0.006182001089946425,0.015627408712880424,0.01981555175505491,0.009258173900743714,-0.0030168274641619065
0.600000088,10.003,27.159,3.7709,0.0,0.8332799999999999,0.9090263636363636,0.9522738095238096,0.9802782352941176,0.8856953018255235,0.1055731058769743,-0.014853474669034767,0.07507895576830378,0.04466015780589601,-0.014843815695458033,0.018905433735308178,0.018369710108472645,0.005070310302180588,-0.0026307863349938998
0.600000026,30.002,27.581,3.8096,0.0,0.0,0.0,0.0,0.0,0.8639976182824425,0.09333383227447484,0.03337527959127328,0.07838464729332373,0.063167594907585,-0.009012422411433362,-0.015391673444792104,-0.015147533386534634,-0.010388306981840288,-0.0022270225873216986
0.599995953,10.003,2.7072,3.7191,0.0,0.0,0.0,0.0,0.0,0.7198130115122919,0.08917556987518765,-0.019192575731722172,0.0034776238527410895,0.06899477265734617,-0.015591816305823158,-0.01920842792489566,-0.017823371036502066,-0.01595081078768999,-0.0034454789740266277
0.599995414,10.002,-17.223,3.6813,0.0,0.0,0.0,0.0,0.0,0.2383827191406888,0.032036860319058176,-0.0033257236501958685,-0.41110059495554196,0.04138046662403212,-0.014989826714481751,-0.02415524560274207,-0.0163431669718193,-0.009135987460977048,-0.0026011546650261154
0.599991373,10.002,-7.2421,3.6851,0.0,0.0,0.0,0.0,0.0,0.4813553707928083,0.044721857527074464,-0.0014484805818938185,-0.20795265265133822,0.06717101278606606,-0.014983766044024379,-0.024119686326448574,-0.01637901553996926,-0.009195413437919343,-0.002603116669342853
0.59998612,10.002,1.2099,3.8332,0.0,0.0,0.0,0.0,0.0,0.930596191463394,0.07807591971217334,0.0007128295565053122,0.08440341609092684,0.07520921559370777,-0.01308130246514338,-0.02133440180143225,-0.019331042819467258,-0.006019405337792705,-0.0028461694041470764
0.599984578,10.001,12.807,3.7227,0.0,0.0,0.0,0.0,0.0,0.7960358598335558,0.06719744031579467,0.008917905873822747,0.048908745166481825,0.08000075963379799,-0.011374679912587454,-0.024393083000213665,-0.01800796458446712,-0.00900257114910346,-0.002363648747414118
0.501340141,10.002,4.2862,3.4531,-9.003,9.00245,9.002139999999999,9.002223809523809,9.002241176470589,0.885768979987628,0.08791466452046734,0.0030185820136284748,0.041086906808795905,-0.02886591865041396,0.02572024979042908,0.054953277183594766,0.020960861222920357,0.016366528687958636,0.017294314066384688
0.501305325,10.002,4.2512,3.39,-12.002,12.001666666666669,12.001363636363635,12.00157142857143,12.001780000000002,0.8834492501630079,0.09069370195173178,0.0026714936324606243,0.039951005322127454,-0.04537693588010939,0.026778256334218896,0.052355017247027714,0.020976036311403733,0.01996411356763929,0.030309848295364646
0.500783209,10.002,2.9739,3.5264,-6.0016,6.000733333333334,6.000719999999999,6.000819999999999,6.000835294117647,0.8935118619698059,0.08642802779526391,0.002905894494124368,0.04333455183092155,0.0016497417433072314,0.02100931173419667,0.034496717956790234,0.023709673228586324,0.016238478964951356,0.012253252095615608
0.500504723,10.002,2.0998,3.6081,-3.0,2.9999833333333332,3.0,3.00002,3.000026,0.8931983849664789,0.08453267051792863,0.0037212985594123893,0.055055246138508665,0.031646839940580096,0.01607460533570702,0.021551862121996238,0.022648962079038028,0.015640039216086733,0.0004288742090284359
0.500170976,10.002,41.062,3.6741,-1.0,1.00002,1.000039,1.0000719999999998,1.000081568627451,0.8947154655883216,0.04362271391553804,0.003249652838021575,0.09292839392785936,0.037973924542451416,0.007842023029625125,0.023196160185634654,0.01453797613567076,0.011195749090402387,-0.002470671940900502
0.500153935,10.002,26.856,3.6662,-0.99981,0.9998733333333334,0.9998627272727272,0.9998509523809522,0.9998566666666666,0.8561801430213507,0.0502182171093591,0.0029237334115532576,0.07481558682550712,0.03961453883449735,0.00782070700359327,0.02428350179327026,0.014636770392753533,0.0037663326898473314,-0.002596441713467357
0.500153869,2.002,26.075,3.6677,-1.0001,1.000095,1.000124545454545,1.0001071428571429,1.0001129411764706,0.8893230835355888,0.03777790025764261,0.019442258131530252,0.07651264715335855,0.03963060412162463,0.003615144896648417,0.023839752421208685,0.015925155081386037,0.008382657888869289,-0.0033354184940253616
0.500121835,10.001,0.48023,3.6857,-1.0,1.0001166666666663,1.00011,1.000085,1.0000943137254903,0.8952359854881045,0.04448531191972507,0.007775970430520829,-0.07484024193639925,0.04739615666445388,0.004621970412081282,0.022024792301963317,0.012920328497311857,0.005986325672129169,-0.0034195109637948917
0.500000111,10.003,-7.096,3.618,0.0,0.0,0.0,0.0,0.0,0.3943871907759706,0.016412414753121992,-0.023057621241969174,-0.1728304989341541,0.010391736643487092,-0.014073477733945764,-0.022908705358859152,-0.020602926555839077,-0.014237638401755248,-0.0026136154748382977
0.500000097,10.002,-17.313,3.6251,0.0,0.0,0.0,0.0,0.0,0.192059495620045,0.010240940222120116,-0.0031401272475341103,-0.40803187537038865,0.010996859499282436,-0.014012445817133994,-0.023895081074006157,-0.020705163986240224,-0.011037907594945863,-0.0026103636967309287
0.500000026,30.002,27.745,3.7168,0.0,0.0,0.0,0.0,0.0,0.8278775308213573,0.06403171562702482,0.02030304392494145,0.08212047858857659,0.06226020641142327,-0.007268290636675374,-0.013299767356497795,-0.01394221382242904,-0.009720346284520929,-0.0022261372540378944
0.499982648,10.002,0.56926,3.7414,0.0,0.0,0.0,0.0,0.0,0.8983707555213749,0.09114422577966252,0.0017178870804491454,0.11523196544191705,0.08697579244544613,-0.010461753429990495,-0.010609748959395801,-0.014768684458067583,-0.006055070731890737,-0.0023860159734613263
0.499980717,10.001,12.785,3.6281,0.0,0.0,0.0,0.5237276190476191,0.8037960784313726,0.7630900813687778,0.06829394796459383,0.005758200496602512,0.051874245596991386,0.04929058852699541,-0.012250291430900688,-0.01939106811541933,-0.01740163219285023,-0.00257474463134713,-0.0029041358003451022
0.499979419,10.001,2.778,3.6384,0.0,0.0,0.0,0.0,0.0,0.6817705940689712,0.04814221664224533,0.011395412031306477,-0.005846363403716168,0.05178539390915262,-0.012610118872544263,-0.02228457142977277,-0.018286337443714728,-0.011313022912145244,-0.003694702493812656
0.401336664,10.001,3.6419,3.3612,-8.9975,8.998080000000002,8.998054545454545,8.998114285714285,8.998225490196077,0.8460200959657599,0.06428092626067156,0.0038667666432047553,0.03942851964309739,-0.04125337296884595,0.016016645927884383,0.045924601302322114,0.020909181060196715,0.016320170226699703,0.02921234739747888
0.40130185,10.002,4.8899,3.2971,-12.0,11.999666666666668,11.999727272727274,11.999857142857143,12.000058823529413,0.8416000702188486,0.06772648614401987,0.001766064995481429,0.04496131476043956,-0.0713572153759344,0.02704971300147008,0.042506487769787785,0.021085532654178677,0.02349156419157225,0.0295502350069728
0.400779733,10.002,3.147,3.4327,-6.0002,6.00058,6.000754545454546,6.000865,6.000594000000001,0.8549228428602478,0.07045933691993923,0.0022371841732274334,0.03820394948303146,-0.03432289875411357,0.018432356218800124,0.05064576005723211,0.020933763655048097,0.020111143606791303,0.01745737458288204
0.400501242,10.002,1.7116,3.5161,-3.0001,3.0,3.0,3.0000100000000005,3.000038,0.8615685553307809,0.06283881289013152,0.0032133959058592153,0.0575325432712998,0.011243761357394532,0.015365586929729034,0.02454719138724613,0.022897631162850304,0.012551973340450787,0.005297804934671148
0.400153869,2.002,26.069,3.5949,-1.0001,1.00012,1.00012,1.0001123809523809,1.000123137254902,0.8641553479220105,0.03128860752665787,0.021008700681268238,0.07943838733563098,0.02739650373379277,0.006941789665324905,0.019205759517190016,0.020718988588869253,0.011597333180543502,-0.0028975233726669103
0.400144393,10.002,41.325,3.6038,-0.99978,0.9998266666666668,0.9999045454545452,0.99989,0.999886274509804,0.8697448920242036,0.03289075051954569,0.0027798406860165413,0.0971022005733812,0.024235181757443342,0.009729342229911708,0.02163784101996498,0.018671776165897425,0.014880566026913584,-0.0022974661466287215
0.400118354,10.003,0.73242,3.5974,-1.0002,1.00014,1.0001163636363637,1.000109,1.000088039215686,0.8653302793707053,0.057577577791307705,-0.016191851427793155,0.09090974761970756,0.035702760303429386,0.010957367795635947,0.014546582471921284,0.01634405195249201,0.006646699763077777,-0.002282134978377144
0.400115473,10.003,26.259,3.5937,-0.99986,0.9998816666666668,0.9998827272727272,0.9998735,0.9998772549019608,0.8274634905174911,0.033876826141749916,-0.017594999692992132,0.07753426913645853,0.027717936838301968,0.01102026059266791,0.021467758717753894,0.01692495068962671,0.015208416496461723,-0.002601616839019698
0.400009464,10.002,-17.2,3.5725,0.0,0.0,0.0,0.0,0.0,0.1422366457214849,0.005532984738001687,-0.0036294283955794525,-0.40407558667036025,-0.022848799574057922,-0.015396802636460052,-0.023392642886210523,-0.022714528698948015,-0.01029460482452123,-0.0028342734923353418
0.400000111,10.001,-7.2224,3.561,0.0,0.0,0.0,0.0,0.0,0.2901673314313768,0.008360240423917276,0.012478750537666202,-0.21979161161416413,-0.016899798247486615,-0.011607206819244311,-0.023392864703382657,-0.02287540525484019,-0.009189575929558486,-0.0029107946028670995
0.400000026,30.001,27.822,3.643,0.0,0.0,0.0,0.0,0.0,0.7945374282576593,0.034870743530882466,0.02110466030157113,0.09377564551875367,0.04772666392299811,-0.008935051797052437,-0.016437434557756207,-0.012731785937307904,-0.009720346284520929,-0.002074825681193033
0.39999182,10.003,2.8287,3.5792,0.0,0.0,0.0,0.0,0.0,0.5509831485596327,0.033957677020825944,-0.02528073036650312,-0.012861652571173181,0.008976727396196793,-0.017274931470528828,-0.02609239417452045,-0.02001442399507596,-0.015957728628491166,-0.003796236685666372
0.399979176,10.002,1.0899,3.6544,0.0,0.0,0.0,0.0,0.0,0.8694368281142895,0.07754238052262735,0.002167728016138426,0.10593213552102497,0.07450470496659704,-0.011826896093698452,-0.015970393237330426,-0.013099911492267892,-0.00644155505571689,-0.002177858898139675
0.399976856,10.002,12.786,3.5786,0.0,0.0,0.0,0.0,0.0,0.7236478133742905,0.06609886601363542,-0.0014531648530100938,0.0500346094528868,0.014909287921667555,-0.01528875303298264,-0.025690769438897407,-0.018808953965949515,-0.014519235019470215,-0.0015860215185239212
0.301333186,10.003,4.3018,3.2773,-9.0013,9.00032,9.000229999999998,9.000315,9.000216,0.7921438483272866,0.06371284778726477,-0.018164326194419118,0.043227581916708,-0.07162377437496276,0.019869121635711053,0.04138145250180969,0.016926449352604324,0.023024411328515272,0.02721391124825459
0.301298375,10.002,4.6258,3.2075,-12.001,12.002,12.002090909090908,12.001904761904765,12.001999999999995,0.7840143447076723,0.06405386119398827,0.0027006055576202924,0.04076386145310607,-0.09709579179841626,0.02837288622111373,0.039203716494466787,0.01767290792991844,0.02295048844858684,0.020514011512532307
0.300776258,10.001,3.1931,3.3532,-5.9987,5.99888,5.998620000000001,5.9986749999999995,5.998778431372547,0.8047351746275891,0.06170761301806124,0.004705700131471531,0.03375406678611398,-0.05349612934433594,0.009850613231101306,0.04576329591931426,0.017225108115226248,0.017383303281403643,0.026016957302272204
0.300497762,10.002,2.2309,3.44,-2.9998,3.0,2.9999909090909087,3.0000142857142857,3.0000313725490195,0.819917910822062,0.0676312867343222,0.003972979241316352,0.04168095644783534,-0.04068492730898129,0.010181163206179917,0.054017010957868476,0.016666015298605997,0.010314354315651144,0.0035987835779815215
0.300193761,10.002,40.977,3.5355,-1.0,1.0000833333333332,1.0001,1.000104761904762,1.000110588235294,0.8409986652129251,0.03200677841787183,0.0041760437178527355,0.09794605754962504,-0.0020605226814643628,0.00989375627697882,0.0255808169741249,0.016154967192578626,0.011960003402491566,-0.002574620306113502
0.300153869,2.004,25.966,3.5291,-1.0,1.0000766666666665,1.0000481818181817,1.0000919047619048,1.0000888,0.8350147970118119,0.03034883402960986,0.015680599757070014,0.07945318010222763,0.0011411652672302353,0.004662327137411921,0.027241903498161264,0.016476355829381645,0.0091261556110112,-0.00254509922087891
0.300114873,10.002,1.0582,3.5267,-1.0001,1.0001,1.000078181818182,1.0000785714285714,1.0001025490196078,0.83025220269841,0.06076359929005776,0.0042849058975480145,0.07779798302691233,0.00726781580050897,0.00629506991153903,0.021581008041466704,0.014613228181933663,0.005148658549878746,-0.0031469671727973035
0.30000422,10.003,2.7227,3.519,0.0,0.0,0.0,0.0,0.0,0.367957618045848,0.039725333572914676,-0.023059891621014687,0.0005678055031785333,-9.302741930355295e-05,-0.015235552086342068,-0.026986423540838588,-0.01837437511547705,-0.015773339594088612,-0.0032198309238447107
0.300000111,10.003,-7.37,3.5104,0.0,0.0,0.0,0.0,0.0,0.1861643503411889,0.016757178334464697,-0.018313869055782563,-0.31147836587929306,-0.06524105207037792,-0.013529537237445766,-0.04242694158008817,-0.014539586591004081,-0.010159234392413055,-0.004378024941324839
0.300000088,10.003,27.172,3.528,-1.0002,1.00015,1.0001545454545455,1.0001309523809525,1.0001160784313723,0.7888295869257901,0.028703668659418327,-0.01952514876906207,0.07993705424943073,-8.357695857398539e-05,0.010633413658324571,0.0220993146363071,0.015858243465763734,0.011825668652018067,-0.002720459182091872
0.300000026,30.001,27.682,3.5852,0.0,0.0,0.0,0.0,0.0,0.7485099478112054,0.03663697601150488,0.018383692417701242,0.08297371852843753,0.014631801355548077,-0.006844271170630236,-0.02165736489407209,-0.011695582723173175,-0.010687103516029311,-0.0019922617798147258
0.299975701,10.002,0.93361,3.5917,0.0,0.0,0.0,0.0,0.0,0.837650259976928,0.07087083729717052,0.001040249985162518,0.12926747395064922,0.043809601134871624,-0.010783634134677414,-0.01658557840532012,-0.012738047734114844,-0.009925042035683873,-0.0023217616548208754
0.299972995,10.002,12.802,3.5167,0.0,0.0,0.0,0.0,0.0,0.5641141410536734,-0.033428452031294,-0.005340034642213141,0.03204993513267254,0.0022576421758765263,-0.011645398315013154,-0.029224086108097253,-0.016962659690930196,-0.01477936668372422,-0.00206304731516866
0.299971997,10.003,-17.069,3.5298,0.0,0.0,0.0,0.0,0.0,0.093024998176251,-0.06828714375327763,-0.01833667952036194,-0.37022404781170737,-0.014133633603669295,-0.012908072397585783,-0.02789333089505817,-0.01247570106605508,-0.012984882021628437,-0.002214023015694693
0.20132971,10.003,4.2901,3.1562,-9.0008,9.000549999999999,9.000499999999999,9.000355,9.000302,0.5713828933509438,-0.07142378519778504,-0.01129962608552887,0.01871495857692935,-0.11361229892536016,0.013396390437228546,0.04297152083736364,0.01181439424209202,0.03139312933559268,0.016116956734240375
0.201294898,10.002,4.8189,3.0729,-11.998,11.9992,11.999636363636364,11.999571428571429,11.99984,0.5631175496965544,-0.07820015518230321,-0.0021571448504255387,0.017094932878299007,-0.13724618657826454,0.01813705760967423,0.03829986006740001,0.011823738089551625,0.028897601790995396,0.021343368781781464
0.200772781,10.002,4.0431,3.2474,-6.0013,6.000566666666667,6.000772727272727,6.000745,6.000649019607843,0.5927515757444034,-0.07210058402346477,-0.0023582097011239965,0.017150007971849845,-0.10842719182428141,0.01094162998459069,0.04220905910064175,0.012058429386952412,0.029747150530020007,0.01732487890869379
0.200459473,10.002,1.7876,3.3508,-3.0,3.0000166666666668,3.0000454545454547,3.0000666666666667,3.0000509803921567,0.6370563255479578,-0.059149658600363184,-0.0008109107763266365,0.022879663583753426,-0.08554538449431334,0.011880821308041049,0.05072711010663625,0.01128025728895409,0.03199654668716903,0.0018824254030914743
0.20019233,2.002,26.6,3.4439,-0.99997,0.9998966666666668,0.9998981818181818,0.9999,0.9999062745098038,0.7786855994810695,-0.04690045051474954,0.027203622022680066,0.0956798427958529,-0.03965815171401687,0.0007922907774263877,0.06151810486970135,0.008112983795199398,0.008827011268022034,-0.0026403976122674065
0.200111393,10.003,0.77883,3.4401,-1.0002,1.000133333333333,1.0001090909090906,1.0001033333333331,1.0001047058823531,0.7006294618226806,-0.03306175818559495,-0.01282815573074913,0.07919766796315343,-0.05059913852364843,0.005749519143355428,0.06046774293274211,0.00591825212317417,0.0023561097402307494,-0.003492958630158682
0.200091228,10.002,41.341,3.4458,-0.99994,0.999832,0.999842,0.9998415,0.9998427450980392,0.7861777573605523,-0.03957227754495762,8.032743073272286e-05,0.13366483740205695,-0.03345186018618392,0.0071634252982767065,0.05490807155872972,0.007175331893463408,0.008928516169926298,-0.002218573226564331
0.200000111,10.003,-7.2705,3.4607,0.0,0.0,0.0,0.0,0.0,0.1079895977302704,-0.09348324398319165,-0.01727334202711063,-0.24415648403711201,-0.08717433681547845,-0.008352515431834035,-0.05792783405679074,-0.012105856567964111,-0.013357566878876242,-0.004257718555018073
0.200000088,10.002,27.283,3.4665,0.0,0.4999766666666667,0.7271945454545455,0.8570495238095238,0.941082156862745,0.7102802264208975,-0.045619489111068105,-0.0008060761772867408,0.11097265151774081,-0.04376774225464601,-0.007498437905051105,0.03443324348480019,0.007075472432784408,0.008234557110790774,-0.0024341701433149864
0.200000026,30.002,27.558,3.5043,0.0,0.0,0.0,0.0,0.0,0.590277545017025,-0.06726928599302483,0.029969246877444674,0.09755328466596438,-0.0425772148445742,-0.005547675313464424,-0.03903295026744672,-0.01040024507396538,-0.011936394551630656,-0.00301268907096528
0.199981364,10.002,-17.108,3.4866,0.0,0.0,0.0,0.0,0.0,0.0530208183408024,-0.08576138739053932,-0.009916071691550314,-0.32952253661230313,-0.07513900839980124,-0.010107127145129197,-0.058163846668503535,-0.01226995424049619,-0.013345548088145733,-0.00437347493658308
0.199975286,10.002,2.8426,3.4506,0.0,0.0,0.0,0.0,0.0,0.2062847374885892,-0.15010916522414847,-0.011889577820620617,-0.048247568179849626,-0.10473401806106836,-0.010667135614930885,-0.06526108088790351,-0.014236703215669878,-0.0196104449991617,-0.005416416220905376
0.199972228,10.003,1.0134,3.5136,0.0,0.0,0.0,0.0,0.0,0.7454357748315583,-0.03194611690809324,-0.01828182784731325,0.13167497349507357,0.04622227475583714,-0.00665667573812243,-0.022197198060785014,-0.013794956523402107,-0.0072608469222177514,-0.002133333571400726
0.199969134,10.003,12.881,3.433,0.0,0.0,0.0,0.0,0.0,0.304412289504867,-0.1352872739326085,-0.02122986803384265,0.010021337069565562,-0.0924497987647976,-0.009553670305685956,-0.05562995821275763,-0.012585676446310572,-0.01363019361237093,-0.004294602827867493
0.151937112,10.002,4.1287,3.0137,-12.0,12.000166666666669,11.99990909090909,9.913,4.301867924528302,0.4088764148262084,-0.16376298542244513,-0.003558719887641928,-0.002072605016983289,-0.17319518186430855,0.03242674025248562,0.03344017307901595,0.015613751877963296,0.026272797858509875,-0.0006915591764482087
0.150997298,10.002,3.3451,3.199,-6.0005,6.000699999999999,6.000681818181818,6.000861904761906,4.3025735849056606,0.3983644859813084,-0.18283550779486177,-0.00628776117153393,-0.016334855531404173,-0.13370190242203195,0.00654764004448225,0.03767051306820576,0.01608353306087338,0.023504961483231456,0.0001226341775691253
0.150962487,10.003,3.9069,3.0973,-9.0025,9.002683333333334,9.00271818181818,9.002576190476189,4.416347169811321,0.4009349974085902,-0.1698180393709299,-0.013294468859312474,-0.011918311690787959,-0.14741096358855088,0.03070496034430107,0.03054769159394709,0.015282197100486884,0.021147722006389813,-0.0014946388502175979
0.150475137,10.002,2.5852,3.309,-3.0003,3.00026,3.0002500000000003,3.0002500000000003,3.000260000000001,0.4077061006804541,-0.17851746150776307,-0.005866603155664052,-0.01603265106789422,-0.11638502802317476,0.0020565726138738684,0.03690496971041284,0.015493910037102978,0.017711901966977167,0.0014738336123991758
0.150153869,2.002,26.948,3.3817,-0.99989,0.999905,0.9999054545454544,0.9998861904761904,0.9998854901960784,0.7264573725790965,-0.08909476133128919,0.042231873624186844,0.12040690965781323,-0.06805772025518877,0.0036070401506731286,0.0581152709097114,0.0073215174690813,0.004357356333948701,-0.004202351441927021
0.150127056,10.001,1.2674,3.3933,-1.0002,1.0001666666666669,1.0001363636363634,1.0001238095238094,1.0001127450980392,0.4261907946433049,-0.184093665345772,0.022088728324852126,-0.009359390006284229,-0.08599213353793517,0.00032447610126837387,0.02947268352996616,0.013713579605955602,0.0014941359064141579,-0.005628141673587379
0.150009464,10.002,-17.233,3.4637,0.0,0.0,0.0,0.0,0.0,0.036031364538828,-0.13280156390059347,-0.011490331526583759,-0.3104205101138632,-0.0790784431996326,-0.009252410354783934,-0.045220934522076275,-0.012288074905832218,-0.008335285609100539,-0.004196278396702838
0.150002153,10.002,2.8281,3.4203,0.0,0.0,0.0,0.0,0.0,0.1442772729333966,-0.22186380368138997,-0.013472553747196797,-0.06331337607631213,-0.10551390199624279,-0.009798282035662851,-0.05154979194951011,-0.014215118397719379,-0.013780099464675004,-0.0053734983140748226
0.150001986,10.002,42.761,3.4165,0.0,0.0,0.0,0.0,0.0,0.7455328008643585,-0.04549145807101013,-0.006567678976862226,0.25102131814658607,-0.05073982164895483,-0.007128665579366498,-0.027219477420494513,-0.011124406815242764,-0.011372657418751259,-0.0038943141981144435
0.150000088,10.002,27.884,3.4358,0.0,0.0,0.0,0.0,0.0,0.5788421461483407,-0.10201523728799657,-0.006631901961009134,0.1811269081498449,-0.07553427920757372,-0.007436686252476648,-0.03247558340992327,-0.011211611185417495,-0.01135306222797226,-0.004014909138859366
0.149987902,10.004,1.1386,3.4564,0.0,0.0,0.0,0.0,0.0,0.4586147660207647,-0.25455552403340337,0.011698067070537945,0.017270762753805683,-0.08114057940598855,-0.006813064725683944,-0.03505162134162674,-0.011292115709757126,-0.0056921849728314555,-0.0028870209915476154
0.149978267,10.002,-7.2743,3.4322,0.0,0.0,0.0,0.0,0.0,0.0734270904599199,-0.19027104261769637,-0.010647914781293366,-0.1982910356316006,-0.09729255595291761,-0.00911170242845401,-0.04049065457715187,-0.012307193323094908,-0.008571244001614105,-0.004225915104907472
0.149967203,10.002,12.877,3.3979,0.0,0.0,0.0,0.0,0.0,0.2009613621531672,-0.25384490080676186,-0.013883196990936994,0.0019099435427051502,-0.10302648390942182,-0.008911229389705113,-0.0439203048183299,-0.013286919801057593,-0.012681069707286951,-0.004905554097640561
0.101535086,10.002,3.439,2.6414,-8.9997,9.000266666666668,9.000350000000001,9.000399999999999,5.434196226415095,0.1408849246819253,-0.3359207654653528,-0.00962449318716608,-0.01784043745665258,-0.20442867684398722,0.006766287184436805,0.023213715007968858,0.015564773068203976,0.021045375626526946,-0.0009169497728362331
0.100734499,10.003,3.1408,2.8621,-6.0017,6.001,6.000945454545455,6.00087619047619,5.547867924528303,0.1380531824185377,-0.331917408458512,-0.017555225903270185,-0.02013288135507537,-0.20091919195484137,0.006706561823157244,0.023033778830958907,0.014765931065107906,0.0211394449011641,-0.001517177586156322
0.100351569,10.002,2.5025,3.1368,-3.0,3.0000799999999996,3.00005,3.000061904761905,3.0000600000000004,0.1507594502867269,-0.3395604047548477,-0.011047553559201333,-0.024172022816183015,-0.16526739528479653,0.0024176562262073274,0.02403239882176422,0.01600175406604194,-0.0005354466387143475,-0.00027909325955988607
0.100177528,10.002,1.6871,3.3205,-1.0002,1.000133333333333,1.000118181818182,1.0001190476190476,1.0001250980392158,0.1714071355725344,-0.335163707651318,-0.01109878907314851,-0.03503186633780388,-0.12676451537007438,-0.0011339446778220008,0.03501827646789025,0.007122601976716396,-0.0028402206236751225,-0.005014195548283169
0.100153869,2.003,26.666,3.3131,-0.99993,0.9998733333333332,0.99987,0.9998690476190476,0.9998721568627452,0.5705120495586528,-0.21121683523666435,0.055325612263404766,0.12019794172249021,-0.09602307563133422,0.0024532999420625854,0.038364419562294645,0.007412905438559392,0.003738326269594836,-0.004087234098988119
0.100003884,10.002,12.579,3.3584,0.0,0.0,0.0,0.0,0.0,0.1218402317048405,-0.2928349076164068,-0.015398684052051977,-0.010709587991623266,-0.1250148146009508,-0.008925499546348874,-0.04150349189456392,-0.014238956615763528,-0.013520644700874981,-0.00537443234003149
0.100000111,10.003,-7.201,3.4051,0.0,0.0,0.0,0.0,0.0,0.0484170844859098,-0.24602819811609153,-0.02123651361274824,-0.16742499825254525,-0.08915455409867717,-0.009257371943058389,-0.03816004305537717,-0.01220955889736615,-0.009325311588436308,-0.004203506875855964
0.100000088,10.002,27.818,3.3897,0.0,0.0,0.0,0.0,0.0,0.3629497019895622,-0.2400478588272017,-0.010768776629920467,0.13826882955737346,-0.09092472304415992,-0.007486622642973089,-0.032796249398907094,-0.011591478833424844,-0.011723510057163367,-0.005823697720770724
0.100000026,30.001,27.84,3.3998,0.0,0.0,0.0,0.0,0.0,0.2544612842741577,-0.2267990211223514,0.021556997032748767,0.18573861457104612,-0.06412185350338973,-0.005976092099008384,-0.026122302008170662,-0.009989703705241482,-0.007455574795421853,-0.0029944937594700606
0.09999073,10.002,-17.161,3.4396,0.0,0.0,0.0,0.0,0.0,0.0200168770714337,-0.19220506614574334,-0.013067269665043568,-0.26386827910305327,-0.08349065883319781,-0.009236264338105683,-0.03979603860969291,-0.012344062076181217,-0.008647608643477724,-0.004185186040667759
0.099988695,10.003,42.627,3.3837,0.0,0.0,0.0,0.0,0.0,0.6275904628773435,-0.1434140353008115,-0.01445846593924216,0.2558387006521571,-0.06909832538036995,-0.007306035453657387,-0.02244810372347274,-0.010417093786736586,-0.01185370586411409,-0.0044949976861971665
0.099987686,10.003,2.3884,3.3904,0.0,0.0,0.0,0.0,0.0,0.095854273586003,-0.3174304516977463,-0.021146164910023798,-0.01845058238197453,-0.1083528255852491,-0.00888347236203117,-0.03772230407950701,-0.013587367889258531,-0.013519413083085964,-0.006364727935251721
0.099968764,10.003,0.90388,3.41,0.0,0.0,0.0,0.0,0.0,0.2030474144416765,-0.3129084158666956,-0.019206337869109122,0.049096312933861554,-0.09897289896147413,-0.007729798794280214,-0.037406651761339164,-0.01192173672970057,-0.007765736113615276,-0.004223750923883927
0.050088768,10.002,1.5939,2.8473,-1.0,1.0000833333333332,1.0000618181818182,1.0000942857142856,1.0001145098039217,0.0,-0.40039339228111204,-0.012386726534095942,-0.034528333780654064,-0.21611271296684775,-0.0019549017062308847,0.02606439447576122,0.007412327867332352,-0.002191204121882038,-0.004135496284798137
0.050013379,10.002,42.904,3.3134,0.0,0.0,0.0,0.0,0.0,0.3742175131162053,-0.27449336673416835,-0.010931654380256077,0.19595712185443517,-0.11219300130139004,-0.006844006702813203,-0.026836743334024506,-0.011697691734616456,-0.01302911857309482,-0.005422286296561651
0.050001953,10.002,12.841,3.2806,0.0,0.0,0.0,0.0,0.0,0.0565105866162457,-0.3646543614435359,-0.016849548575773952,0.004779250851061079,-0.13809646426154928,-0.008627358425437706,-0.03541591169678213,-0.013836894867008596,-0.013893489757174393,-0.00545843968353438
0.050000088,10.002,27.798,3.3303,0.0,0.0,0.0,0.0,0.0,0.2070931018913755,-0.33510175023544436,-0.010936076440193574,0.10269981349479167,-0.11023486339487704,-0.006891743954620324,-0.028592470675848743,-0.012010829733762876,-0.01300952338231582,-0.0058082011103033435
0.050000022,2.002,27.278,3.2573,0.0,0.66662,0.8181181818181819,0.9046728571428572,0.960683725490196,0.3757159446921018,-0.336028550495721,0.083782611413626,0.0738140399794247,-0.11168875176181814,-0.004420504156441894,0.014386679045928758,0.009202076773408407,0.0018727909807057586,-0.004363592886875267
0.049978267,10.002,-7.2905,3.3759,0.0,0.0,0.0,0.0,0.0,0.0244993562659085,-0.28207820535246353,-0.011989731753710658,-0.16994713591498112,-0.09495771853924452,-0.00865335982733086,-0.03264598182491682,-0.012769678129579916,-0.008617492518205837,-0.005154654825855687
0.049973219,10.003,2.7543,3.3495,0.0,0.0,0.0,0.0,0.0,0.0526264942418823,-0.3482586968064243,-0.020999089966935572,-0.029934302068340912,-0.11410982606438325,-0.008907780052431917,-0.03906628369408281,-0.014126998657075092,-0.014609158270286571,-0.006339822774425557
0.049971997,10.003,-17.393,3.4155,0.0,0.0,0.0,0.0,0.0,0.0074142788699459,-0.23477546234642432,-0.018217184313034523,-0.24408889931507474,-0.07223451425265011,-0.008603947391384282,-0.036905652476871185,-0.012573889623317881,-0.008690757770491473,-0.004233742795513536
0.020012999,10.003,42.758,3.1447,0.0,0.0,0.0,0.0,0.0,0.1902160304575934,-0.36827835681133364,-0.014799495430906973,0.13257139376617944,-0.147619788754115,-0.006709497284700774,-0.026366626376329805,-0.010807248921910286,-0.013126872447392088,-0.003612024583890161
0.020005873,10.002,2.6979,3.3119,0.0,0.0,0.0,0.0,0.0,0.0322152930715284,-0.3686885836514011,-0.015559456422997754,-0.019067143878514797,-0.13570037746416916,-0.008853055629479058,-0.03128839650202281,-0.014878391003467186,-0.014666818826663075,-0.0064132378877184235
0.020000795,10.002,12.888,3.1818,0.0,0.0,0.0,0.0,0.0,0.0217942929473163,-0.395992811142205,-0.01616069183590298,0.023576564045088164,-0.1589848033652072,-0.00896907121206823,-0.029628857802872516,-0.014417404660807733,-0.014322292570577702,-0.004244724174568546
0.020000088,10.003,27.504,3.2599,0.0,0.0,0.0,0.0,0.0,0.1254680134149058,-0.36840656942753414,-0.017019603504904807,0.072335658082784,-0.13586603042626508,-0.006811714505365671,-0.031111098476376355,-0.012401661562716982,-0.013330274873442249,-0.00576460505475552
0.020000022,2.002,27.702,3.2307,0.0,0.0,0.0,0.0,0.0,0.2823991466826499,-0.33618722333898404,0.0778181531556038,0.0744435867701759,-0.12201842725686789,-0.004967186592475628,-0.029738075100976858,-0.012595810624216029,-0.008737451892520766,-0.004269551711404347
0.019998224,10.003,-17.092,3.3932,0.0,0.0,0.0,0.0,0.0,0.0,-0.2426475881726401,-0.01796208377709263,-0.23403121489337536,-0.08181685960618779,-0.0086803022485401,-0.03275613078347305,-0.012580628130172045,-0.008692020308044448,-0.005058710311823233
0.019965161,10.002,-7.1039,3.3479,0.0,0.0,0.0,0.0,0.0,0.0119026729259045,-0.30828442179254123,-0.011324907595553668,-0.07642675412068456,-0.11925884300240795,-0.00870506340801512,-0.027809965745782393,-0.012870241381924642,-0.011872006029407203,-0.005816285177243117
