SOC,PulseLength(s),Temperature(C),Voltage(V),Current(A),AvgCurrent_5s,AvgCurrent_10s,AvgCurrent_20s,AvgCurrent_50s,SOP(W)
1.000016667,2.002,10.876,3.4505,0.0,0.0,0.0,0.0,0.0,76.323
0.950041667,2.003,10.183,3.3343,0.0,0.0,0.0,0.0,0.0,75.629
0.900058333,2.003,11.052,3.3316,0.0,0.0,0.0,0.0,0.0,75.303
0.850075,2.002,10.938,3.3293,0.0,0.0,0.0,0.0,0.0,75.052
0.800091667,2.004,10.279,3.3267,0.0,0.0,0.0,0.0,0.0,74.733
0.750108333,2.005,10.608,3.3174,0.0,0.0,0.0,0.0,0.0,74.16
0.700125,2.003,11.229,3.3011,0.0,0.0,0.0,0.0,0.0,73.511
0.650133333,2.003,10.619,3.2922,0.0,0.0,0.0,0.0,0.0,72.894
0.600158333,2.004,10.37,3.2878,0.0,0.0,0.0,0.0,0.0,72.349
0.550175,2.001,10.192,3.2853,0.0,0.0,0.0,0.0,0.0,71.837
0.500183333,2.002,10.787,3.2835,0.0,0.0,0.0,0.0,0.0,71.334
0.450216667,2.005,11.196,3.2817,0.0,0.0,0.0,0.0,0.0,70.709
0.400241667,2.002,10.468,3.2795,0.0,0.0,0.0,0.0,0.0,69.949
0.350258333,2.005,10.874,3.2746,0.0,0.0,0.0,0.0,0.0,68.951
0.350241667,2.003,10.852,3.2799,0.0,0.0,0.0,0.0,0.0,69.568
0.300225,2.004,10.619,3.2635,0.0,0.0,0.0,0.0,0.0,67.706
0.300241667,2.002,10.763,3.2683,0.0,0.0,0.0,0.0,0.0,68.463
0.2502,2.004,10.198,3.2483,0.0,0.0,0.0,0.0,0.0,65.901
0.250166667,2.003,11.102,3.2529,0.0,0.0,0.0,0.0,0.0,66.941
0.250116667,2.003,11.179,3.255,0.0,0.0,0.0,0.0,0.0,67.408
0.200141667,2.003,11.025,3.2282,0.0,0.0,0.0,0.0,0.0,63.114
0.200158333,2.001,10.16,3.233,0.0,0.0,0.0,0.0,0.0,65.089
0.20015,2.003,10.858,3.2355,0.0,0.0,0.0,0.0,0.0,65.813
0.15015,2.004,10.853,3.2042,0.0,0.0,0.0,0.0,0.0,54.5
0.150125,2.003,10.322,3.2085,0.0,0.0,0.0,0.0,0.0,61.156
0.150066667,2.002,10.328,3.2115,0.0,0.0,0.0,0.0,0.0,63.449
0.150083333,2.003,10.793,3.2131,0.0,0.0,0.0,0.0,0.0,63.995
0.100125,2.003,10.206,3.1908,0.0,0.0,0.0,0.0,0.0,46.478
0.100141667,2.001,11.168,3.1962,0.0,0.0,0.0,0.0,0.0,54.734
0.100116667,2.003,10.749,3.1998,0.0,0.0,0.0,0.0,0.0,57.874
0.100033333,2.003,10.862,3.2017,0.0,0.0,0.0,0.0,0.0,59.241
0.100033333,2.002,10.67,3.2032,0.0,0.0,0.0,0.0,0.0,60.111
0.10005,2.003,10.759,3.2042,0.0,0.0,0.0,0.0,0.0,60.746
0.050125,2.002,11.143,3.0898,0.0,0.0,0.0,0.0,0.0,34.792
0.050075,2.003,10.323,3.1002,0.0,0.0,0.0,0.0,0.0,43.099
0.050075,2.002,11.21,3.1052,0.0,0.0,0.0,0.0,0.0,46.087
0.050058333,2.005,10.836,3.1092,0.0,0.0,0.0,0.0,0.0,47.404
0.050058333,2.002,10.622,3.1125,0.0,0.0,0.0,0.0,0.0,48.21
0.05,2.004,10.871,3.1152,0.0,0.0,0.0,0.0,0.0,48.868
1.000025,2.002,1.2079,3.4567,0.0,0.0,0.0,0.0,0.0,68.786
1.000016667,2.002,1.3944,3.4604,0.0,0.0,0.0,0.0,0.0,68.618
0.950041667,2.002,1.1233,3.3309,0.0,0.0,0.0,0.0,0.0,67.857
0.90005,2.002,0.69581,3.3272,0.0,0.0,0.0,0.0,0.0,67.389
0.850075,2.003,1.207,3.324,0.0,0.0,0.0,0.0,0.0,66.885
0.800091667,2.002,0.4615,3.3182,0.0,0.0,0.0,0.0,0.0,66.22
0.7501,2.002,1.4256,3.3053,0.0,0.0,0.0,0.0,0.0,65.577
0.700116667,2.003,0.91965,3.294,0.0,0.0,0.0,0.0,0.0,64.846
0.650133333,2.002,0.85482,3.2867,0.0,0.0,0.0,0.0,0.0,64.155
0.60015,2.003,0.53287,3.2824,0.0,0.0,0.0,0.0,0.0,62.956
0.60015,2.002,1.0556,3.2864,0.0,0.0,0.0,0.0,0.0,63.734
0.550133333,2.003,0.68637,3.2794,0.0,0.0,0.0,0.0,0.0,61.43
0.550125,2.004,0.5136,3.2836,0.0,0.0,0.0,0.0,0.0,62.769
0.550083333,2.002,0.58517,3.2856,0.0,0.0,0.0,0.0,0.0,63.374
0.500066667,2.003,0.78894,3.2765,0.0,0.0,0.0,0.0,0.0,59.451
0.5001,2.003,0.75749,3.2811,0.0,0.0,0.0,0.0,0.0,61.175
0.50005,2.002,1.47,3.2831,0.0,0.0,0.0,0.0,0.0,62.345
0.5001,2.002,1.7054,3.2846,0.0,0.0,0.0,0.0,0.0,62.912
0.450066667,2.003,0.67183,3.2736,0.0,0.0,0.0,0.0,0.0,57.461
0.450116667,2.003,1.9252,3.2787,0.0,0.0,0.0,0.0,0.0,59.319
0.450008333,2.003,1.2827,3.2811,0.0,0.0,0.0,0.0,0.0,61.127
0.450033333,2.002,0.7002,3.2827,0.0,0.0,0.0,0.0,0.0,61.787
0.400066667,2.002,0.74807,3.2702,0.0,0.0,0.0,0.0,0.0,55.324
0.400025,2.002,1.4031,3.2763,0.0,0.0,0.0,0.0,0.0,57.923
0.399975,2.003,0.83511,3.2789,0.0,0.0,0.0,0.0,0.0,59.089
0.400008333,2.001,1.3776,3.2806,0.0,0.0,0.0,0.0,0.0,59.858
0.35005,2.003,1.5486,3.2645,0.0,0.0,0.0,0.0,0.0,51.774
0.350066667,2.002,1.4556,3.2716,0.0,0.0,0.0,0.0,0.0,54.756
0.350016667,2.002,0.44726,3.2747,0.0,0.0,0.0,0.0,0.0,56.511
0.349991667,2.001,0.48017,3.2767,0.0,0.0,0.0,0.0,0.0,57.545
0.34995,2.002,0.75986,3.2784,0.0,0.0,0.0,0.0,0.0,58.103
0.349983333,2.002,0.91168,3.2797,0.0,0.0,0.0,0.0,0.0,58.638
0.300025,2.003,0.69336,3.2559,0.0,0.0,0.0,0.0,0.0,48.307
0.300016667,2.001,1.4232,3.2625,0.0,0.0,0.0,0.0,0.0,51.756
0.299975,2.001,1.2155,3.2658,0.0,0.0,0.0,0.0,0.0,53.805
0.29995,2.002,0.42175,3.2678,0.0,0.0,0.0,0.0,0.0,55.014
0.299925,2.002,0.80869,3.2696,0.0,0.0,0.0,0.0,0.0,55.716
0.299941667,2.001,0.5418,3.2712,0.0,0.0,0.0,0.0,0.0,56.214
0.250008333,2.003,1.0566,3.2423,0.0,0.0,0.0,0.0,0.0,44.649
0.249933333,2.002,1.2164,3.2484,0.0,0.0,0.0,0.0,0.0,48.477
0.249891667,2.001,0.5634,3.2514,0.0,0.0,0.0,0.0,0.0,50.663
0.2499,2.003,0.97135,3.2534,0.0,0.0,0.0,0.0,0.0,51.884
0.249925,2.002,0.9836,3.2548,0.0,0.0,0.0,0.0,0.0,52.655
0.249925,2.003,0.65615,3.2562,0.0,0.0,0.0,0.0,0.0,53.11
0.2,2.002,0.5328,3.2229,0.0,0.0,0.0,0.0,0.0,40.496
0.2,2.002,1.4518,3.2287,0.0,0.0,0.0,0.0,0.0,44.847
0.199916667,2.002,1.2384,3.2318,0.0,0.0,0.0,0.0,0.0,47.239
0.199916667,2.002,1.5654,3.2338,0.0,0.0,0.0,0.0,0.0,48.525
0.199916667,2.003,1.4419,3.2355,0.0,0.0,0.0,0.0,0.0,49.357
0.199916667,2.003,0.90782,3.2368,0.0,0.0,0.0,0.0,0.0,49.869
0.149916667,2.002,0.45134,3.2002,0.0,0.0,0.0,0.0,0.0,36.564
0.149916667,2.002,0.47581,3.2051,0.0,0.0,0.0,0.0,0.0,41.195
0.149916667,2.002,0.72294,3.2084,0.0,0.0,0.0,0.0,0.0,43.683
0.149833333,2.002,1.0353,3.2103,0.0,0.0,0.0,0.0,0.0,44.964
0.149916667,2.002,0.89749,3.2119,0.0,0.0,0.0,0.0,0.0,45.784
0.149833333,2.002,1.0946,3.2131,0.0,0.0,0.0,0.0,0.0,46.364
0.099916667,2.002,0.80811,3.1817,0.0,0.0,0.0,0.0,0.0,33.287
0.099916667,2.003,1.3437,3.1896,0.0,0.0,0.0,0.0,0.0,37.556
0.099833333,2.002,1.3699,3.1939,0.0,0.0,0.0,0.0,0.0,39.92
0.099833333,2.002,0.94547,3.1962,0.0,0.0,0.0,0.0,0.0,41.128
0.099833333,2.002,1.3263,3.1981,0.0,0.0,0.0,0.0,0.0,41.931
0.099833333,2.002,1.3606,3.1994,0.0,0.0,0.0,0.0,0.0,42.52
0.099916667,2.002,1.0419,3.2007,0.0,0.0,0.0,0.0,0.0,43.006
0.049916667,2.002,1.1388,3.0813,0.0,0.0,0.0,0.0,0.0,25.907
0.049833333,2.004,1.3817,3.1012,0.0,0.0,0.0,0.0,0.0,30.1
0.049833333,2.002,1.2356,3.1088,0.0,0.0,0.0,0.0,0.0,32.436
0.049833333,2.002,0.45508,3.1144,0.0,0.0,0.0,0.0,0.0,33.679
0.049833333,2.003,1.5044,3.1189,0.0,0.0,0.0,0.0,0.0,34.444
0.049833333,2.002,1.4297,3.1224,0.0,0.0,0.0,0.0,0.0,35.05
0.049833333,2.003,1.3898,3.1255,0.0,0.0,0.0,0.0,0.0,35.577
1.000016667,9.105,0.78593,3.4657,0.0,0.0,0.0,0.0,0.0,68.877
1.000016667,12.391,0.81664,3.4579,0.0,0.0,0.0,0.0,0.0,65.466
1.000025,15.012,0.75362,3.455,0.0,0.0,0.0,0.0,0.0,63.545
1.000025,30.002,0.94498,3.4547,0.0,0.0,0.0,0.0,0.0,62.118
0.999975,30.003,1.4366,3.4722,0.0,0.0,0.0,0.0,0.0,65.305
1.0,30.003,2.0011,3.4742,0.0,0.0,0.0,0.0,0.0,66.699
1.0,30.003,1.7503,3.4783,0.0,0.0,0.0,0.0,0.0,67.806
0.949916667,13.914,1.9588,3.3346,0.0,0.0,0.0,0.0,0.0,66.02
0.95,14.974,1.8072,3.3363,0.0,0.0,0.0,0.0,0.0,63.491
0.95,18.052,2.5969,3.3354,0.0,0.0,0.0,0.0,0.0,61.307
0.95,30.003,2.48,3.3357,0.0,0.0,0.0,0.0,0.0,59.296
0.95,30.003,2.568,3.3354,0.0,0.0,0.0,0.0,0.0,60.424
0.95,30.003,2.1781,3.3364,0.0,0.0,0.0,0.0,0.0,62.292
0.95,30.002,2.2379,3.3366,0.0,0.0,0.0,0.0,0.0,63.795
0.95,30.002,1.7776,3.337,0.0,0.0,0.0,0.0,0.0,64.995
0.95,14.568,1.7091,3.3375,0.0,0.0,0.0,0.0,0.0,65.889
0.95,15.211,2.5559,3.3374,0.0,0.0,0.0,0.0,0.0,63.388
0.95,30.002,2.3481,3.3437,0.0,0.0,0.0,0.0,0.0,61.27
0.949916667,30.002,2.6622,3.3445,0.0,0.0,0.0,0.0,0.0,62.428
0.949916667,30.002,2.9391,3.3455,0.0,0.0,0.0,0.0,0.0,63.474
0.949916667,30.003,2.9127,3.3459,0.0,0.0,0.0,0.0,0.0,64.121
0.949916667,30.003,2.628,3.3462,0.0,0.0,0.0,0.0,0.0,64.603
0.899916667,12.923,2.365,3.3358,0.0,0.0,0.0,0.0,0.0,63.394
0.9,13.373,2.3083,3.3361,0.0,0.0,0.0,0.0,0.0,61.204
0.899916667,16.023,1.9721,3.3414,0.0,0.0,0.0,0.0,0.0,59.071
0.899916667,19.259,1.7152,3.3426,0.0,0.0,0.0,0.0,0.0,56.859
0.899916667,24.137,2.2445,3.3429,0.0,0.0,0.0,0.0,0.0,54.711
0.899916667,30.003,1.6219,3.3431,0.0,0.0,0.0,0.0,0.0,52.636
0.899916667,30.003,1.8828,3.343,0.0,0.0,0.0,0.0,0.0,51.586
0.85,19.153,2.1157,3.3346,0.0,0.0,0.0,0.0,0.0,55.36
0.849916667,19.86,1.266,3.3359,0.0,0.0,0.0,0.0,0.0,53.442
0.849916667,24.469,2.1012,3.3404,0.0,0.0,0.0,0.0,0.0,51.571
0.849916667,30.002,1.6681,3.3413,0.0,0.0,0.0,0.0,0.0,49.64
0.849916667,30.002,1.562,3.3415,0.0,0.0,0.0,0.0,0.0,48.302
0.8,19.86,2.2316,3.3323,0.0,0.0,0.0,0.0,0.0,52.165
0.799916667,20.932,2.1959,3.3336,0.0,0.0,0.0,0.0,0.0,50.359
0.799916667,25.981,1.5387,3.3379,0.0,0.0,0.0,0.0,0.0,48.558
0.799833333,30.002,2.5353,3.3391,0.0,0.0,0.0,0.0,0.0,46.739
0.799916667,30.002,1.6683,3.3401,0.0,0.0,0.0,0.0,0.0,45.864
0.749833333,20.199,1.5411,3.3202,0.0,0.0,0.0,0.0,0.0,49.628
0.749916667,22.292,2.2985,3.3214,0.0,0.0,0.0,0.0,0.0,47.92
0.749916667,25.827,2.3682,3.3236,0.0,0.0,0.0,0.0,0.0,46.3
0.749916667,30.002,2.1391,3.3258,0.0,0.0,0.0,0.0,0.0,44.741
0.749916667,30.003,1.3442,3.328,0.0,0.0,0.0,0.0,0.0,43.45
0.749916667,30.002,1.5416,3.3292,0.0,0.0,0.0,0.0,0.0,43.305
0.7,24.415,1.3443,3.3022,0.0,0.0,0.0,0.0,0.0,45.052
0.7,26.767,1.8195,3.3033,0.0,0.0,0.0,0.0,0.0,43.499
0.7,30.003,2.3355,3.3114,0.0,0.0,0.0,0.0,0.0,42.044
0.7,30.002,2.3687,3.3131,0.0,0.0,0.0,0.0,0.0,41.112
0.65,29.231,1.4513,3.2958,0.0,0.0,0.0,0.0,0.0,40.796
0.65,30.003,1.918,3.2972,0.0,0.0,0.0,0.0,0.0,39.39
0.65,30.002,2.2326,3.305,0.0,0.0,0.0,0.0,0.0,38.414
0.6,30.003,1.4025,3.2921,0.0,0.0,0.0,0.0,0.0,34.871
0.6,30.002,0.6731,3.2928,0.0,0.0,0.0,0.0,0.0,36.4
0.6,30.002,1.6458,3.3008,0.0,0.0,0.0,0.0,0.0,35.643
0.6,30.002,0.89592,3.3019,0.0,0.0,0.0,0.0,0.0,36.05
0.6,30.002,1.641,3.3027,0.0,0.0,0.0,0.0,0.0,35.884
0.55,30.003,1.679,3.2899,0.0,0.0,0.0,0.0,0.0,30.226
0.55,30.002,1.3982,3.2905,0.0,0.0,0.0,0.0,0.0,34.285
0.55,30.003,1.1491,3.2981,0.0,0.0,0.0,0.0,0.0,33.584
0.55,30.003,1.9451,3.2993,0.0,0.0,0.0,0.0,0.0,34.151
0.499166667,30.003,1.3329,3.2886,0.0,0.0,0.0,0.0,0.0,27.1
0.5,30.002,1.4715,3.2888,0.0,0.0,0.0,0.0,0.0,32.845
0.5,30.003,2.2254,3.2962,0.0,0.0,0.0,0.0,0.0,32.307
0.5,30.002,2.4697,3.2975,0.0,0.0,0.0,0.0,0.0,33.28
0.449166667,30.003,2.9816,3.288,0.0,0.0,0.0,0.0,0.0,25.378
0.449166667,30.003,2.1198,3.2882,0.0,0.0,0.0,0.0,0.0,31.987
0.449166667,30.003,3.5975,3.2955,0.0,0.0,0.0,0.0,0.0,31.167
0.45,30.002,3.3222,3.2965,0.0,0.0,0.0,0.0,0.0,32.231
0.4,30.002,4.106,3.2864,0.0,0.0,0.0,0.0,0.0,23.211
0.399166667,30.002,4.2621,3.2864,0.0,0.0,0.0,0.0,0.0,31.785
0.4,30.002,4.2632,3.2942,0.0,0.0,0.0,0.0,0.0,30.895
0.399166667,30.002,4.4769,3.2954,0.0,0.0,0.0,0.0,0.0,32.325
0.35,30.003,5.855,3.2824,0.0,0.0,0.0,0.0,0.0,22.065
0.35,28.648,5.5711,3.2828,0.0,0.0,0.0,0.0,0.0,32.817
0.35,30.002,6.2424,3.2922,0.0,0.0,0.0,0.0,0.0,31.679
0.35,30.003,6.372,3.2938,0.0,0.0,0.0,0.0,0.0,32.219
0.35,30.003,7.3223,3.2949,0.0,0.0,0.0,0.0,0.0,32.739
0.35,30.002,6.9497,3.2957,0.0,0.0,0.0,0.0,0.0,33.243
0.35,30.003,7.8343,3.2963,0.0,0.0,0.0,0.0,0.0,33.769
0.35,30.002,7.7625,3.2969,0.0,0.0,0.0,0.0,0.0,34.239
0.35,30.003,8.1867,3.2972,0.0,0.0,0.0,0.0,0.0,34.736
0.349166667,30.002,8.7842,3.2976,0.0,0.0,0.0,0.0,0.0,35.182
0.349166667,30.002,9.0106,3.298,0.0,0.0,0.0,0.0,0.0,35.597
0.349166667,30.002,8.4999,3.2985,0.0,0.0,0.0,0.0,0.0,36.003
0.35,30.003,9.019,3.2987,0.0,0.0,0.0,0.0,0.0,36.393
0.35,30.003,9.0406,3.2988,0.0,0.0,0.0,0.0,0.0,36.766
0.35,30.002,9.1903,3.2992,0.0,0.0,0.0,0.0,0.0,37.142
0.349166667,30.002,10.431,3.2993,0.0,0.0,0.0,0.0,0.0,37.524
0.35,30.002,10.445,3.2996,0.0,0.0,0.0,0.0,0.0,37.885
0.299166667,30.002,9.7111,3.2778,0.0,0.0,0.0,0.0,0.0,24.459
0.3,25.1,9.7678,3.2784,0.0,0.0,0.0,0.0,0.0,38.581
0.299166667,28.785,10.534,3.2871,0.0,0.0,0.0,0.0,0.0,37.171
0.3,30.002,10.467,3.2886,0.0,0.0,0.0,0.0,0.0,35.638
0.25,30.003,10.812,3.2626,0.0,0.0,0.0,0.0,0.0,20.468
0.25,23.061,10.863,3.2626,0.0,0.0,0.0,0.0,0.0,37.356
0.25,26.561,11.543,3.2705,0.0,0.0,0.0,0.0,0.0,35.911
0.249166667,29.911,11.752,3.2719,0.0,0.0,0.0,0.0,0.0,34.359
0.249166667,30.002,12.738,3.2729,0.0,0.0,0.0,0.0,0.0,32.85
0.25,30.003,12.064,3.2736,0.0,0.0,0.0,0.0,0.0,33.518
0.199166667,30.003,12.835,3.2387,0.0,0.0,0.0,0.0,0.0,16.677
0.199166667,20.34,12.759,3.2385,0.0,0.0,0.0,0.0,0.0,36.602
0.2,23.261,13.03,3.2466,0.0,0.0,0.0,0.0,0.0,35.102
0.199166667,26.136,13.615,3.2481,0.0,0.0,0.0,0.0,0.0,33.497
0.199166667,29.169,12.97,3.2491,0.0,0.0,0.0,0.0,0.0,31.967
0.199166667,30.003,13.101,3.2499,0.0,0.0,0.0,0.0,0.0,30.509
0.15,30.003,13.269,3.2105,0.0,0.0,0.0,0.0,0.0,12.21
0.149166667,17.386,13.321,3.2096,0.0,0.0,0.0,0.0,0.0,35.327
0.149166667,20.019,13.344,3.2204,0.0,0.0,0.0,0.0,0.0,33.861
0.15,22.478,13.632,3.2218,0.0,0.0,0.0,0.0,0.0,32.234
0.149166667,25.003,13.345,3.2228,0.0,0.0,0.0,0.0,0.0,30.679
0.149166667,27.724,14.358,3.2235,0.0,0.0,0.0,0.0,0.0,29.202
0.149166667,30.003,13.599,3.2241,0.0,0.0,0.0,0.0,0.0,27.794
0.149166667,30.003,13.644,3.2246,0.0,0.0,0.0,0.0,0.0,26.816
0.15,30.003,13.308,3.2251,0.0,0.0,0.0,0.0,0.0,27.3
0.099166667,30.002,14.325,3.1996,0.0,0.0,0.0,0.0,0.0,6.9285
0.1,17.182,13.386,3.1995,0.0,0.0,0.0,0.0,0.0,29.495
0.099166667,19.452,14.241,3.2092,0.0,0.0,0.0,0.0,0.0,28.215
0.1,21.65,13.822,3.2106,0.0,0.0,0.0,0.0,0.0,26.827
0.099166667,23.956,14.02,3.2117,0.0,0.0,0.0,0.0,0.0,25.488
0.1,26.395,14.021,3.2126,0.0,0.0,0.0,0.0,0.0,24.223
0.1,28.959,14.243,3.2132,0.0,0.0,0.0,0.0,0.0,23.032
0.099166667,30.003,14.58,3.2139,0.0,0.0,0.0,0.0,0.0,21.893
0.099166667,30.002,14.429,3.2142,0.0,0.0,0.0,0.0,0.0,21.692
0.05,30.002,14.634,3.0579,0.0,0.0,0.0,0.0,0.0,1.8233
0.05,21.388,14.461,3.0635,0.0,0.0,0.0,0.0,0.0,16.096
0.049166667,24.06,13.991,3.0702,0.0,0.0,0.0,0.0,0.0,15.099
0.049166667,26.831,14.175,3.0741,0.0,0.0,0.0,0.0,0.0,14.135
0.049166667,29.738,14.21,3.0772,0.0,0.0,0.0,0.0,0.0,13.243
0.05,30.002,14.206,3.0797,0.0,0.0,0.0,0.0,0.0,12.389
0.049166667,30.002,13.975,3.0816,0.0,0.0,0.0,0.0,0.0,13.077
0.049166667,30.002,14.12,3.0834,0.0,0.0,0.0,0.0,0.0,12.777
0.05,30.002,14.072,3.0849,0.0,0.0,0.0,0.0,0.0,13.197
0.049166667,30.002,14.252,3.0862,0.0,0.0,0.0,0.0,0.0,13.06
0.05,30.003,14.414,3.0874,0.0,0.0,0.0,0.0,0.0,13.302
1.000025,2.003,40.514,3.5337,0.0,0.0,0.0,0.0,0.0,85.446
0.950033333,2.002,40.019,3.3373,0.0,0.0,0.0,0.0,0.0,84.981
0.90005,2.002,40.502,3.3356,0.0,0.0,0.0,0.0,0.0,84.768
0.850066667,2.002,40.856,3.3343,0.0,0.0,0.0,0.0,0.0,84.654
0.800083333,2.002,40.191,3.3332,0.0,0.0,0.0,0.0,0.0,84.616
0.7501,2.004,40.61,3.3288,0.0,0.0,0.0,0.0,0.0,84.491
0.700116667,2.002,40.521,3.3097,0.0,0.0,0.0,0.0,0.0,84.03
0.650133333,2.002,40.045,3.3016,0.0,0.0,0.0,0.0,0.0,83.611
0.60015,2.003,40.817,3.2989,0.0,0.0,0.0,0.0,0.0,83.27
0.550166667,2.002,41.071,3.2971,0.0,0.0,0.0,0.0,0.0,82.993
0.50015,2.003,40.941,3.2958,0.0,0.0,0.0,0.0,0.0,82.861
0.450208333,2.003,40.029,3.2943,0.0,0.0,0.0,0.0,0.0,82.699
0.400208333,2.002,40.945,3.292,0.0,0.0,0.0,0.0,0.0,82.504
0.350258333,2.003,40.159,3.279,0.0,0.0,0.0,0.0,0.0,82.083
0.300283333,2.003,40.93,3.2638,0.0,0.0,0.0,0.0,0.0,81.519
0.250266667,2.004,40.62,3.2519,0.0,0.0,0.0,0.0,0.0,80.84
0.200325,2.002,41.038,3.2328,0.0,0.0,0.0,0.0,0.0,79.969
0.150316667,2.004,40.568,3.2094,0.0,0.0,0.0,0.0,0.0,78.691
0.100341667,2.002,41.042,3.2037,0.0,0.0,0.0,0.0,0.0,76.611
0.050325,2.002,40.53,3.0944,0.0,0.0,0.0,0.0,0.0,69.873
0.050333333,2.003,41.121,3.1036,0.0,0.0,0.0,0.0,0.0,71.45
0.000341667,2.002,40.984,2.733,0.0,0.0,0.0,0.0,0.0,5.0314
0.000325,1.806,40.759,2.7702,0.0,0.0,0.0,0.0,0.0,38.94
0.000233333,2.002,40.135,2.7852,0.0,0.0,0.0,0.0,0.0,34.217
0.000283333,2.002,41.071,2.7953,0.0,0.0,0.0,0.0,0.0,37.281
1.000025,30.003,25.425,3.4365,0.0,0.0,0.0,0.0,0.0,77.575
0.950033333,30.002,25.024,3.3365,0.0,0.0,0.0,0.0,0.0,77.261
0.900083333,30.003,25.425,3.3375,0.0,0.0,0.0,0.0,0.0,76.732
0.850083333,30.002,25.455,3.3375,0.0,0.0,0.0,0.0,0.0,76.12
0.800083333,30.002,25.893,3.3374,0.0,0.0,0.0,0.0,0.0,75.481
0.750083333,30.002,26.008,3.3363,0.0,0.0,0.0,0.0,0.0,74.405
0.750166667,30.003,26.244,3.3373,0.0,0.0,0.0,0.0,0.0,73.672
0.700083333,30.002,25.073,3.311,0.0,0.0,0.0,0.0,0.0,73.038
0.700083333,30.002,25.373,3.3121,0.0,0.0,0.0,0.0,0.0,72.47
0.650083333,30.003,25.851,3.3022,0.0,0.0,0.0,0.0,0.0,71.375
0.600083333,30.003,26.169,3.2996,0.0,0.0,0.0,0.0,0.0,69.455
0.6,30.003,25.39,3.3007,0.0,0.0,0.0,0.0,0.0,70.211
0.550083333,30.003,25.069,3.2988,0.0,0.0,0.0,0.0,0.0,67.902
0.550083333,30.002,25.403,3.2997,0.0,0.0,0.0,0.0,0.0,69.136
0.55,30.003,26.214,3.3056,0.0,0.0,0.0,0.0,0.0,68.964
0.500083333,30.003,25.018,3.2981,0.0,0.0,0.0,0.0,0.0,65.906
0.5,30.002,25.58,3.2989,0.0,0.0,0.0,0.0,0.0,67.812
0.5,30.002,25.852,3.3043,0.0,0.0,0.0,0.0,0.0,67.503
0.499916667,30.002,26.255,3.305,0.0,0.0,0.0,0.0,0.0,67.991
0.45,30.001,25.621,3.2979,0.0,0.0,0.0,0.0,0.0,63.323
0.45,30.002,25.821,3.2986,0.0,0.0,0.0,0.0,0.0,66.116
0.449916667,30.003,25.479,3.3039,0.0,0.0,0.0,0.0,0.0,65.579
0.449916667,30.002,26.072,3.3045,0.0,0.0,0.0,0.0,0.0,66.051
0.399916667,30.002,26.07,3.2975,0.0,0.0,0.0,0.0,0.0,57.1
0.40025,30.003,25.409,3.2982,0.0,0.0,0.0,0.0,0.0,64.285
0.40025,30.002,26.191,3.3038,0.0,0.0,0.0,0.0,0.0,62.551
0.4,30.003,25.58,3.3047,0.0,0.0,0.0,0.0,0.0,63.552
0.35,30.002,26.062,3.2955,0.0,0.0,0.0,0.0,0.0,49.684
0.35,27.687,25.758,3.296,0.0,0.0,0.0,0.0,0.0,61.196
0.349166667,30.002,26.261,3.3018,0.0,0.0,0.0,0.0,0.0,58.884
0.35,30.002,26.32,3.3024,0.0,0.0,0.0,0.0,0.0,57.53
0.35,30.003,26.132,3.3031,0.0,0.0,0.0,0.0,0.0,58.251
0.3,30.003,25.501,3.2843,0.0,0.0,0.0,0.0,0.0,41.46
0.3,24.547,25.921,3.2851,0.0,0.0,0.0,0.0,0.0,58.633
0.3,27.075,25.652,3.2947,0.0,0.0,0.0,0.0,0.0,56.561
0.3,29.784,25.808,3.2955,0.0,0.0,0.0,0.0,0.0,54.196
0.3,30.001,25.546,3.296,0.0,0.0,0.0,0.0,0.0,51.896
0.3,30.002,26.308,3.2966,0.0,0.0,0.0,0.0,0.0,52.472
0.25,30.002,25.698,3.2668,0.0,0.0,0.0,0.0,0.0,32.694
0.25,21.0,25.25,3.2671,0.0,0.0,0.0,0.0,0.0,56.483
0.25,22.979,25.834,3.2763,0.0,0.0,0.0,0.0,0.0,54.358
0.25,25.343,25.958,3.2771,0.0,0.0,0.0,0.0,0.0,51.972
0.25,27.866,26.059,3.2774,0.0,0.0,0.0,0.0,0.0,49.699
0.249166667,30.002,25.825,3.2777,0.0,0.0,0.0,0.0,0.0,47.526
0.25,30.002,25.474,3.2779,0.0,0.0,0.0,0.0,0.0,45.927
0.25,30.003,25.684,3.2783,0.0,0.0,0.0,0.0,0.0,46.717
0.2,30.001,26.184,3.2437,0.0,0.0,0.0,0.0,0.0,24.672
0.2,17.848,25.193,3.2434,0.0,0.0,0.0,0.0,0.0,54.22
0.2,19.579,26.302,3.2523,0.0,0.0,0.0,0.0,0.0,52.041
0.199166667,21.59,26.315,3.253,0.0,0.0,0.0,0.0,0.0,49.628
0.199166667,23.721,25.727,3.2535,0.0,0.0,0.0,0.0,0.0,47.336
0.2,26.069,25.456,3.254,0.0,0.0,0.0,0.0,0.0,45.154
0.2,28.791,25.437,3.2544,0.0,0.0,0.0,0.0,0.0,43.077
0.2,30.003,25.864,3.2547,0.0,0.0,0.0,0.0,0.0,41.075
0.2,30.002,26.286,3.2551,0.0,0.0,0.0,0.0,0.0,40.64
0.15,30.003,25.554,3.2129,0.0,0.0,0.0,0.0,0.0,15.792
0.15,13.868,25.389,3.212,0.0,0.0,0.0,0.0,0.0,53.269
0.15,15.435,25.339,3.2234,0.0,0.0,0.0,0.0,0.0,51.072
0.15,17.163,26.186,3.2244,0.0,0.0,0.0,0.0,0.0,48.563
0.15,19.011,25.744,3.2248,0.0,0.0,0.0,0.0,0.0,46.183
0.149166667,21.04,26.319,3.2252,0.0,0.0,0.0,0.0,0.0,43.931
0.15,23.224,26.319,3.2255,0.0,0.0,0.0,0.0,0.0,41.761
0.15,25.583,26.362,3.2258,0.0,0.0,0.0,0.0,0.0,39.719
0.15,28.075,25.847,3.2261,0.0,0.0,0.0,0.0,0.0,37.777
0.149166667,30.002,25.863,3.2265,0.0,0.0,0.0,0.0,0.0,35.947
0.15,30.002,25.612,3.2267,0.0,0.0,0.0,0.0,0.0,34.899
0.15,30.002,25.583,3.227,0.0,0.0,0.0,0.0,0.0,35.47
0.1,30.002,25.3,3.2034,0.0,0.0,0.0,0.0,0.0,6.5981
0.099166667,12.787,25.62,3.2024,0.0,0.0,0.0,0.0,0.0,45.641
0.1,14.294,25.548,3.2119,0.0,0.0,0.0,0.0,0.0,43.647
0.1,15.759,26.181,3.2129,0.0,0.0,0.0,0.0,0.0,41.463
0.1,17.351,26.02,3.2136,0.0,0.0,0.0,0.0,0.0,39.398
0.099166667,19.048,25.416,3.2142,0.0,0.0,0.0,0.0,0.0,37.446
0.1,20.91,26.083,3.2145,0.0,0.0,0.0,0.0,0.0,35.555
0.099166667,22.859,25.375,3.2151,0.0,0.0,0.0,0.0,0.0,33.785
0.099166667,24.925,25.543,3.2155,0.0,0.0,0.0,0.0,0.0,32.095
0.1,27.131,25.535,3.2158,0.0,0.0,0.0,0.0,0.0,30.508
0.1,29.469,25.906,3.216,0.0,0.0,0.0,0.0,0.0,28.986
0.1,30.003,26.469,3.2164,0.0,0.0,0.0,0.0,0.0,27.537
0.05,30.003,25.522,3.0942,0.0,0.0,0.0,0.0,0.0,1.2549
0.049166667,18.557,26.229,3.0973,0.0,0.0,0.0,0.0,0.0,23.882
0.05,20.631,26.221,3.1029,0.0,0.0,0.0,0.0,0.0,22.469
0.05,22.75,25.424,3.1057,0.0,0.0,0.0,0.0,0.0,21.112
0.05,24.962,25.384,3.1075,0.0,0.0,0.0,0.0,0.0,19.816
0.05,27.316,25.452,3.1092,0.0,0.0,0.0,0.0,0.0,18.593
0.05,29.744,26.268,3.1103,0.0,0.0,0.0,0.0,0.0,17.455
0.05,30.002,25.665,3.1114,0.0,0.0,0.0,0.0,0.0,16.379
0.05,29.85,25.875,3.1119,0.0,0.0,0.0,0.0,0.0,17.521
0.049166667,30.002,26.067,3.1126,0.0,0.0,0.0,0.0,0.0,16.446
0.049166667,29.665,26.252,3.1129,0.0,0.0,0.0,0.0,0.0,17.691
0.049166667,30.002,25.663,3.1135,0.0,0.0,0.0,0.0,0.0,16.601
0.05,29.84,25.338,3.1138,0.0,0.0,0.0,0.0,0.0,17.689
0.05,30.002,25.27,3.1142,0.0,0.0,0.0,0.0,0.0,16.589
0.049166667,29.638,26.083,3.1143,0.0,0.0,0.0,0.0,0.0,17.829
0.049166667,30.002,25.396,3.1147,0.0,0.0,0.0,0.0,0.0,16.728
0.049166667,29.76,25.255,3.1146,0.0,0.0,0.0,0.0,0.0,17.823
0.05,30.002,26.087,3.1149,0.0,0.0,0.0,0.0,0.0,16.708
0.049166667,29.596,24.975,3.1151,0.0,0.0,0.0,0.0,0.0,17.939
0.05,30.003,25.89,3.1154,0.0,0.0,0.0,0.0,0.0,16.839
0.0,30.002,25.29,2.6214,0.0,0.0,0.0,0.0,0.0,0.39052
1.000016667,10.003,25.853,3.541,0.0,0.0,0.0,0.0,0.0,78.732
0.950041667,10.002,25.273,3.3384,0.0,0.0,0.0,0.0,0.0,78.491
0.90005,10.002,25.217,3.3364,0.0,0.0,0.0,0.0,0.0,78.1
0.850066667,10.002,25.221,3.335,0.0,0.0,0.0,0.0,0.0,77.742
0.8001,10.002,25.931,3.3332,0.0,0.0,0.0,0.0,0.0,77.415
0.800075,10.002,25.385,3.3355,0.0,0.0,0.0,0.0,0.0,76.878
0.750083333,10.002,25.333,3.33,0.0,0.0,0.0,0.0,0.0,77.136
0.750083333,10.002,25.396,3.3337,0.0,0.0,0.0,0.0,0.0,76.511
0.700083333,10.002,26.171,3.3135,0.0,0.0,0.0,0.0,0.0,76.308
0.65,10.003,25.371,3.3006,0.0,0.0,0.0,0.0,0.0,75.09
0.600083333,10.002,25.167,3.2968,0.0,0.0,0.0,0.0,0.0,74.063
0.550083333,10.002,25.531,3.2948,0.0,0.0,0.0,0.0,0.0,73.003
0.550083333,10.002,25.656,3.297,0.0,0.0,0.0,0.0,0.0,73.718
0.500083333,10.002,26.052,3.2933,0.0,0.0,0.0,0.0,0.0,72.157
0.500083333,10.002,25.24,3.2955,0.0,0.0,0.0,0.0,0.0,72.872
0.45,10.002,26.122,3.292,0.0,0.0,0.0,0.0,0.0,71.16
0.450083333,10.003,25.682,3.2943,0.0,0.0,0.0,0.0,0.0,71.94
0.4,10.002,25.988,3.2906,0.0,0.0,0.0,0.0,0.0,69.971
0.4,10.002,26.05,3.2932,0.0,0.0,0.0,0.0,0.0,70.808
0.35,10.002,25.497,3.287,0.0,0.0,0.0,0.0,0.0,68.456
0.35,10.001,25.434,3.2904,0.0,0.0,0.0,0.0,0.0,69.487
0.299916667,10.003,26.204,3.2792,0.0,0.0,0.0,0.0,0.0,66.307
0.3,10.002,25.98,3.2823,0.0,0.0,0.0,0.0,0.0,67.671
0.25,10.003,25.902,3.2645,0.0,0.0,0.0,0.0,0.0,61.709
0.249916667,10.002,25.876,3.2675,0.0,0.0,0.0,0.0,0.0,65.349
0.199916667,10.002,26.098,3.2481,0.0,0.0,0.0,0.0,0.0,52.499
0.199833333,10.002,25.522,3.2504,0.0,0.0,0.0,0.0,0.0,61.864
0.149916667,10.002,25.381,3.2209,0.0,0.0,0.0,0.0,0.0,42.75
0.149916667,10.002,25.597,3.2229,0.0,0.0,0.0,0.0,0.0,56.566
0.149833333,10.003,25.718,3.2291,0.0,0.0,0.0,0.0,0.0,56.206
0.149833333,10.002,25.603,3.2304,0.0,0.0,0.0,0.0,0.0,57.037
0.099833333,10.003,26.031,3.2062,0.0,0.0,0.0,0.0,0.0,31.989
0.099916667,10.001,25.391,3.2061,0.0,0.0,0.0,0.0,0.0,52.484
0.099833333,5.938,25.436,3.2145,0.0,0.0,0.0,0.0,0.0,-0.0
0.099833333,10.003,25.443,3.2173,0.0,0.0,0.0,0.0,0.0,47.009
0.099833333,10.002,26.147,3.218,0.0,0.0,0.0,0.0,0.0,55.146
0.099833333,10.002,25.582,3.2184,0.0,0.0,0.0,0.0,0.0,52.82
0.099833333,10.003,26.121,3.2184,0.0,0.0,0.0,0.0,0.0,53.465
0.049833333,10.003,25.664,3.1607,0.0,0.0,0.0,0.0,0.0,19.861
0.049833333,9.793,25.829,3.1633,0.0,0.0,0.0,0.0,0.0,41.045
0.049833333,10.002,25.703,3.168,0.0,0.0,0.0,0.0,0.0,38.883
-0.00025,10.002,25.272,2.9271,0.0,0.0,0.0,0.0,0.0,3.4422
-0.00025,7.654,25.274,2.939,0.0,0.0,0.0,0.0,0.0,24.504
-0.00025,8.947,25.912,2.9453,0.0,0.0,0.0,0.0,0.0,22.471
-0.00025,10.002,25.613,2.9497,0.0,0.0,0.0,0.0,0.0,20.616
-0.000166667,10.002,25.828,2.9529,0.0,0.0,0.0,0.0,0.0,19.681
-0.000166667,10.002,25.19,2.955,0.0,0.0,0.0,0.0,0.0,20.69
-0.00025,10.003,25.287,2.9571,0.0,0.0,0.0,0.0,0.0,20.373
-0.000166667,10.003,25.009,2.9587,0.0,0.0,0.0,0.0,0.0,20.874
1.000025,10.003,-8.4006,3.5362,0.0,0.0,0.0,0.0,0.0,41.955
1.000016667,10.003,-8.3371,3.5392,0.0,0.0,0.0,0.0,0.0,42.136
1.000025,10.002,-8.5518,3.5412,0.0,0.0,0.0,0.0,0.0,42.148
0.999983333,10.002,-8.2837,3.5478,0.0,0.0,0.0,0.0,0.0,42.139
0.999975,10.003,-8.8401,3.5499,0.0,0.0,0.0,0.0,0.0,42.082
0.999975,10.003,-8.4558,3.5516,0.0,0.0,0.0,0.0,0.0,42.031
0.999975,10.002,-8.3317,3.5532,0.0,0.0,0.0,0.0,0.0,41.986
0.999975,10.003,-9.3882,3.5552,0.0,0.0,0.0,0.0,0.0,41.974
0.999975,10.002,-8.56,3.5564,0.0,0.0,0.0,0.0,0.0,41.941
0.999975,10.002,-8.7851,3.5579,0.0,0.0,0.0,0.0,0.0,41.914
0.999975,10.002,-9.3006,3.5598,0.0,0.0,0.0,0.0,0.0,41.885
0.999975,10.002,-8.484,3.5614,0.0,0.0,0.0,0.0,0.0,41.885
0.999983333,10.002,-8.6244,3.5627,0.0,0.0,0.0,0.0,0.0,41.825
0.999983333,10.002,-8.3917,3.5641,0.0,0.0,0.0,0.0,0.0,41.79
0.999975,10.002,-8.8175,3.5658,0.0,0.0,0.0,0.0,0.0,41.753
0.999983333,10.002,-9.5144,3.567,0.0,0.0,0.0,0.0,0.0,41.694
0.999975,10.002,-9.1052,3.5677,0.0,0.0,0.0,0.0,0.0,41.61
0.999975,10.001,-9.3478,3.5679,0.0,0.0,0.0,0.0,0.0,41.557
0.999975,10.003,-9.4475,3.5694,0.0,0.0,0.0,0.0,0.0,41.566
1.0,10.002,-9.4609,3.5703,0.0,0.0,0.0,0.0,0.0,41.515
0.95,10.002,-9.2947,3.3257,0.0,0.0,0.0,0.0,0.0,36.975
0.95,10.002,-8.463,3.3301,0.0,0.0,0.0,0.0,0.0,38.537
0.95,10.003,-8.4817,3.3322,0.0,0.0,0.0,0.0,0.0,39.078
0.9,10.002,-9.2009,3.3176,0.0,0.0,0.0,0.0,0.0,35.927
0.9,10.003,-9.3521,3.3244,0.0,0.0,0.0,0.0,0.0,37.538
0.9,10.002,-8.6035,3.3273,0.0,0.0,0.0,0.0,0.0,38.032
0.850083333,10.001,-8.4597,3.3104,0.0,0.0,0.0,0.0,0.0,34.829
0.85,10.002,-9.3475,3.3186,0.0,0.0,0.0,0.0,0.0,36.496
0.85,10.002,-8.4216,3.3232,0.0,0.0,0.0,0.0,0.0,37.195
0.85,10.003,-9.5424,3.3259,0.0,0.0,0.0,0.0,0.0,37.609
0.8,10.002,-8.5495,3.302,0.0,0.0,0.0,0.0,0.0,33.375
0.8,10.002,-9.0995,3.3097,0.0,0.0,0.0,0.0,0.0,35.124
0.8,10.002,-8.6189,3.3157,0.0,0.0,0.0,0.0,0.0,36.012
0.8,10.002,-8.4171,3.3197,0.0,0.0,0.0,0.0,0.0,36.422
0.750083333,10.002,-9.1856,3.2935,0.0,0.0,0.0,0.0,0.0,32.401
0.750083333,10.002,-8.5491,3.2989,0.0,0.0,0.0,0.0,0.0,34.196
0.750083333,10.002,-8.479,3.303,0.0,0.0,0.0,0.0,0.0,34.97
0.750083333,10.002,-8.5233,3.3065,0.0,0.0,0.0,0.0,0.0,35.446
0.700083333,10.003,-9.06,3.2858,0.0,0.0,0.0,0.0,0.0,30.996
0.700083333,10.002,-8.83,3.2899,0.0,0.0,0.0,0.0,0.0,32.905
0.7,10.002,-9.3697,3.295,0.0,0.0,0.0,0.0,0.0,33.676
0.7,10.002,-9.0198,3.2969,0.0,0.0,0.0,0.0,0.0,34.135
0.65,10.003,-8.9972,3.2811,0.0,0.0,0.0,0.0,0.0,29.076
0.65,10.003,-9.2043,3.2849,0.0,0.0,0.0,0.0,0.0,31.273
0.65,10.002,-9.3359,3.2894,0.0,0.0,0.0,0.0,0.0,32.234
0.65,10.003,-9.1689,3.291,0.0,0.0,0.0,0.0,0.0,32.777
0.6,10.002,-8.4886,3.2768,0.0,0.0,0.0,0.0,0.0,26.892
0.600083333,10.002,-9.1955,3.2808,0.0,0.0,0.0,0.0,0.0,29.556
0.6,10.002,-8.4394,3.285,0.0,0.0,0.0,0.0,0.0,30.793
0.6,10.002,-8.7053,3.2867,0.0,0.0,0.0,0.0,0.0,31.383
0.6,10.003,-8.8597,3.2883,0.0,0.0,0.0,0.0,0.0,31.714
0.55,10.002,-8.515,3.2727,0.0,0.0,0.0,0.0,0.0,25.164
0.55,10.002,-9.4149,3.2775,0.0,0.0,0.0,0.0,0.0,27.98
0.55,10.002,-9.1282,3.2804,0.0,0.0,0.0,0.0,0.0,29.367
0.549916667,10.002,-9.1957,3.2841,0.0,0.0,0.0,0.0,0.0,30.432
0.5,10.003,-9.3075,3.2691,0.0,0.0,0.0,0.0,0.0,23.637
0.5,10.002,-8.2533,3.2746,0.0,0.0,0.0,0.0,0.0,26.416
0.499916667,10.002,-7.9343,3.2778,0.0,0.0,0.0,0.0,0.0,28.252
0.499916667,10.002,-8.9528,3.2801,0.0,0.0,0.0,0.0,0.0,29.178
0.45,10.002,-8.3964,3.2651,0.0,0.0,0.0,0.0,0.0,22.078
0.45,10.002,-8.8428,3.2711,0.0,0.0,0.0,0.0,0.0,24.881
0.45,10.002,-9.4678,3.275,0.0,0.0,0.0,0.0,0.0,26.408
0.45,10.002,-8.4699,3.2777,0.0,0.0,0.0,0.0,0.0,27.342
0.45,10.003,-8.242,3.2797,0.0,0.0,0.0,0.0,0.0,27.967
0.45,10.002,-8.9629,3.2811,0.0,0.0,0.0,0.0,0.0,28.388
0.4,10.003,-8.2209,3.2611,0.0,0.0,0.0,0.0,0.0,20.802
0.4,10.002,-9.4434,3.2674,0.0,0.0,0.0,0.0,0.0,23.461
0.4,10.003,-8.9236,3.2718,0.0,0.0,0.0,0.0,0.0,24.943
0.4,10.002,-8.5006,3.2747,0.0,0.0,0.0,0.0,0.0,25.932
0.4,10.003,-8.8097,3.2771,0.0,0.0,0.0,0.0,0.0,26.58
0.4,10.002,-8.9323,3.2786,0.0,0.0,0.0,0.0,0.0,27.021
0.4,10.003,-9.2772,3.2803,0.0,0.0,0.0,0.0,0.0,27.363
0.35,10.003,-9.2385,3.2552,0.0,0.0,0.0,0.0,0.0,19.368
0.35,10.002,-8.8983,3.2622,0.0,0.0,0.0,0.0,0.0,21.781
0.350083333,10.001,-9.3413,3.2666,0.0,0.0,0.0,0.0,0.0,23.307
0.350083333,10.003,-8.6519,3.2699,0.0,0.0,0.0,0.0,0.0,24.27
0.350083333,10.003,-9.4697,3.2726,0.0,0.0,0.0,0.0,0.0,24.971
0.350083333,10.003,-9.1677,3.2746,0.0,0.0,0.0,0.0,0.0,25.435
0.350083333,10.002,-8.5049,3.2764,0.0,0.0,0.0,0.0,0.0,25.812
0.300083333,10.002,-9.1357,3.2467,0.0,0.0,0.0,0.0,0.0,17.94
0.3,10.002,-8.3189,3.254,0.0,0.0,0.0,0.0,0.0,20.061
0.3,10.002,-8.3762,3.2584,0.0,0.0,0.0,0.0,0.0,21.456
0.3,10.002,-8.5947,3.262,0.0,0.0,0.0,0.0,0.0,22.447
0.300083333,10.002,-9.41,3.2643,0.0,0.0,0.0,0.0,0.0,23.114
0.3,10.002,-9.5149,3.2665,0.0,0.0,0.0,0.0,0.0,23.646
0.3,10.002,-8.8979,3.2682,0.0,0.0,0.0,0.0,0.0,24.023
0.250083333,10.002,-8.4194,3.2333,0.0,0.0,0.0,0.0,0.0,16.492
0.25,10.003,-9.485,3.2405,0.0,0.0,0.0,0.0,0.0,18.358
0.25,10.002,-8.6841,3.245,0.0,0.0,0.0,0.0,0.0,19.635
0.250083333,10.003,-8.1981,3.2484,0.0,0.0,0.0,0.0,0.0,20.582
0.25,10.002,-8.266,3.2506,0.0,0.0,0.0,0.0,0.0,21.28
0.250083333,10.003,-9.3021,3.2527,0.0,0.0,0.0,0.0,0.0,21.783
0.250083333,10.003,-9.4319,3.2544,0.0,0.0,0.0,0.0,0.0,22.196
0.25,10.003,-8.9332,3.2558,0.0,0.0,0.0,0.0,0.0,22.504
0.200083333,10.002,-8.3872,3.2125,0.0,0.0,0.0,0.0,0.0,14.944
0.200083333,10.003,-8.3647,3.22,0.0,0.0,0.0,0.0,0.0,16.452
0.200083333,10.002,-9.4352,3.225,0.0,0.0,0.0,0.0,0.0,17.625
0.200083333,10.002,-8.5116,3.2281,0.0,0.0,0.0,0.0,0.0,18.484
0.200083333,10.003,-9.0478,3.2305,0.0,0.0,0.0,0.0,0.0,19.119
0.200083333,10.002,-8.4175,3.2326,0.0,0.0,0.0,0.0,0.0,19.68
0.200083333,10.002,-8.3775,3.2342,0.0,0.0,0.0,0.0,0.0,20.066
0.200083333,10.004,-8.344,3.2356,0.0,0.0,0.0,0.0,0.0,20.378
0.150083333,10.002,-9.0947,3.1874,0.0,0.0,0.0,0.0,0.0,13.359
0.150083333,10.003,-9.4719,3.1951,0.0,0.0,0.0,0.0,0.0,14.492
0.150083333,10.002,-9.0819,3.1999,0.0,0.0,0.0,0.0,0.0,15.473
0.150083333,10.003,-8.541,3.2021,0.0,0.0,0.0,0.0,0.0,16.356
0.150083333,10.002,-9.4685,3.2042,0.0,0.0,0.0,0.0,0.0,16.961
0.150083333,10.002,-9.4913,3.2061,0.0,0.0,0.0,0.0,0.0,17.413
0.150083333,10.002,-9.453,3.2077,0.0,0.0,0.0,0.0,0.0,17.737
0.100083333,10.003,-8.4616,3.1493,0.0,0.0,0.0,0.0,0.0,11.3
0.100166667,10.003,-9.6827,3.1707,0.0,0.0,0.0,0.0,0.0,12.197
0.100083333,10.004,-8.4043,3.1796,0.0,0.0,0.0,0.0,0.0,13.029
0.100166667,10.002,-8.6233,3.1851,0.0,0.0,0.0,0.0,0.0,13.741
0.100083333,10.003,-8.5506,3.1886,0.0,0.0,0.0,0.0,0.0,14.324
0.100166667,10.003,-8.6271,3.1913,0.0,0.0,0.0,0.0,0.0,14.784
0.100083333,10.003,-9.3634,3.1937,0.0,0.0,0.0,0.0,0.0,15.136
0.100083333,10.005,-8.4937,3.1952,0.0,0.0,0.0,0.0,0.0,15.436
0.050083333,10.002,-9.3427,2.9394,0.0,0.0,0.0,0.0,0.0,6.6586
0.050166667,10.003,-9.279,3.0153,0.0,0.0,0.0,0.0,0.0,7.9006
0.050083333,10.002,-8.3623,3.0421,0.0,0.0,0.0,0.0,0.0,8.8582
0.050083333,10.003,-9.0326,3.0556,0.0,0.0,0.0,0.0,0.0,9.4612
0.050083333,10.004,-8.8848,3.0652,0.0,0.0,0.0,0.0,0.0,9.861
0.050083333,10.003,-8.3938,3.0721,0.0,0.0,0.0,0.0,0.0,10.166
0.050083333,10.003,-8.8766,3.0776,0.0,0.0,0.0,0.0,0.0,10.451
0.050083333,10.003,-8.6133,3.0823,0.0,0.0,0.0,0.0,0.0,10.673
0.050083333,10.003,-9.1944,3.0861,0.0,0.0,0.0,0.0,0.0,10.865
1.000016667,10.004,-19.179,3.4659,0.0,0.0,0.0,0.0,0.0,24.208
1.000025,10.002,-18.841,3.4672,0.0,0.0,0.0,0.0,0.0,24.664
0.950033333,10.004,-19.14,3.3157,0.0,0.0,0.0,0.0,0.0,21.528
0.950033333,10.003,-18.068,3.3211,0.0,0.0,0.0,0.0,0.0,22.6
0.950033333,10.002,-19.198,3.3239,0.0,0.0,0.0,0.0,0.0,23.137
0.950041667,10.005,-17.934,3.3257,0.0,0.0,0.0,0.0,0.0,23.352
0.900008333,10.002,-18.541,3.3045,0.0,0.0,0.0,0.0,0.0,20.859
0.900016667,10.005,-17.899,3.3112,0.0,0.0,0.0,0.0,0.0,21.822
0.900008333,10.002,-18.995,3.3155,0.0,0.0,0.0,0.0,0.0,22.413
0.900016667,10.003,-17.883,3.3186,0.0,0.0,0.0,0.0,0.0,22.641
0.899975,10.003,-18.008,3.3207,0.0,0.0,0.0,0.0,0.0,22.889
0.899975,10.002,-18.526,3.322,0.0,0.0,0.0,0.0,0.0,23.091
0.849983333,10.003,-18.754,3.2963,0.0,0.0,0.0,0.0,0.0,20.087
0.849983333,10.004,-18.782,3.3029,0.0,0.0,0.0,0.0,0.0,21.038
0.849983333,10.003,-18.719,3.3076,0.0,0.0,0.0,0.0,0.0,21.588
0.849983333,10.003,-18.102,3.3114,0.0,0.0,0.0,0.0,0.0,21.936
0.8,10.004,-18.153,3.2883,0.0,0.0,0.0,0.0,0.0,18.781
0.800008333,10.004,-17.963,3.2947,0.0,0.0,0.0,0.0,0.0,19.893
0.800008333,10.003,-19.014,3.299,0.0,0.0,0.0,0.0,0.0,20.595
0.800008333,10.004,-19.119,3.3024,0.0,0.0,0.0,0.0,0.0,21.045
0.750025,10.003,-17.91,3.2814,0.0,0.0,0.0,0.0,0.0,17.952
0.750041667,10.001,-18.709,3.2872,0.0,0.0,0.0,0.0,0.0,19.072
0.750058333,10.001,-18.507,3.2907,0.0,0.0,0.0,0.0,0.0,19.839
0.750058333,10.003,-17.895,3.2936,0.0,0.0,0.0,0.0,0.0,20.301
0.750025,10.003,-19.088,3.296,0.0,0.0,0.0,0.0,0.0,20.64
0.7,10.003,-18.545,3.2751,0.0,0.0,0.0,0.0,0.0,16.899
0.700025,10.003,-17.841,3.2806,0.0,0.0,0.0,0.0,0.0,18.044
0.7,10.003,-19.11,3.2839,0.0,0.0,0.0,0.0,0.0,18.83
0.7,10.003,-18.039,3.2864,0.0,0.0,0.0,0.0,0.0,19.266
0.7,10.002,-18.827,3.2883,0.0,0.0,0.0,0.0,0.0,19.623
0.7,10.005,-18.067,3.2912,0.0,0.0,0.0,0.0,0.0,19.923
0.7,10.005,-17.99,3.2925,0.0,0.0,0.0,0.0,0.0,20.17
0.65,10.003,-18.486,3.2698,0.0,0.0,0.0,0.0,0.0,16.011
0.65,10.002,-18.241,3.2753,0.0,0.0,0.0,0.0,0.0,17.131
0.650083333,10.004,-18.591,3.2788,0.0,0.0,0.0,0.0,0.0,17.897
0.65,10.003,-18.107,3.2811,0.0,0.0,0.0,0.0,0.0,18.459
0.65,10.002,-18.33,3.284,0.0,0.0,0.0,0.0,0.0,18.895
0.65,10.003,-18.277,3.2853,0.0,0.0,0.0,0.0,0.0,19.215
0.65,10.002,-18.874,3.2865,0.0,0.0,0.0,0.0,0.0,19.453
0.6,10.003,-19.178,3.2647,0.0,0.0,0.0,0.0,0.0,15.035
0.6,10.003,-19.051,3.271,0.0,0.0,0.0,0.0,0.0,16.14
0.599916667,10.003,-18.057,3.2745,0.0,0.0,0.0,0.0,0.0,16.932
0.6,10.001,-18.478,3.277,0.0,0.0,0.0,0.0,0.0,17.516
0.6,10.004,-18.362,3.2789,0.0,0.0,0.0,0.0,0.0,17.92
0.6,10.002,-18.431,3.2804,0.0,0.0,0.0,0.0,0.0,18.239
0.599916667,10.001,-18.229,3.2827,0.0,0.0,0.0,0.0,0.0,18.499
0.6,10.001,-17.857,3.2836,0.0,0.0,0.0,0.0,0.0,18.695
0.549916667,10.003,-19.036,3.2599,0.0,0.0,0.0,0.0,0.0,14.113
0.549916667,10.003,-17.915,3.2669,0.0,0.0,0.0,0.0,0.0,15.138
0.549916667,10.003,-18.507,3.2707,0.0,0.0,0.0,0.0,0.0,15.946
0.549916667,10.004,-18.314,3.2736,0.0,0.0,0.0,0.0,0.0,16.523
0.549916667,10.002,-19.21,3.2755,0.0,0.0,0.0,0.0,0.0,16.981
0.549916667,10.003,-18.261,3.277,0.0,0.0,0.0,0.0,0.0,17.319
0.549916667,10.002,-18.501,3.2796,0.0,0.0,0.0,0.0,0.0,17.586
0.549916667,10.002,-18.948,3.2806,0.0,0.0,0.0,0.0,0.0,17.805
0.549916667,10.003,-18.912,3.2813,0.0,0.0,0.0,0.0,0.0,18.01
0.499916667,10.003,-18.943,3.255,0.0,0.0,0.0,0.0,0.0,13.362
0.5,10.003,-17.976,3.2633,0.0,0.0,0.0,0.0,0.0,14.31
0.499916667,10.003,-19.046,3.2676,0.0,0.0,0.0,0.0,0.0,15.069
0.5,10.003,-18.821,3.2706,0.0,0.0,0.0,0.0,0.0,15.651
0.499916667,10.003,-18.431,3.2728,0.0,0.0,0.0,0.0,0.0,16.106
0.5,10.005,-19.055,3.2744,0.0,0.0,0.0,0.0,0.0,16.334
0.499833333,10.003,-18.19,3.2773,0.0,0.0,0.0,0.0,0.0,16.637
0.499916667,10.004,-17.947,3.2784,0.0,0.0,0.0,0.0,0.0,16.894
0.499916667,10.003,-18.922,3.2792,0.0,0.0,0.0,0.0,0.0,17.098
0.449916667,10.004,-18.188,3.2489,0.0,0.0,0.0,0.0,0.0,12.409
0.449916667,10.005,-17.914,3.2587,0.0,0.0,0.0,0.0,0.0,13.215
0.449916667,10.004,-16.912,3.264,0.0,0.0,0.0,0.0,0.0,13.933
0.449916667,10.003,-17.269,3.2686,0.0,0.0,0.0,0.0,0.0,15.255
0.449833333,10.003,-18.126,3.2712,0.0,0.0,0.0,0.0,0.0,16.153
0.399916667,10.002,-17.339,3.2438,0.0,0.0,0.0,0.0,0.0,12.15
0.399833333,10.002,-18.73,3.2548,0.0,0.0,0.0,0.0,0.0,13.01
0.399833333,10.003,-17.628,3.2605,0.0,0.0,0.0,0.0,0.0,13.42
0.399916667,10.002,-18.676,3.2642,0.0,0.0,0.0,0.0,0.0,13.837
0.399833333,10.002,-19.095,3.2669,0.0,0.0,0.0,0.0,0.0,14.095
0.399916667,10.003,-18.574,3.2691,0.0,0.0,0.0,0.0,0.0,14.319
0.399916667,10.003,-18.511,3.2707,0.0,0.0,0.0,0.0,0.0,14.596
0.399916667,10.003,-19.072,3.272,0.0,0.0,0.0,0.0,0.0,14.902
0.349916667,10.002,-18.044,3.2319,0.0,0.0,0.0,0.0,0.0,10.87
0.349916667,10.003,-18.352,3.2455,0.0,0.0,0.0,0.0,0.0,11.363
0.349916667,10.002,-18.948,3.2525,0.0,0.0,0.0,0.0,0.0,11.886
0.349916667,10.002,-19.095,3.2572,0.0,0.0,0.0,0.0,0.0,12.382
0.349916667,10.003,-18.667,3.2604,0.0,0.0,0.0,0.0,0.0,12.806
0.349833333,10.003,-19.425,3.2632,0.0,0.0,0.0,0.0,0.0,13.26
0.299916667,10.004,-18.242,3.2164,0.0,0.0,0.0,0.0,0.0,10.079
0.299916667,10.001,-18.219,3.2332,0.0,0.0,0.0,0.0,0.0,10.459
0.299916667,10.004,-18.397,3.2415,0.0,0.0,0.0,0.0,0.0,10.919
0.299916667,10.003,-18.701,3.2468,0.0,0.0,0.0,0.0,0.0,11.363
0.299916667,10.005,-18.563,3.2509,0.0,0.0,0.0,0.0,0.0,11.735
0.299916667,10.002,-19.04,3.2539,0.0,0.0,0.0,0.0,0.0,12.047
0.299916667,10.003,-18.111,3.2564,0.0,0.0,0.0,0.0,0.0,12.328
0.299916667,10.003,-18.949,3.2585,0.0,0.0,0.0,0.0,0.0,12.609
0.299916667,10.002,-18.831,3.2603,0.0,0.0,0.0,0.0,0.0,12.857
0.299916667,10.003,-18.794,3.2618,0.0,0.0,0.0,0.0,0.0,13.036
0.299916667,10.003,-18.57,3.2633,0.0,0.0,0.0,0.0,0.0,13.226
0.25,10.003,-19.008,3.1932,0.0,0.0,0.0,0.0,0.0,8.8805
0.249916667,10.001,-18.244,3.2163,0.0,0.0,0.0,0.0,0.0,9.3327
0.25,10.003,-19.109,3.2248,0.0,0.0,0.0,0.0,0.0,9.8288
0.25,10.003,-17.381,3.2309,0.0,0.0,0.0,0.0,0.0,10.288
0.249916667,10.003,-17.65,3.2355,0.0,0.0,0.0,0.0,0.0,10.775
0.249916667,10.002,-18.384,3.2393,0.0,0.0,0.0,0.0,0.0,11.159
0.249916667,10.001,-18.945,3.2422,0.0,0.0,0.0,0.0,0.0,11.354
0.249916667,10.002,-19.261,3.2443,0.0,0.0,0.0,0.0,0.0,11.536
0.2,10.001,-18.783,3.1268,0.0,0.0,0.0,0.0,0.0,6.7893
0.199916667,10.002,-18.929,3.1836,0.0,0.0,0.0,0.0,0.0,7.7806
0.199916667,10.003,-18.665,3.1978,0.0,0.0,0.0,0.0,0.0,8.497
0.199916667,10.003,-18.587,3.2078,0.0,0.0,0.0,0.0,0.0,9.0779
0.2,10.002,-19.152,3.2113,0.0,0.0,0.0,0.0,0.0,9.4721
0.2,10.003,-18.936,3.2152,0.0,0.0,0.0,0.0,0.0,9.8177
0.199916667,10.003,-19.356,3.2187,0.0,0.0,0.0,0.0,0.0,10.077
0.199916667,10.002,-18.192,3.2211,0.0,0.0,0.0,0.0,0.0,10.297
0.2,10.002,-19.262,3.2232,0.0,0.0,0.0,0.0,0.0,10.52
1.000025,9.911,-8.246,3.512,0.0,0.0,0.0,0.0,0.0,44.26
1.000025,9.982,-9.2811,3.5074,0.0,0.0,0.0,0.0,0.0,43.497
1.000016667,10.688,-9.0184,3.5069,0.0,0.0,0.0,0.0,0.0,42.841
1.000016667,11.351,-9.2156,3.5079,0.0,0.0,0.0,0.0,0.0,42.235
0.999975,12.591,-8.3252,3.5142,0.0,0.0,0.0,0.0,0.0,41.636
0.999975,13.69,-8.2536,3.515,0.0,0.0,0.0,0.0,0.0,40.919
0.999975,14.716,-8.3749,3.5169,0.0,0.0,0.0,0.0,0.0,40.268
0.999975,15.746,-8.3181,3.5171,0.0,0.0,0.0,0.0,0.0,39.583
0.999975,17.51,-8.4486,3.5157,0.0,0.0,0.0,0.0,0.0,38.871
0.999975,18.915,-8.8751,3.5156,0.0,0.0,0.0,0.0,0.0,38.22
0.999975,21.07,-8.0908,3.5145,0.0,0.0,0.0,0.0,0.0,37.567
0.999975,22.788,-8.6546,3.5144,0.0,0.0,0.0,0.0,0.0,36.951
1.0,25.414,-8.6091,3.5111,0.0,0.0,0.0,0.0,0.0,36.284
1.0,28.551,-8.4228,3.511,0.0,0.0,0.0,0.0,0.0,35.683
1.0,30.003,-9.3215,3.5095,0.0,0.0,0.0,0.0,0.0,35.101
1.0,30.003,-9.2291,3.5069,0.0,0.0,0.0,0.0,0.0,34.683
0.999916667,30.003,-8.1567,3.5032,0.0,0.0,0.0,0.0,0.0,34.436
1.0,30.003,-9.1759,3.4977,0.0,0.0,0.0,0.0,0.0,34.204
1.0,30.004,-8.2264,3.4939,0.0,0.0,0.0,0.0,0.0,34.186
1.0,30.0,-8.9903,3.4903,0.0,0.0,0.0,0.0,0.0,34.042
0.95,29.593,-9.0932,3.3266,0.0,0.0,0.0,0.0,0.0,34.262
0.95,30.004,-8.1405,3.3288,0.0,0.0,0.0,0.0,0.0,33.075
0.95,30.002,-8.8195,3.3294,0.0,0.0,0.0,0.0,0.0,32.644
0.95,30.003,-8.8975,3.33,0.0,0.0,0.0,0.0,0.0,32.359
0.9,25.755,-8.1796,3.3219,0.0,0.0,0.0,0.0,0.0,33.856
0.9,29.403,-8.5484,3.3249,0.0,0.0,0.0,0.0,0.0,32.659
0.9,30.003,-9.2947,3.3269,0.0,0.0,0.0,0.0,0.0,31.512
0.9,30.002,-8.7808,3.328,0.0,0.0,0.0,0.0,0.0,31.197
0.85,26.98,-8.2259,3.3161,0.0,0.0,0.0,0.0,0.0,32.501
0.85,30.004,-8.2665,3.3204,0.0,0.0,0.0,0.0,0.0,31.402
0.850083333,30.003,-9.0089,3.3236,0.0,0.0,0.0,0.0,0.0,30.511
0.85,30.003,-8.1695,3.3251,0.0,0.0,0.0,0.0,0.0,30.391
0.8,28.365,-9.1926,3.3089,0.0,0.0,0.0,0.0,0.0,31.118
0.800083333,30.001,-8.2082,3.3141,0.0,0.0,0.0,0.0,0.0,30.124
0.800083333,30.003,-8.1122,3.3175,0.0,0.0,0.0,0.0,0.0,29.57
0.8,30.002,-9.1539,3.3195,0.0,0.0,0.0,0.0,0.0,29.492
0.75,29.266,-9.2223,3.3003,0.0,0.0,0.0,0.0,0.0,29.752
0.750083333,30.001,-8.8496,3.3052,0.0,0.0,0.0,0.0,0.0,28.846
0.750083333,30.004,-8.6106,3.3079,0.0,0.0,0.0,0.0,0.0,28.475
0.750083333,30.003,-8.6823,3.3098,0.0,0.0,0.0,0.0,0.0,28.454
0.750083333,30.003,-8.1124,3.3113,0.0,0.0,0.0,0.0,0.0,28.508
0.750083333,30.003,-8.481,3.3129,0.0,0.0,0.0,0.0,0.0,28.56
0.700083333,29.921,-8.6603,3.2923,0.0,0.0,0.0,0.0,0.0,28.299
0.700083333,30.003,-8.7382,3.2962,0.0,0.0,0.0,0.0,0.0,27.4
0.700083333,30.003,-8.1117,3.2979,0.0,0.0,0.0,0.0,0.0,27.018
0.650083333,30.003,-9.1056,3.2865,0.0,0.0,0.0,0.0,0.0,25.645
0.650083333,30.004,-9.1889,3.2892,0.0,0.0,0.0,0.0,0.0,25.635
0.650083333,30.004,-8.5054,3.291,0.0,0.0,0.0,0.0,0.0,25.469
0.650083333,30.003,-9.3051,3.292,0.0,0.0,0.0,0.0,0.0,25.355
0.650083333,30.004,-8.481,3.2931,0.0,0.0,0.0,0.0,0.0,25.289
0.600083333,30.005,-8.148,3.2833,0.0,0.0,0.0,0.0,0.0,22.204
0.60025,30.002,-8.5738,3.285,0.0,0.0,0.0,0.0,0.0,23.809
0.600416667,30.003,-8.1077,3.2869,0.0,0.0,0.0,0.0,0.0,23.444
0.600083333,30.003,-7.9286,3.2942,0.0,0.0,0.0,0.0,0.0,24.525
0.550416667,30.002,-8.4656,3.2808,0.0,0.0,0.0,0.0,0.0,18.911
0.55,30.003,-8.7975,3.2823,0.0,0.0,0.0,0.0,0.0,21.917
0.5,30.004,-8.0998,3.2772,0.0,0.0,0.0,0.0,0.0,17.24
0.500833333,30.003,-8.5183,3.2789,0.0,0.0,0.0,0.0,0.0,20.534
0.5,30.001,-9.3568,3.2819,0.0,0.0,0.0,0.0,0.0,21.099
0.5,30.001,-9.3358,3.2838,0.0,0.0,0.0,0.0,0.0,21.481
0.45,30.001,-7.5476,3.2733,0.0,0.0,0.0,0.0,0.0,15.884
0.450833333,30.003,-8.2675,3.2757,0.0,0.0,0.0,0.0,0.0,19.284
0.45,30.003,-8.817,3.2858,0.0,0.0,0.0,0.0,0.0,20.048
0.45,30.002,-9.1457,3.2878,0.0,0.0,0.0,0.0,0.0,20.367
0.450833333,30.001,-9.2242,3.2893,0.0,0.0,0.0,0.0,0.0,20.673
0.4,30.002,-9.1649,3.2687,0.0,0.0,0.0,0.0,0.0,13.854
0.4,30.003,-8.8931,3.2714,0.0,0.0,0.0,0.0,0.0,17.721
0.4,30.004,-8.2908,3.2758,0.0,0.0,0.0,0.0,0.0,18.539
0.4,30.003,-8.289,3.2788,0.0,0.0,0.0,0.0,0.0,19.032
0.4,30.003,-8.9032,3.2809,0.0,0.0,0.0,0.0,0.0,19.366
0.350833333,30.003,-8.6464,3.2646,0.0,0.0,0.0,0.0,0.0,13.031
0.35,30.003,-8.3797,3.2671,0.0,0.0,0.0,0.0,0.0,16.464
0.35,30.002,-9.1218,3.2715,0.0,0.0,0.0,0.0,0.0,17.271
0.35,30.003,-8.0741,3.2746,0.0,0.0,0.0,0.0,0.0,17.76
0.35,30.003,-8.5283,3.2769,0.0,0.0,0.0,0.0,0.0,18.144
0.35,30.002,-9.1783,3.2788,0.0,0.0,0.0,0.0,0.0,18.478
0.3,30.001,-8.1461,3.2573,0.0,0.0,0.0,0.0,0.0,11.564
0.3,30.002,-8.3621,3.2601,0.0,0.0,0.0,0.0,0.0,15.0
0.3,30.004,-8.3496,3.2643,0.0,0.0,0.0,0.0,0.0,15.777
0.3,30.003,-8.5924,3.2674,0.0,0.0,0.0,0.0,0.0,16.285
0.3,30.003,-8.2255,3.2693,0.0,0.0,0.0,0.0,0.0,16.678
0.300833333,30.003,-9.2248,3.271,0.0,0.0,0.0,0.0,0.0,16.999
0.25,30.003,-8.8132,3.2422,0.0,0.0,0.0,0.0,0.0,9.7538
0.25,30.002,-8.3821,3.246,0.0,0.0,0.0,0.0,0.0,13.026
0.25,30.003,-7.8611,3.2506,0.0,0.0,0.0,0.0,0.0,14.064
0.25,30.003,-7.2802,3.2534,0.0,0.0,0.0,0.0,0.0,14.973
0.25,30.003,-8.4887,3.257,0.0,0.0,0.0,0.0,0.0,15.533
0.250833333,30.002,-8.0978,3.2583,0.0,0.0,0.0,0.0,0.0,15.365
0.25,30.001,-7.9363,3.2592,0.0,0.0,0.0,0.0,0.0,15.765
0.25,30.002,-8.1399,3.2602,0.0,0.0,0.0,0.0,0.0,16.097
0.2,30.002,-8.8507,3.2213,0.0,0.0,0.0,0.0,0.0,8.5207
0.2,30.003,-9.835,3.2249,0.0,0.0,0.0,0.0,0.0,11.07
0.2,30.003,-9.5012,3.23,0.0,0.0,0.0,0.0,0.0,11.851
0.2,30.002,-9.62,3.232,0.0,0.0,0.0,0.0,0.0,12.331
0.2,30.002,-9.6143,3.2359,0.0,0.0,0.0,0.0,0.0,12.813
0.150833333,30.002,-9.5221,3.1957,0.0,0.0,0.0,0.0,0.0,7.4074
0.15,30.002,-8.3353,3.1991,0.0,0.0,0.0,0.0,0.0,8.8041
0.15,30.002,-8.4991,3.2049,0.0,0.0,0.0,0.0,0.0,9.744
0.15,30.004,-8.5261,3.2077,0.0,0.0,0.0,0.0,0.0,10.258
0.15,30.002,-9.1525,3.209,0.0,0.0,0.0,0.0,0.0,10.649
0.15,30.002,-8.5681,3.2107,0.0,0.0,0.0,0.0,0.0,10.954
0.1,30.003,-8.3663,3.166,0.0,0.0,0.0,0.0,0.0,6.4701
0.100833333,30.002,-8.0396,3.1789,0.0,0.0,0.0,0.0,0.0,7.0934
0.100833333,30.002,-8.544,3.1855,0.0,0.0,0.0,0.0,0.0,7.6522
0.1,30.002,-8.3434,3.1899,0.0,0.0,0.0,0.0,0.0,8.1069
0.1,30.001,-8.0201,3.1928,0.0,0.0,0.0,0.0,0.0,8.4809
0.1,30.002,-8.6698,3.1954,0.0,0.0,0.0,0.0,0.0,8.8024
0.1,30.003,-8.1853,3.1973,0.0,0.0,0.0,0.0,0.0,9.0678
0.1,30.003,-8.1122,3.199,0.0,0.0,0.0,0.0,0.0,9.2862
0.05,30.004,-8.894,2.9664,0.0,0.0,0.0,0.0,0.0,4.7337
0.05,30.001,-8.2053,3.0234,0.0,0.0,0.0,0.0,0.0,4.7654
0.05,30.002,-9.2314,3.0501,0.0,0.0,0.0,0.0,0.0,5.002
0.05,30.002,-8.7363,3.0603,0.0,0.0,0.0,0.0,0.0,5.228
0.05,30.005,-8.949,3.0673,0.0,0.0,0.0,0.0,0.0,5.4426
0.05,30.002,-8.2741,3.0724,0.0,0.0,0.0,0.0,0.0,5.6161
0.05,30.003,-8.2426,3.0765,0.0,0.0,0.0,0.0,0.0,5.7533
0.05,30.003,-8.1763,3.0801,0.0,0.0,0.0,0.0,0.0,5.8688
0.05,30.002,-8.3601,3.0831,0.0,0.0,0.0,0.0,0.0,5.978
0.05,30.003,-9.2788,3.0857,0.0,0.0,0.0,0.0,0.0,6.0786
1.000025,30.003,40.754,3.4044,0.0,0.0,0.0,0.0,0.0,81.174
0.950041667,30.002,40.781,3.3375,0.0,0.0,0.0,0.0,0.0,81.093
0.900083333,30.002,40.579,3.338,0.0,0.0,0.0,0.0,0.0,80.713
0.850083333,30.002,40.178,3.338,0.0,0.0,0.0,0.0,0.0,80.334
0.800083333,30.002,40.9,3.3379,0.0,0.0,0.0,0.0,0.0,79.908
0.750083333,30.002,40.191,3.3368,0.0,0.0,0.0,0.0,0.0,79.164
0.750083333,30.003,40.381,3.3373,0.0,0.0,0.0,0.0,0.0,78.683
0.700083333,30.002,40.896,3.3117,0.0,0.0,0.0,0.0,0.0,78.243
0.700083333,30.003,40.662,3.3117,0.0,0.0,0.0,0.0,0.0,78.479
0.650083333,30.002,40.351,3.3045,0.0,0.0,0.0,0.0,0.0,77.238
0.600083333,30.004,40.913,3.3028,0.0,0.0,0.0,0.0,0.0,76.077
0.550083333,30.002,40.999,3.3018,0.0,0.0,0.0,0.0,0.0,75.112
0.550083333,30.002,40.937,3.3024,0.0,0.0,0.0,0.0,0.0,76.064
0.500083333,30.001,40.928,3.301,0.0,0.0,0.0,0.0,0.0,74.341
0.500083333,30.002,40.957,3.3016,0.0,0.0,0.0,0.0,0.0,75.274
0.45,30.002,40.05,3.3006,0.0,0.0,0.0,0.0,0.0,72.996
0.45,30.003,40.825,3.3013,0.0,0.0,0.0,0.0,0.0,74.099
0.4,30.003,40.846,3.2997,0.0,0.0,0.0,0.0,0.0,70.795
0.4,30.002,40.405,3.3006,0.0,0.0,0.0,0.0,0.0,72.301
0.35,30.002,40.394,3.2961,0.0,0.0,0.0,0.0,0.0,67.818
0.349666667,30.003,40.13,3.2969,0.0,0.0,0.0,0.0,0.0,69.71
0.300166667,30.001,40.649,3.2819,0.0,0.0,0.0,0.0,0.0,62.825
0.3,30.002,40.073,3.2827,0.0,0.0,0.0,0.0,0.0,67.729
0.3,30.002,40.267,3.2944,0.0,0.0,0.0,0.0,0.0,66.452
0.25,30.003,40.376,3.2651,0.0,0.0,0.0,0.0,0.0,47.217
0.25,25.804,40.3,3.2656,0.0,0.0,0.0,0.0,0.0,67.893
0.249166667,29.2,41.199,3.2757,0.0,0.0,0.0,0.0,0.0,64.285
0.25,30.001,41.134,3.2762,0.0,0.0,0.0,0.0,0.0,61.453
0.2,30.003,40.226,3.2419,0.0,0.0,0.0,0.0,0.0,23.977
0.2,18.925,40.249,3.2416,0.0,0.0,0.0,0.0,0.0,69.559
0.199166667,21.948,41.212,3.2519,0.0,0.0,0.0,0.0,0.0,64.96
0.199166667,24.146,40.475,3.2524,0.0,0.0,0.0,0.0,0.0,61.943
0.2,26.528,40.349,3.2526,0.0,0.0,0.0,0.0,0.0,59.046
0.199166667,29.029,40.229,3.2528,0.0,0.0,0.0,0.0,0.0,56.295
0.2,30.001,40.739,3.253,0.0,0.0,0.0,0.0,0.0,53.669
0.149166667,30.003,40.963,3.2118,0.0,0.0,0.0,0.0,0.0,4.6812
0.15,14.504,40.778,3.2109,0.0,0.0,0.0,0.0,0.0,68.305
0.15,16.629,40.909,3.2245,0.0,0.0,0.0,0.0,0.0,64.328
0.15,18.315,41.031,3.2252,0.0,0.0,0.0,0.0,0.0,61.135
0.15,20.121,41.141,3.2254,0.0,0.0,0.0,0.0,0.0,58.119
0.15,22.056,40.892,3.2256,0.0,0.0,0.0,0.0,0.0,55.24
0.15,24.084,40.77,3.226,0.0,0.0,0.0,0.0,0.0,52.493
0.15,26.243,40.973,3.2261,0.0,0.0,0.0,0.0,0.0,49.892
0.15,28.525,41.091,3.2261,0.0,0.0,0.0,0.0,0.0,47.423
0.15,30.002,41.012,3.2264,0.0,0.0,0.0,0.0,0.0,45.05
0.15,30.003,40.5,3.2264,0.0,0.0,0.0,0.0,0.0,44.423
0.15,30.003,40.343,3.2266,0.0,0.0,0.0,0.0,0.0,45.024
0.15,30.004,41.137,3.2268,0.0,0.0,0.0,0.0,0.0,44.447
0.15,30.002,40.338,3.2273,0.0,0.0,0.0,0.0,0.0,45.094
0.15,30.003,40.339,3.2269,0.0,0.0,0.0,0.0,0.0,44.479
0.15,30.004,40.366,3.2269,0.0,0.0,0.0,0.0,0.0,45.159
0.15,30.004,40.333,3.2268,0.0,0.0,0.0,0.0,0.0,44.445
0.15,30.002,40.378,3.227,0.0,0.0,0.0,0.0,0.0,45.213
0.15,30.002,40.74,3.2274,0.0,0.0,0.0,0.0,0.0,44.467
0.15,30.003,40.343,3.227,0.0,0.0,0.0,0.0,0.0,45.168
0.1,30.003,40.374,3.2039,0.0,0.0,0.0,0.0,0.0,1.2435
0.1,13.367,40.167,3.203,0.0,0.0,0.0,0.0,0.0,56.088
0.1,14.594,40.186,3.213,0.0,0.0,0.0,0.0,0.0,53.645
0.1,15.988,39.971,3.2138,0.0,0.0,0.0,0.0,0.0,50.927
0.1,17.447,44.979,3.2143,0.0,0.0,0.0,0.0,0.0,48.329
0.1,18.968,41.507,3.2147,0.0,0.0,0.0,0.0,0.0,45.907
0.1,20.58,35.862,3.2151,0.0,0.0,0.0,0.0,0.0,43.571
0.1,22.288,40.211,3.2151,0.0,0.0,0.0,0.0,0.0,41.324
0.1,24.073,41.268,3.2154,0.0,0.0,0.0,0.0,0.0,39.22
0.1,25.948,39.916,3.2156,0.0,0.0,0.0,0.0,0.0,37.212
0.099166667,27.918,41.096,3.2156,0.0,0.0,0.0,0.0,0.0,35.315
0.099166667,29.896,42.038,3.2159,0.0,0.0,0.0,0.0,0.0,33.035
0.1,30.004,39.14,3.216,0.0,0.0,0.0,0.0,0.0,32.299
0.099166667,30.003,39.558,3.2161,0.0,0.0,0.0,0.0,0.0,33.309
0.1,30.003,40.957,3.2162,0.0,0.0,0.0,0.0,0.0,32.099
0.1,29.821,43.509,3.2162,0.0,0.0,0.0,0.0,0.0,33.285
0.1,30.002,41.001,3.2162,0.0,0.0,0.0,0.0,0.0,32.379
0.1,30.003,40.635,3.2164,0.0,0.0,0.0,0.0,0.0,33.438
0.1,30.002,40.9,3.2165,0.0,0.0,0.0,0.0,0.0,32.127
0.1,29.791,40.632,3.2164,0.0,0.0,0.0,0.0,0.0,33.813
0.049166667,30.003,40.716,3.0836,0.0,0.0,0.0,0.0,0.0,0.54073
0.049166667,15.997,40.74,3.0864,0.0,0.0,0.0,0.0,0.0,29.7
0.05,17.591,40.129,3.0891,0.0,0.0,0.0,0.0,0.0,27.754
0.05,19.22,40.416,3.0909,0.0,0.0,0.0,0.0,0.0,25.943
0.05,20.936,40.715,3.0921,0.0,0.0,0.0,0.0,0.0,24.239
0.05,22.754,40.108,3.093,0.0,0.0,0.0,0.0,0.0,22.636
0.05,24.693,40.106,3.0938,0.0,0.0,0.0,0.0,0.0,21.149
0.05,26.755,40.614,3.0943,0.0,0.0,0.0,0.0,0.0,19.744
0.05,28.957,40.538,3.0948,0.0,0.0,0.0,0.0,0.0,18.451
0.049166667,30.002,40.645,3.0954,0.0,0.0,0.0,0.0,0.0,17.223
0.05,28.072,40.798,3.0956,0.0,0.0,0.0,0.0,0.0,19.009
0.05,30.002,40.786,3.0958,0.0,0.0,0.0,0.0,0.0,17.74
0.05,30.003,40.652,3.0959,0.0,0.0,0.0,0.0,0.0,17.468
0.05,29.101,40.104,3.096,0.0,0.0,0.0,0.0,0.0,18.441
0.05,30.003,40.65,3.0964,0.0,0.0,0.0,0.0,0.0,17.22
0.049166667,27.788,40.538,3.0962,0.0,0.0,0.0,0.0,0.0,19.227
0.05,30.003,40.78,3.0964,0.0,0.0,0.0,0.0,0.0,17.953
0.05,30.002,40.719,3.0968,0.0,0.0,0.0,0.0,0.0,16.879
0.05,26.52,40.685,3.0967,0.0,0.0,0.0,0.0,0.0,20.063
0.049166667,28.696,40.652,3.0968,0.0,0.0,0.0,0.0,0.0,18.726
1.000025,2.003,25.301,3.5393,0.0,0.0,0.0,0.0,0.0,82.486
0.950033333,2.002,25.108,3.3355,0.0,0.0,0.0,0.0,0.0,81.748
0.90005,2.002,25.053,3.3337,0.0,0.0,0.0,0.0,0.0,81.57
0.850066667,2.003,25.357,3.3321,0.0,0.0,0.0,0.0,0.0,81.495
0.800083333,2.002,26.151,3.3302,0.0,0.0,0.0,0.0,0.0,81.419
0.750108333,2.002,26.157,3.322,0.0,0.0,0.0,0.0,0.0,81.073
0.700116667,2.002,25.984,3.3045,0.0,0.0,0.0,0.0,0.0,80.556
0.650133333,2.001,25.546,3.297,0.0,0.0,0.0,0.0,0.0,80.166
0.600141667,2.005,26.703,3.294,0.0,0.0,0.0,0.0,0.0,79.851
0.550166667,2.002,26.407,3.292,0.0,0.0,0.0,0.0,0.0,79.645
0.5002,2.002,26.244,3.2906,0.0,0.0,0.0,0.0,0.0,79.439
0.450208333,2.003,26.097,3.289,0.0,0.0,0.0,0.0,0.0,79.248
0.40025,2.005,25.266,3.2861,0.0,0.0,0.0,0.0,0.0,78.72
0.350225,2.002,25.559,3.2782,0.0,0.0,0.0,0.0,0.0,78.082
0.30025,2.003,25.259,3.2631,0.0,0.0,0.0,0.0,0.0,77.325
0.250291667,2.003,25.849,3.2493,0.0,0.0,0.0,0.0,0.0,76.356
0.200283333,2.003,25.234,3.2294,0.0,0.0,0.0,0.0,0.0,75.018
0.150275,2.002,25.286,3.2064,0.0,0.0,0.0,0.0,0.0,72.711
0.150258333,2.002,25.852,3.2097,0.0,0.0,0.0,0.0,0.0,73.637
0.100275,2.005,25.718,3.1984,0.0,0.0,0.0,0.0,0.0,69.672
0.100266667,2.004,25.556,3.2026,0.0,0.0,0.0,0.0,0.0,71.629
0.100266667,2.003,26.277,3.2052,0.0,0.0,0.0,0.0,0.0,72.175
0.0502,2.002,25.721,3.0806,0.0,0.0,0.0,0.0,0.0,57.311
0.050216667,2.003,26.695,3.091,0.0,0.0,0.0,0.0,0.0,64.792
0.050233333,2.002,26.014,3.0966,0.0,0.0,0.0,0.0,0.0,65.714
0.000183333,2.004,26.877,2.6621,0.0,0.0,0.0,0.0,0.0,3.0347
0.000233333,2.002,25.977,2.7286,0.0,0.0,0.0,0.0,0.0,24.292
0.000191667,2.002,26.508,2.754,0.0,0.0,0.0,0.0,0.0,23.382
0.000141667,2.004,25.803,2.7718,0.0,0.0,0.0,0.0,0.0,27.993
1.000025,10.003,10.879,3.4278,0.0,0.0,0.0,0.0,0.0,70.706
0.950033333,10.003,11.18,3.3366,0.0,0.0,0.0,0.0,0.0,69.847
0.900058333,10.003,11.339,3.3338,0.0,0.0,0.0,0.0,0.0,69.19
0.850075,10.002,10.777,3.3314,0.0,0.0,0.0,0.0,0.0,68.54
0.800083333,10.004,11.19,3.3284,0.0,0.0,0.0,0.0,0.0,67.85
0.750166667,10.002,11.247,3.322,0.0,0.0,0.0,0.0,0.0,66.901
0.700166667,10.002,11.018,3.3048,0.0,0.0,0.0,0.0,0.0,65.67
0.700166667,10.003,10.537,3.3083,0.0,0.0,0.0,0.0,0.0,66.241
0.650166667,10.002,11.257,3.2948,0.0,0.0,0.0,0.0,0.0,64.688
0.600083333,10.003,10.632,3.2912,0.0,0.0,0.0,0.0,0.0,60.448
0.600166667,10.002,11.0,3.2936,0.0,0.0,0.0,0.0,0.0,63.673
0.550083333,10.003,10.476,3.2891,0.0,0.0,0.0,0.0,0.0,57.147
0.550083333,10.002,11.203,3.2917,0.0,0.0,0.0,0.0,0.0,61.722
0.500083333,10.002,10.528,3.2874,0.0,0.0,0.0,0.0,0.0,53.739
0.5,10.002,11.226,3.2898,0.0,0.0,0.0,0.0,0.0,59.13
0.5,10.003,10.956,3.2935,0.0,0.0,0.0,0.0,0.0,59.871
0.5,10.002,11.385,3.2949,0.0,0.0,0.0,0.0,0.0,60.688
0.450083333,10.002,11.297,3.2853,0.0,0.0,0.0,0.0,0.0,51.121
0.45,10.002,10.659,3.288,0.0,0.0,0.0,0.0,0.0,56.616
0.449916667,10.002,10.621,3.2915,0.0,0.0,0.0,0.0,0.0,57.5
0.45,10.002,11.221,3.2928,0.0,0.0,0.0,0.0,0.0,58.31
0.4,10.003,10.597,3.2831,0.0,0.0,0.0,0.0,0.0,48.13
0.400083333,10.002,10.996,3.2858,0.0,0.0,0.0,0.0,0.0,53.831
0.4,10.002,11.497,3.2895,0.0,0.0,0.0,0.0,0.0,55.023
0.4,10.003,10.621,3.291,0.0,0.0,0.0,0.0,0.0,55.861
0.349916667,10.002,10.805,3.2799,0.0,0.0,0.0,0.0,0.0,44.989
0.349916667,10.002,10.307,3.2832,0.0,0.0,0.0,0.0,0.0,51.003
0.349916667,10.003,11.56,3.2875,0.0,0.0,0.0,0.0,0.0,52.369
0.349916667,10.002,11.719,3.2895,0.0,0.0,0.0,0.0,0.0,53.166
0.299916667,10.003,11.399,3.2723,0.0,0.0,0.0,0.0,0.0,41.182
0.299916667,10.002,11.206,3.2761,0.0,0.0,0.0,0.0,0.0,47.642
0.299916667,10.002,10.914,3.2812,0.0,0.0,0.0,0.0,0.0,49.21
0.299916667,10.003,10.329,3.2831,0.0,0.0,0.0,0.0,0.0,50.081
0.299916667,10.002,10.67,3.2845,0.0,0.0,0.0,0.0,0.0,50.624
0.249916667,10.002,11.327,3.2588,0.0,0.0,0.0,0.0,0.0,36.947
0.25,10.002,10.734,3.2614,0.0,0.0,0.0,0.0,0.0,44.015
0.249916667,10.003,10.762,3.2665,0.0,0.0,0.0,0.0,0.0,45.618
0.249833333,10.002,11.383,3.2681,0.0,0.0,0.0,0.0,0.0,46.489
0.249916667,10.002,10.796,3.2693,0.0,0.0,0.0,0.0,0.0,47.063
0.199916667,10.003,11.273,3.2398,0.0,0.0,0.0,0.0,0.0,31.828
0.199916667,10.002,11.691,3.2424,0.0,0.0,0.0,0.0,0.0,39.933
0.199833333,10.003,11.017,3.2491,0.0,0.0,0.0,0.0,0.0,41.598
0.199833333,10.002,11.444,3.2524,0.0,0.0,0.0,0.0,0.0,42.436
0.199916667,10.002,11.023,3.2513,0.0,0.0,0.0,0.0,0.0,42.937
0.149916667,10.003,10.414,3.2139,0.0,0.0,0.0,0.0,0.0,25.869
0.149916667,10.002,10.591,3.2162,0.0,0.0,0.0,0.0,0.0,35.368
0.149833333,10.003,10.366,3.2228,0.0,0.0,0.0,0.0,0.0,37.075
0.149833333,10.002,10.344,3.225,0.0,0.0,0.0,0.0,0.0,37.858
0.149916667,10.003,10.658,3.2263,0.0,0.0,0.0,0.0,0.0,38.489
0.149833333,10.002,11.041,3.2274,0.0,0.0,0.0,0.0,0.0,38.968
0.099833333,10.003,10.963,3.1989,0.0,0.0,0.0,0.0,0.0,19.964
0.099916667,10.003,10.825,3.2009,0.0,0.0,0.0,0.0,0.0,30.946
0.099833333,10.003,10.709,3.2088,0.0,0.0,0.0,0.0,0.0,32.259
0.099833333,10.002,10.333,3.211,0.0,0.0,0.0,0.0,0.0,33.075
0.099833333,10.002,10.722,3.2123,0.0,0.0,0.0,0.0,0.0,33.718
0.099833333,10.003,11.15,3.2135,0.0,0.0,0.0,0.0,0.0,34.199
0.099833333,10.003,10.912,3.2144,0.0,0.0,0.0,0.0,0.0,34.653
0.099833333,10.002,10.385,3.2151,0.0,0.0,0.0,0.0,0.0,35.033
0.049833333,10.002,11.157,3.1425,0.0,0.0,0.0,0.0,0.0,13.445
0.049916667,10.003,10.988,3.1473,0.0,0.0,0.0,0.0,0.0,22.528
0.049833333,10.002,10.465,3.1518,0.0,0.0,0.0,0.0,0.0,24.204
0.049833333,10.003,10.768,3.1548,0.0,0.0,0.0,0.0,0.0,25.009
0.04975,10.002,10.291,3.1571,0.0,0.0,0.0,0.0,0.0,25.575
0.04975,10.002,11.234,3.1589,0.0,0.0,0.0,0.0,0.0,26.03
0.049833333,10.003,10.223,3.1605,0.0,0.0,0.0,0.0,0.0,26.413
0.049833333,10.002,11.05,3.1621,0.0,0.0,0.0,0.0,0.0,26.729
-0.00025,10.002,10.509,2.8593,0.0,0.0,0.0,0.0,0.0,4.367
-0.000166667,10.002,10.576,2.8802,0.0,0.0,0.0,0.0,0.0,11.042
1.000025,22.318,-19.115,3.5154,0.0,0.0,0.0,0.0,0.0,22.797
1.000025,21.965,-18.084,3.5133,0.0,0.0,0.0,0.0,0.0,22.558
1.000025,22.508,-19.069,3.5118,0.0,0.0,0.0,0.0,0.0,22.346
0.999975,23.702,-17.991,3.5181,0.0,0.0,0.0,0.0,0.0,22.121
0.999975,24.428,-18.947,3.518,0.0,0.0,0.0,0.0,0.0,21.804
0.999983333,26.243,-18.571,3.5166,0.0,0.0,0.0,0.0,0.0,21.486
0.999983333,27.669,-19.015,3.5153,0.0,0.0,0.0,0.0,0.0,21.175
0.999983333,28.894,-17.99,3.5144,0.0,0.0,0.0,0.0,0.0,20.878
0.999975,30.002,-18.932,3.5132,0.0,0.0,0.0,0.0,0.0,20.581
0.999975,30.002,-18.755,3.5114,0.0,0.0,0.0,0.0,0.0,20.345
0.999983333,30.003,-18.535,3.5093,0.0,0.0,0.0,0.0,0.0,20.198
0.999975,30.003,-18.67,3.5064,0.0,0.0,0.0,0.0,0.0,20.058
0.999983333,30.002,-18.822,3.5041,0.0,0.0,0.0,0.0,0.0,20.014
0.999916667,30.001,-18.321,3.5016,0.0,0.0,0.0,0.0,0.0,19.952
1.0,30.002,-18.466,3.4995,0.0,0.0,0.0,0.0,0.0,19.943
1.0,30.002,-18.598,3.4978,0.0,0.0,0.0,0.0,0.0,19.929
1.0,30.002,-17.939,3.4951,0.0,0.0,0.0,0.0,0.0,19.889
1.0,30.003,-17.843,3.4928,0.0,0.0,0.0,0.0,0.0,19.896
0.999916667,30.002,-19.061,3.4908,0.0,0.0,0.0,0.0,0.0,19.884
1.0,30.002,-17.904,3.4885,0.0,0.0,0.0,0.0,0.0,19.81
0.95,30.002,-19.26,3.3155,0.0,0.0,0.0,0.0,0.0,17.412
0.95,30.003,-18.914,3.3184,0.0,0.0,0.0,0.0,0.0,18.187
0.95,30.002,-18.172,3.3206,0.0,0.0,0.0,0.0,0.0,18.508
0.9,30.002,-17.778,3.3078,0.0,0.0,0.0,0.0,0.0,17.543
0.9,30.002,-18.49,3.3122,0.0,0.0,0.0,0.0,0.0,17.998
0.85,30.002,-18.951,3.302,0.0,0.0,0.0,0.0,0.0,17.163
0.85,30.002,-18.124,3.3074,0.0,0.0,0.0,0.0,0.0,17.469
0.8,30.002,-18.039,3.2962,0.0,0.0,0.0,0.0,0.0,16.554
0.750083333,30.003,-18.613,3.2897,0.0,0.0,0.0,0.0,0.0,15.83
0.700083333,30.002,-18.023,3.2837,0.0,0.0,0.0,0.0,0.0,14.807
0.700083333,30.004,-18.733,3.2877,0.0,0.0,0.0,0.0,0.0,15.308
0.700083333,30.003,-18.091,3.2906,0.0,0.0,0.0,0.0,0.0,15.6
0.650083333,30.002,-18.008,3.2787,0.0,0.0,0.0,0.0,0.0,13.28
0.650083333,30.004,-19.069,3.2819,0.0,0.0,0.0,0.0,0.0,14.265
0.650083333,30.003,-18.184,3.2846,0.0,0.0,0.0,0.0,0.0,14.702
0.600166667,30.003,-18.495,3.2737,0.0,0.0,0.0,0.0,0.0,11.949
0.600083333,30.003,-19.03,3.2771,0.0,0.0,0.0,0.0,0.0,13.149
0.600083333,30.003,-17.863,3.2801,0.0,0.0,0.0,0.0,0.0,13.622
0.600083333,30.002,-18.784,3.2821,0.0,0.0,0.0,0.0,0.0,14.048
0.600083333,30.003,-18.933,3.2838,0.0,0.0,0.0,0.0,0.0,14.308
0.550083333,30.002,-18.258,3.2693,0.0,0.0,0.0,0.0,0.0,10.959
0.550083333,30.003,-17.886,3.2734,0.0,0.0,0.0,0.0,0.0,12.243
0.550166667,30.002,-18.003,3.2769,0.0,0.0,0.0,0.0,0.0,12.911
0.550166667,30.003,-18.234,3.2792,0.0,0.0,0.0,0.0,0.0,13.333
0.550166667,30.002,-18.107,3.2812,0.0,0.0,0.0,0.0,0.0,13.586
0.500166667,30.001,-18.07,3.2645,0.0,0.0,0.0,0.0,0.0,10.14
0.500166667,30.003,-17.991,3.2697,0.0,0.0,0.0,0.0,0.0,11.295
0.500083333,30.003,-18.309,3.2736,0.0,0.0,0.0,0.0,0.0,11.979
0.500166667,30.003,-18.355,3.2766,0.0,0.0,0.0,0.0,0.0,12.4
0.500083333,30.002,-18.87,3.2786,0.0,0.0,0.0,0.0,0.0,12.73
0.500166667,30.003,-18.627,3.2803,0.0,0.0,0.0,0.0,0.0,12.969
0.450166667,30.003,-18.097,3.26,0.0,0.0,0.0,0.0,0.0,9.3728
0.450166667,30.004,-19.033,3.2661,0.0,0.0,0.0,0.0,0.0,10.396
0.450166667,30.003,-18.724,3.2706,0.0,0.0,0.0,0.0,0.0,11.01
0.450166667,30.002,-18.912,3.2737,0.0,0.0,0.0,0.0,0.0,11.453
0.450166667,30.003,-18.328,3.2762,0.0,0.0,0.0,0.0,0.0,11.813
0.400166667,30.003,-18.737,3.2544,0.0,0.0,0.0,0.0,0.0,8.691
0.400166667,30.002,-18.823,3.262,0.0,0.0,0.0,0.0,0.0,9.4026
0.400166667,30.003,-18.67,3.2667,0.0,0.0,0.0,0.0,0.0,9.9271
0.400166667,30.003,-18.143,3.2703,0.0,0.0,0.0,0.0,0.0,10.382
0.400166667,30.003,-17.812,3.273,0.0,0.0,0.0,0.0,0.0,10.703
0.400166667,30.003,-18.818,3.2749,0.0,0.0,0.0,0.0,0.0,11.033
0.400166667,30.002,-19.067,3.2768,0.0,0.0,0.0,0.0,0.0,11.244
0.350166667,30.003,-18.803,3.2475,0.0,0.0,0.0,0.0,0.0,8.0185
0.35025,30.002,-18.288,3.2565,0.0,0.0,0.0,0.0,0.0,8.477
0.350166667,30.003,-19.168,3.2622,0.0,0.0,0.0,0.0,0.0,8.9092
0.350166667,30.005,-18.965,3.2656,0.0,0.0,0.0,0.0,0.0,9.2812
0.350166667,30.003,-18.006,3.2683,0.0,0.0,0.0,0.0,0.0,9.6296
0.350166667,30.003,-18.394,3.2706,0.0,0.0,0.0,0.0,0.0,9.897
0.350166667,30.004,-18.99,3.2725,0.0,0.0,0.0,0.0,0.0,10.136
0.350166667,30.004,-18.448,3.2739,0.0,0.0,0.0,0.0,0.0,10.327
0.350166667,30.004,-17.959,3.2753,0.0,0.0,0.0,0.0,0.0,10.517
0.300166667,30.002,-19.158,3.2372,0.0,0.0,0.0,0.0,0.0,7.3976
0.300166667,30.003,-18.241,3.2477,0.0,0.0,0.0,0.0,0.0,7.5916
0.300166667,30.004,-18.995,3.2563,0.0,0.0,0.0,0.0,0.0,7.9036
0.30025,30.001,-19.18,3.258,0.0,0.0,0.0,0.0,0.0,8.1929
0.30025,30.004,-18.072,3.2607,0.0,0.0,0.0,0.0,0.0,8.492
0.300166667,30.003,-18.295,3.2631,0.0,0.0,0.0,0.0,0.0,8.7562
0.30025,30.002,-18.275,3.2648,0.0,0.0,0.0,0.0,0.0,8.981
0.300166667,30.003,-18.586,3.2664,0.0,0.0,0.0,0.0,0.0,9.1775
0.25025,30.004,-18.946,3.2164,0.0,0.0,0.0,0.0,0.0,6.8377
0.250166667,30.004,-18.975,3.2362,0.0,0.0,0.0,0.0,0.0,6.7499
0.200166667,27.926,-19.123,3.1546,0.0,0.0,0.0,0.0,0.0,5.9733
0.20025,30.001,-18.781,3.208,0.0,0.0,0.0,0.0,0.0,5.9078
0.20025,30.002,-18.152,3.2171,0.0,0.0,0.0,0.0,0.0,5.8246
1.000016667,10.002,1.5272,3.4831,0.0,0.0,0.0,0.0,0.0,60.544
1.000016667,10.002,0.40469,3.4825,0.0,0.0,0.0,0.0,0.0,60.57
1.000025,10.002,0.83118,3.4817,0.0,0.0,0.0,0.0,0.0,60.325
0.999975,10.002,0.75752,3.485,0.0,0.0,0.0,0.0,0.0,60.149
0.95,10.003,1.0193,3.3347,0.0,0.0,0.0,0.0,0.0,56.902
0.900016667,10.002,0.60622,3.3303,0.0,0.0,0.0,0.0,0.0,53.83
0.900008333,10.002,1.3718,3.3328,0.0,0.0,0.0,0.0,0.0,55.38
0.849966667,10.003,1.5067,3.327,0.0,0.0,0.0,0.0,0.0,54.556
0.8,10.002,1.4498,3.3226,0.0,0.0,0.0,0.0,0.0,51.186
0.8,10.003,1.2044,3.3278,0.0,0.0,0.0,0.0,0.0,53.064
0.75,10.002,1.5856,3.3146,0.0,0.0,0.0,0.0,0.0,50.414
0.75,10.002,1.0206,3.322,0.0,0.0,0.0,0.0,0.0,52.016
0.7,10.002,1.6348,3.2998,0.0,0.0,0.0,0.0,0.0,48.746
0.699916667,10.003,1.6825,3.304,0.0,0.0,0.0,0.0,0.0,50.466
0.649916667,10.002,1.2205,3.2902,0.0,0.0,0.0,0.0,0.0,46.219
0.649916667,10.002,0.87608,3.2929,0.0,0.0,0.0,0.0,0.0,48.474
0.599833333,10.003,0.88675,3.2861,0.0,0.0,0.0,0.0,0.0,42.619
0.599916667,10.002,1.6366,3.2889,0.0,0.0,0.0,0.0,0.0,46.182
0.599916667,10.003,1.6636,3.2936,0.0,0.0,0.0,0.0,0.0,46.913
0.599833333,10.001,1.1559,3.2949,0.0,0.0,0.0,0.0,0.0,47.438
0.549833333,10.003,0.99754,3.2834,0.0,0.0,0.0,0.0,0.0,39.78
0.549916667,10.003,1.6764,3.2864,0.0,0.0,0.0,0.0,0.0,44.041
0.549833333,10.002,1.9178,3.2905,0.0,0.0,0.0,0.0,0.0,45.025
0.549833333,10.002,1.6837,3.292,0.0,0.0,0.0,0.0,0.0,45.722
0.499916667,10.002,1.2374,3.2808,0.0,0.0,0.0,0.0,0.0,37.702
0.499833333,10.002,1.8879,3.2837,0.0,0.0,0.0,0.0,0.0,42.157
0.49975,10.002,2.1359,3.2879,0.0,0.0,0.0,0.0,0.0,43.362
0.49975,10.002,1.9833,3.2897,0.0,0.0,0.0,0.0,0.0,44.146
0.499833333,10.002,1.9276,3.2909,0.0,0.0,0.0,0.0,0.0,44.61
0.449833333,10.002,1.2026,3.2781,0.0,0.0,0.0,0.0,0.0,36.018
0.44975,10.003,1.3398,3.2817,0.0,0.0,0.0,0.0,0.0,40.492
0.44975,10.002,1.8215,3.2859,0.0,0.0,0.0,0.0,0.0,41.781
0.44975,10.002,1.2882,3.2876,0.0,0.0,0.0,0.0,0.0,42.572
0.449833333,10.003,1.9489,3.289,0.0,0.0,0.0,0.0,0.0,43.061
0.399833333,10.003,1.2843,3.2754,0.0,0.0,0.0,0.0,0.0,33.946
0.399833333,10.002,1.5183,3.2793,0.0,0.0,0.0,0.0,0.0,38.397
0.39975,10.002,1.2581,3.2842,0.0,0.0,0.0,0.0,0.0,39.797
0.39975,10.003,1.074,3.2859,0.0,0.0,0.0,0.0,0.0,40.647
0.39975,10.002,2.0211,3.2874,0.0,0.0,0.0,0.0,0.0,41.199
0.34975,10.003,1.7197,3.2716,0.0,0.0,0.0,0.0,0.0,31.596
0.349833333,10.002,1.2033,3.2766,0.0,0.0,0.0,0.0,0.0,36.111
0.34975,10.003,2.2007,3.282,0.0,0.0,0.0,0.0,0.0,37.652
0.34975,10.002,1.1831,3.2842,0.0,0.0,0.0,0.0,0.0,38.586
0.349666667,10.002,1.5554,3.286,0.0,0.0,0.0,0.0,0.0,39.18
0.34975,10.002,1.9117,3.2871,0.0,0.0,0.0,0.0,0.0,39.588
0.29975,10.003,1.7416,3.2656,0.0,0.0,0.0,0.0,0.0,28.973
0.29975,10.002,1.9894,3.2704,0.0,0.0,0.0,0.0,0.0,33.606
0.29975,10.003,1.2121,3.2765,0.0,0.0,0.0,0.0,0.0,35.255
0.299666667,10.002,2.3336,3.2792,0.0,0.0,0.0,0.0,0.0,36.199
0.299666667,10.002,1.2813,3.2809,0.0,0.0,0.0,0.0,0.0,36.844
0.29975,10.003,1.6439,3.2826,0.0,0.0,0.0,0.0,0.0,37.32
0.249666667,10.002,2.3146,3.2541,0.0,0.0,0.0,0.0,0.0,25.86
0.24975,10.002,1.2476,3.258,0.0,0.0,0.0,0.0,0.0,30.631
0.249666667,10.002,1.4736,3.2638,0.0,0.0,0.0,0.0,0.0,32.342
0.249666667,10.002,2.3616,3.2658,0.0,0.0,0.0,0.0,0.0,33.309
0.24975,10.001,1.8967,3.2675,0.0,0.0,0.0,0.0,0.0,33.991
0.249666667,10.002,1.6948,3.2686,0.0,0.0,0.0,0.0,0.0,34.49
0.249666667,10.003,1.3288,3.2695,0.0,0.0,0.0,0.0,0.0,34.897
0.19975,10.003,2.1811,3.2358,0.0,0.0,0.0,0.0,0.0,22.359
0.19975,10.002,1.994,3.2393,0.0,0.0,0.0,0.0,0.0,27.374
0.199666667,10.002,1.2696,3.2455,0.0,0.0,0.0,0.0,0.0,29.202
0.199666667,10.002,2.0319,3.2477,0.0,0.0,0.0,0.0,0.0,30.168
0.199666667,10.002,1.4395,3.2494,0.0,0.0,0.0,0.0,0.0,30.87
0.199666667,10.002,1.2039,3.2506,0.0,0.0,0.0,0.0,0.0,31.398
0.199666667,10.003,1.6129,3.2516,0.0,0.0,0.0,0.0,0.0,31.813
0.199666667,10.002,1.9302,3.2523,0.0,0.0,0.0,0.0,0.0,32.157
0.149666667,10.002,1.914,3.2111,0.0,0.0,0.0,0.0,0.0,18.869
0.14975,10.002,1.4577,3.2144,0.0,0.0,0.0,0.0,0.0,23.909
0.149583333,10.003,2.0907,3.2209,0.0,0.0,0.0,0.0,0.0,25.794
0.149583333,10.003,2.1497,3.2234,0.0,0.0,0.0,0.0,0.0,26.761
0.149666667,10.002,2.2942,3.225,0.0,0.0,0.0,0.0,0.0,27.458
0.149583333,10.003,2.2829,3.2263,0.0,0.0,0.0,0.0,0.0,27.961
0.149666667,10.002,2.0325,3.2273,0.0,0.0,0.0,0.0,0.0,28.41
0.149666667,10.002,2.3731,3.2283,0.0,0.0,0.0,0.0,0.0,28.769
0.099666667,10.002,2.1763,3.1922,0.0,0.0,0.0,0.0,0.0,15.884
0.099666667,10.002,1.4082,3.1965,0.0,0.0,0.0,0.0,0.0,20.031
0.099583333,10.003,1.3264,3.2044,0.0,0.0,0.0,0.0,0.0,21.821
0.099666667,10.003,2.176,3.2071,0.0,0.0,0.0,0.0,0.0,22.7
0.099583333,10.003,2.2115,3.2088,0.0,0.0,0.0,0.0,0.0,23.369
0.099583333,10.002,2.0083,3.2103,0.0,0.0,0.0,0.0,0.0,23.897
0.099666667,10.002,1.4917,3.2113,0.0,0.0,0.0,0.0,0.0,24.325
0.099666667,10.002,2.0244,3.212,0.0,0.0,0.0,0.0,0.0,24.685
0.049666667,10.002,1.7925,3.1285,0.0,0.0,0.0,0.0,0.0,12.149
0.049583333,10.002,1.6744,3.1432,0.0,0.0,0.0,0.0,0.0,14.889
0.049583333,10.002,0.7412,3.1499,0.0,0.0,0.0,0.0,0.0,16.434
0.049583333,10.002,1.0702,3.1539,0.0,0.0,0.0,0.0,0.0,17.283
0.049583333,10.002,1.7139,3.1569,0.0,0.0,0.0,0.0,0.0,17.863
0.049583333,10.003,1.2044,3.1592,0.0,0.0,0.0,0.0,0.0,18.303
0.049583333,10.002,1.4475,3.1611,0.0,0.0,0.0,0.0,0.0,18.65
0.049583333,10.002,1.129,3.1627,0.0,0.0,0.0,0.0,0.0,18.965
0.049583333,10.003,1.3783,3.1642,0.0,0.0,0.0,0.0,0.0,19.219
0.049583333,10.002,1.4962,3.1653,0.0,0.0,0.0,0.0,0.0,19.462
-0.000416667,10.002,1.4425,2.8012,0.0,0.0,0.0,0.0,0.0,6.0773
-0.000416667,10.002,1.5233,2.8579,0.0,0.0,0.0,0.0,0.0,6.9649
-0.000416667,10.001,1.6497,2.875,0.0,0.0,0.0,0.0,0.0,7.8489
-0.0005,10.002,1.2783,2.8854,0.0,0.0,0.0,0.0,0.0,8.3137
-0.000416667,10.002,1.9121,2.8926,0.0,0.0,0.0,0.0,0.0,8.645
-0.000416667,10.002,0.85095,2.8982,0.0,0.0,0.0,0.0,0.0,8.905
-0.000416667,10.002,1.2193,2.9026,0.0,0.0,0.0,0.0,0.0,9.1277
1.000016667,10.002,39.756,3.4768,0.0,0.0,0.0,0.0,0.0,82.908
0.950041667,10.003,40.81,3.339,0.0,0.0,0.0,0.0,0.0,82.804
0.900058333,10.001,40.271,3.3376,0.0,0.0,0.0,0.0,0.0,82.498
0.850066667,10.003,40.889,3.3366,0.0,0.0,0.0,0.0,0.0,82.24
0.800058333,10.003,40.87,3.3355,0.0,0.0,0.0,0.0,0.0,82.053
0.750083333,10.003,40.053,3.3336,0.0,0.0,0.0,0.0,0.0,81.914
0.750083333,10.002,40.221,3.3359,0.0,0.0,0.0,0.0,0.0,81.316
0.700083333,10.002,39.853,3.3164,0.0,0.0,0.0,0.0,0.0,81.389
0.650083333,10.002,39.979,3.3042,0.0,0.0,0.0,0.0,0.0,80.582
0.600083333,10.002,40.226,3.3012,0.0,0.0,0.0,0.0,0.0,79.906
0.550083333,10.002,39.98,3.2997,0.0,0.0,0.0,0.0,0.0,79.254
0.500166667,10.002,40.748,3.2985,0.0,0.0,0.0,0.0,0.0,78.713
0.450166667,10.003,40.243,3.2977,0.0,0.0,0.0,0.0,0.0,78.24
0.400166667,10.002,40.903,3.2967,0.0,0.0,0.0,0.0,0.0,77.733
0.350166667,10.002,40.782,3.2893,0.0,0.0,0.0,0.0,0.0,76.892
0.30025,10.002,40.178,3.2795,0.0,0.0,0.0,0.0,0.0,75.569
0.25025,10.001,40.909,3.2649,0.0,0.0,0.0,0.0,0.0,73.324
0.25025,10.002,40.041,3.2674,0.0,0.0,0.0,0.0,0.0,74.092
0.200166667,10.002,40.735,3.2473,0.0,0.0,0.0,0.0,0.0,70.541
0.200166667,10.002,40.052,3.2499,0.0,0.0,0.0,0.0,0.0,71.743
0.15025,10.003,40.646,3.2249,0.0,0.0,0.0,0.0,0.0,66.048
0.15025,10.003,40.434,3.2255,0.0,0.0,0.0,0.0,0.0,70.403
0.150083333,10.002,41.064,3.2307,0.0,0.0,0.0,0.0,0.0,69.479
0.100166667,10.001,40.749,3.214,0.0,0.0,0.0,0.0,0.0,49.279
0.100166667,10.002,39.935,3.2141,0.0,0.0,0.0,0.0,0.0,71.974
0.100166667,10.002,40.216,3.2197,0.0,0.0,0.0,0.0,0.0,66.643
0.100166667,10.003,40.312,3.2201,0.0,0.0,0.0,0.0,0.0,67.465
0.050083333,10.003,40.665,3.1564,0.0,0.0,0.0,0.0,0.0,23.346
0.050166667,8.275,39.918,3.1583,0.0,0.0,0.0,0.0,0.0,57.009
0.050083333,9.379,40.225,3.1609,0.0,0.0,0.0,0.0,0.0,53.849
0.050166667,10.003,40.886,3.1629,0.0,0.0,0.0,0.0,0.0,50.856
0.050083333,10.002,40.252,3.1642,0.0,0.0,0.0,0.0,0.0,49.653
0.050083333,10.003,40.873,3.165,0.0,0.0,0.0,0.0,0.0,50.206
0.000166667,10.003,40.014,2.9109,0.0,0.0,0.0,0.0,0.0,1.5361
1.000016667,2.002,-19.013,3.469,0.0,0.0,0.0,0.0,0.0,31.443
1.000025,2.002,-18.986,3.4727,0.0,0.0,0.0,0.0,0.0,32.298
0.999975,2.003,-18.161,3.4759,0.0,0.0,0.0,0.0,0.0,31.71
0.999975,2.002,-18.068,3.4787,0.0,0.0,0.0,0.0,0.0,31.48
0.999975,2.003,-18.774,3.4806,0.0,0.0,0.0,0.0,0.0,31.208
0.999975,2.002,-18.171,3.4839,0.0,0.0,0.0,0.0,0.0,31.024
0.949991667,2.003,-17.68,3.314,0.0,0.0,0.0,0.0,0.0,27.983
0.95,2.003,-18.871,3.3199,0.0,0.0,0.0,0.0,0.0,28.732
0.900008333,2.002,-18.528,3.3017,0.0,0.0,0.0,0.0,0.0,26.312
0.900008333,2.003,-18.427,3.3101,0.0,0.0,0.0,0.0,0.0,26.956
0.899966667,2.002,-18.972,3.3138,0.0,0.0,0.0,0.0,0.0,27.417
0.899966667,2.001,-17.949,3.3166,0.0,0.0,0.0,0.0,0.0,27.77
0.899975,2.002,-17.82,3.3185,0.0,0.0,0.0,0.0,0.0,28.029
0.849983333,2.003,-17.931,3.2925,0.0,0.0,0.0,0.0,0.0,25.444
0.849991667,2.003,-17.924,3.3006,0.0,0.0,0.0,0.0,0.0,26.205
0.849941667,2.002,-18.066,3.3046,0.0,0.0,0.0,0.0,0.0,26.692
0.84995,2.003,-17.918,3.308,0.0,0.0,0.0,0.0,0.0,27.049
0.849941667,2.003,-19.249,3.311,0.0,0.0,0.0,0.0,0.0,27.314
0.799966667,2.002,-18.405,3.2837,0.0,0.0,0.0,0.0,0.0,24.388
0.799958333,2.003,-18.74,3.2914,0.0,0.0,0.0,0.0,0.0,25.149
0.799916667,2.003,-18.933,3.2949,0.0,0.0,0.0,0.0,0.0,25.692
0.799925,2.003,-18.936,3.2978,0.0,0.0,0.0,0.0,0.0,26.1
0.799916667,2.004,-18.066,3.3002,0.0,0.0,0.0,0.0,0.0,26.426
0.749941667,2.002,-18.684,3.2761,0.0,0.0,0.0,0.0,0.0,22.881
0.749941667,2.002,-17.881,3.283,0.0,0.0,0.0,0.0,0.0,23.947
0.7499,2.002,-19.266,3.2863,0.0,0.0,0.0,0.0,0.0,24.703
0.749891667,2.002,-18.124,3.2886,0.0,0.0,0.0,0.0,0.0,25.068
0.749891667,2.002,-18.491,3.2908,0.0,0.0,0.0,0.0,0.0,25.421
0.7499,2.003,-17.854,3.2926,0.0,0.0,0.0,0.0,0.0,25.676
0.699908333,2.002,-17.945,3.2694,0.0,0.0,0.0,0.0,0.0,21.615
0.699916667,2.002,-19.159,3.2761,0.0,0.0,0.0,0.0,0.0,22.844
0.699875,2.002,-18.966,3.2789,0.0,0.0,0.0,0.0,0.0,23.673
0.699866667,2.002,-18.773,3.2811,0.0,0.0,0.0,0.0,0.0,23.998
0.699875,2.002,-18.607,3.2831,0.0,0.0,0.0,0.0,0.0,24.37
0.699866667,2.003,-18.124,3.2847,0.0,0.0,0.0,0.0,0.0,24.712
0.649883333,2.002,-19.047,3.2641,0.0,0.0,0.0,0.0,0.0,21.105
0.649891667,2.003,-19.032,3.2709,0.0,0.0,0.0,0.0,0.0,22.234
0.64985,2.003,-19.127,3.2736,0.0,0.0,0.0,0.0,0.0,22.945
0.64985,2.002,-18.892,3.2758,0.0,0.0,0.0,0.0,0.0,23.316
0.649841667,2.002,-19.115,3.2775,0.0,0.0,0.0,0.0,0.0,23.782
0.64985,2.002,-19.172,3.2787,0.0,0.0,0.0,0.0,0.0,24.011
0.599866667,2.003,-18.903,3.2589,0.0,0.0,0.0,0.0,0.0,19.956
0.599858333,2.002,-18.094,3.2664,0.0,0.0,0.0,0.0,0.0,21.166
0.599825,2.002,-18.366,3.2692,0.0,0.0,0.0,0.0,0.0,21.942
0.599816667,2.002,-18.08,3.2713,0.0,0.0,0.0,0.0,0.0,22.518
0.599816667,2.003,-18.219,3.2731,0.0,0.0,0.0,0.0,0.0,22.89
0.599816667,2.003,-18.201,3.2745,0.0,0.0,0.0,0.0,0.0,23.193
0.599816667,2.003,-18.916,3.2759,0.0,0.0,0.0,0.0,0.0,23.414
0.549841667,2.003,-18.839,3.2535,0.0,0.0,0.0,0.0,0.0,18.856
0.549841667,2.003,-18.997,3.2622,0.0,0.0,0.0,0.0,0.0,20.267
0.5498,2.003,-18.646,3.2653,0.0,0.0,0.0,0.0,0.0,21.144
0.549791667,2.003,-19.316,3.2677,0.0,0.0,0.0,0.0,0.0,21.787
0.549791667,2.003,-19.131,3.2697,0.0,0.0,0.0,0.0,0.0,22.194
0.549791667,2.003,-18.177,3.2712,0.0,0.0,0.0,0.0,0.0,22.455
0.499766667,2.002,-18.165,3.2471,0.0,0.0,0.0,0.0,0.0,17.832
0.499808333,2.003,-19.374,3.2576,0.0,0.0,0.0,0.0,0.0,19.332
0.499783333,2.002,-18.216,3.2616,0.0,0.0,0.0,0.0,0.0,20.311
0.499733333,2.003,-18.418,3.2643,0.0,0.0,0.0,0.0,0.0,20.842
0.499783333,2.002,-19.165,3.2664,0.0,0.0,0.0,0.0,0.0,21.385
0.4998,2.002,-19.393,3.268,0.0,0.0,0.0,0.0,0.0,21.834
0.499791667,2.002,-17.957,3.2696,0.0,0.0,0.0,0.0,0.0,22.056
0.499733333,2.002,-17.971,3.2706,0.0,0.0,0.0,0.0,0.0,22.318
0.49975,2.002,-18.767,3.2717,0.0,0.0,0.0,0.0,0.0,22.539
0.449783333,2.002,-19.2,3.2405,0.0,0.0,0.0,0.0,0.0,17.195
0.4498,2.002,-18.277,3.253,0.0,0.0,0.0,0.0,0.0,18.785
0.449708333,2.002,-18.451,3.2575,0.0,0.0,0.0,0.0,0.0,19.937
0.449725,2.001,-18.798,3.2608,0.0,0.0,0.0,0.0,0.0,20.485
0.449783333,2.003,-18.742,3.2631,0.0,0.0,0.0,0.0,0.0,21.028
0.449716667,2.003,-18.775,3.2651,0.0,0.0,0.0,0.0,0.0,21.374
0.399791667,2.002,-17.871,3.2312,0.0,0.0,0.0,0.0,0.0,16.33
0.399741667,2.003,-18.05,3.2461,0.0,0.0,0.0,0.0,0.0,17.997
0.399758333,2.003,-18.698,3.2537,0.0,0.0,0.0,0.0,0.0,19.12
0.399708333,2.002,-18.718,3.2571,0.0,0.0,0.0,0.0,0.0,19.755
0.39975,2.003,-18.325,3.2596,0.0,0.0,0.0,0.0,0.0,20.233
0.399683333,2.002,-18.327,3.2618,0.0,0.0,0.0,0.0,0.0,20.624
0.399725,2.003,-18.893,3.2635,0.0,0.0,0.0,0.0,0.0,20.83
0.349716667,2.001,-18.07,3.2199,0.0,0.0,0.0,0.0,0.0,15.12
0.34975,2.001,-18.635,3.2373,0.0,0.0,0.0,0.0,0.0,17.084
0.349741667,2.003,-18.872,3.2466,0.0,0.0,0.0,0.0,0.0,18.542
0.3497,2.002,-18.363,3.2506,0.0,0.0,0.0,0.0,0.0,19.39
0.3497,2.003,-18.007,3.2537,0.0,0.0,0.0,0.0,0.0,19.767
0.349675,2.003,-19.123,3.2563,0.0,0.0,0.0,0.0,0.0,20.087
0.299741667,2.002,-18.046,3.2013,0.0,0.0,0.0,0.0,0.0,13.485
0.299725,2.003,-18.181,3.2236,0.0,0.0,0.0,0.0,0.0,15.819
0.2997,2.003,-19.231,3.2338,0.0,0.0,0.0,0.0,0.0,17.194
0.299675,2.003,-18.886,3.2405,0.0,0.0,0.0,0.0,0.0,18.157
0.299666667,2.002,-18.579,3.2441,0.0,0.0,0.0,0.0,0.0,18.801
0.2997,2.002,-18.204,3.2468,0.0,0.0,0.0,0.0,0.0,19.168
0.29965,2.003,-19.692,3.2492,0.0,0.0,0.0,0.0,0.0,19.399
0.249725,2.002,-18.045,3.1638,0.0,0.0,0.0,0.0,0.0,11.056
0.2497,2.002,-18.105,3.2016,0.0,0.0,0.0,0.0,0.0,14.009
0.249708333,2.002,-18.094,3.2156,0.0,0.0,0.0,0.0,0.0,15.831
0.249716667,2.003,-18.749,3.2236,0.0,0.0,0.0,0.0,0.0,17.031
0.24965,2.002,-18.46,3.2292,0.0,0.0,0.0,0.0,0.0,17.679
0.249683333,2.002,-18.976,3.2323,0.0,0.0,0.0,0.0,0.0,18.356
0.249683333,2.002,-18.978,3.2348,0.0,0.0,0.0,0.0,0.0,18.732
0.249616667,2.004,-19.027,3.2373,0.0,0.0,0.0,0.0,0.0,19.066
0.199633333,2.002,-18.821,3.059,0.0,0.0,0.0,0.0,0.0,7.9255
0.199666667,2.002,-18.918,3.1588,0.0,0.0,0.0,0.0,0.0,11.594
0.199708333,2.002,-19.588,3.1857,0.0,0.0,0.0,0.0,0.0,14.144
0.199625,2.002,-19.038,3.198,0.0,0.0,0.0,0.0,0.0,15.439
0.199666667,2.002,-18.068,3.2054,0.0,0.0,0.0,0.0,0.0,16.457
0.199675,2.001,-18.518,3.2109,0.0,0.0,0.0,0.0,0.0,17.196
0.199658333,2.002,-18.708,3.2147,0.0,0.0,0.0,0.0,0.0,17.546
0.199633333,2.002,-18.489,3.2171,0.0,0.0,0.0,0.0,0.0,17.957
0.199658333,2.003,-18.534,3.2192,0.0,0.0,0.0,0.0,0.0,18.235
1.000025,30.002,10.886,3.4503,0.0,0.0,0.0,0.0,0.0,72.485
1.000016667,30.004,10.453,3.4456,0.0,0.0,0.0,0.0,0.0,72.229
0.950083333,30.001,10.599,3.3354,0.0,0.0,0.0,0.0,0.0,71.353
0.950083333,30.003,11.534,3.3365,0.0,0.0,0.0,0.0,0.0,71.054
0.9,30.001,11.063,3.3371,0.0,0.0,0.0,0.0,0.0,70.493
0.9,30.002,11.412,3.3376,0.0,0.0,0.0,0.0,0.0,69.976
0.85,30.003,11.608,3.3373,0.0,0.0,0.0,0.0,0.0,69.401
0.85,30.003,10.557,3.3383,0.0,0.0,0.0,0.0,0.0,68.779
0.8,30.003,11.124,3.3371,0.0,0.0,0.0,0.0,0.0,68.16
0.8,30.003,10.999,3.3385,0.0,0.0,0.0,0.0,0.0,67.201
0.799916667,30.002,10.756,3.343,0.0,0.0,0.0,0.0,0.0,66.979
0.75,30.003,11.105,3.3352,0.0,0.0,0.0,0.0,0.0,66.535
0.749916667,30.002,11.134,3.337,0.0,0.0,0.0,0.0,0.0,64.875
0.749916667,30.002,11.224,3.3409,0.0,0.0,0.0,0.0,0.0,64.403
0.699916667,27.066,11.14,3.3103,0.0,0.0,0.0,0.0,0.0,64.436
0.699916667,30.003,10.598,3.3112,0.0,0.0,0.0,0.0,0.0,62.283
0.699916667,30.003,11.698,3.3184,0.0,0.0,0.0,0.0,0.0,60.948
0.699833333,30.003,10.987,3.3193,0.0,0.0,0.0,0.0,0.0,60.412
0.699833333,30.004,11.934,3.3197,0.0,0.0,0.0,0.0,0.0,60.125
0.649916667,28.904,11.112,3.3006,0.0,0.0,0.0,0.0,0.0,59.288
0.649916667,30.003,11.382,3.3019,0.0,0.0,0.0,0.0,0.0,57.243
0.649916667,30.002,11.666,3.3088,0.0,0.0,0.0,0.0,0.0,56.086
0.599833333,30.001,11.2,3.2973,0.0,0.0,0.0,0.0,0.0,53.246
0.549833333,30.003,10.771,3.2955,0.0,0.0,0.0,0.0,0.0,48.257
0.549833333,30.002,16.314,3.2962,0.0,0.0,0.0,0.0,0.0,50.578
0.549833333,30.001,11.615,3.3028,0.0,0.0,0.0,0.0,0.0,49.485
0.549833333,30.001,13.852,3.3038,0.0,0.0,0.0,0.0,0.0,50.132
0.549833333,30.002,14.129,3.3044,0.0,0.0,0.0,0.0,0.0,49.765
0.4995,30.002,8.5059,3.2947,0.0,0.0,0.0,0.0,0.0,43.372
0.500166667,30.001,12.336,3.295,0.0,0.0,0.0,0.0,0.0,48.179
0.499916667,30.003,7.4587,3.3016,0.0,0.0,0.0,0.0,0.0,46.796
0.499166667,30.004,12.871,3.3026,0.0,0.0,0.0,0.0,0.0,47.667
0.499166667,30.002,11.507,3.3029,0.0,0.0,0.0,0.0,0.0,47.382
0.45,30.002,11.355,3.2937,0.0,0.0,0.0,0.0,0.0,38.984
0.45,30.002,11.114,3.294,0.0,0.0,0.0,0.0,0.0,45.726
0.45,30.002,11.377,3.3002,0.0,0.0,0.0,0.0,0.0,44.114
0.45,30.003,10.857,3.3012,0.0,0.0,0.0,0.0,0.0,44.966
0.45,30.004,10.748,3.3017,0.0,0.0,0.0,0.0,0.0,44.736
0.4,30.005,10.95,3.2929,0.0,0.0,0.0,0.0,0.0,34.5
0.399166667,29.056,10.677,3.2929,0.0,0.0,0.0,0.0,0.0,43.442
0.4,30.005,11.593,3.2991,0.0,0.0,0.0,0.0,0.0,41.868
0.35,30.001,10.515,3.2902,0.0,0.0,0.0,0.0,0.0,29.886
0.35,27.698,10.575,3.2901,0.0,0.0,0.0,0.0,0.0,40.849
0.35,30.003,10.816,3.2971,0.0,0.0,0.0,0.0,0.0,39.373
0.35,30.002,10.76,3.2984,0.0,0.0,0.0,0.0,0.0,38.578
0.299166667,30.002,10.727,3.279,0.0,0.0,0.0,0.0,0.0,25.021
0.299166667,25.75,10.99,3.2792,0.0,0.0,0.0,0.0,0.0,38.824
0.3,28.79,10.748,3.2882,0.0,0.0,0.0,0.0,0.0,37.43
0.3,30.002,11.061,3.2899,0.0,0.0,0.0,0.0,0.0,35.895
0.3,30.002,11.221,3.2908,0.0,0.0,0.0,0.0,0.0,35.464
0.249166667,30.002,10.503,3.2639,0.0,0.0,0.0,0.0,0.0,20.273
0.249166667,23.57,10.809,3.2636,0.0,0.0,0.0,0.0,0.0,36.543
0.25,26.495,10.661,3.2718,0.0,0.0,0.0,0.0,0.0,35.143
0.249166667,29.47,11.307,3.2732,0.0,0.0,0.0,0.0,0.0,33.636
0.25,30.003,11.473,3.274,0.0,0.0,0.0,0.0,0.0,32.18
0.199166667,30.002,10.719,3.2397,0.0,0.0,0.0,0.0,0.0,15.729
0.2,21.517,10.731,3.2392,0.0,0.0,0.0,0.0,0.0,33.896
0.2,24.222,10.641,3.2479,0.0,0.0,0.0,0.0,0.0,32.53
0.199166667,26.989,10.941,3.2495,0.0,0.0,0.0,0.0,0.0,31.074
0.2,29.985,11.396,3.2504,0.0,0.0,0.0,0.0,0.0,29.66
0.199166667,30.003,11.418,3.2513,0.0,0.0,0.0,0.0,0.0,28.315
0.2,30.005,10.654,3.252,0.0,0.0,0.0,0.0,0.0,28.734
0.149166667,30.004,11.377,3.211,0.0,0.0,0.0,0.0,0.0,11.548
0.15,19.192,10.857,3.2099,0.0,0.0,0.0,0.0,0.0,31.271
0.149166667,21.861,11.376,3.221,0.0,0.0,0.0,0.0,0.0,29.998
0.149166667,24.464,11.197,3.2226,0.0,0.0,0.0,0.0,0.0,28.566
0.149166667,27.183,11.651,3.2236,0.0,0.0,0.0,0.0,0.0,27.208
0.15,30.003,11.483,3.2245,0.0,0.0,0.0,0.0,0.0,25.92
0.149166667,30.003,11.332,3.2252,0.0,0.0,0.0,0.0,0.0,24.762
0.149166667,30.003,10.776,3.2257,0.0,0.0,0.0,0.0,0.0,25.196
0.1,30.003,10.281,3.1997,0.0,0.0,0.0,0.0,0.0,7.1024
0.099166667,18.545,10.277,3.1995,0.0,0.0,0.0,0.0,0.0,26.198
0.099166667,20.922,11.274,3.2099,0.0,0.0,0.0,0.0,0.0,25.094
0.099166667,23.3,10.638,3.2116,0.0,0.0,0.0,0.0,0.0,23.859
0.099166667,25.761,10.57,3.2128,0.0,0.0,0.0,0.0,0.0,22.702
0.099166667,28.439,10.52,3.2136,0.0,0.0,0.0,0.0,0.0,21.568
0.1,30.002,11.08,3.2145,0.0,0.0,0.0,0.0,0.0,20.514
0.099166667,30.003,10.476,3.2148,0.0,0.0,0.0,0.0,0.0,20.006
0.099166667,30.002,11.177,3.2152,0.0,0.0,0.0,0.0,0.0,20.238
0.049166667,30.003,11.024,3.0679,0.0,0.0,0.0,0.0,0.0,2.5627
0.05,23.069,10.468,3.0731,0.0,0.0,0.0,0.0,0.0,14.497
0.049166667,26.038,11.06,3.0798,0.0,0.0,0.0,0.0,0.0,13.614
0.05,29.122,11.361,3.0836,0.0,0.0,0.0,0.0,0.0,12.77
0.05,30.003,11.341,3.0866,0.0,0.0,0.0,0.0,0.0,11.98
1.000025,2.002,-8.1687,3.4671,0.0,0.0,0.0,0.0,0.0,52.636
1.000025,2.002,-8.2605,3.4711,0.0,0.0,0.0,0.0,0.0,52.635
0.949991667,2.002,-8.2147,3.3254,0.0,0.0,0.0,0.0,0.0,49.618
0.900016667,2.002,-8.7877,3.3191,0.0,0.0,0.0,0.0,0.0,47.515
0.900008333,2.002,-8.6774,3.3245,0.0,0.0,0.0,0.0,0.0,48.404
0.899966667,2.002,-8.4762,3.3262,0.0,0.0,0.0,0.0,0.0,48.816
0.849983333,2.002,-8.4331,3.3113,0.0,0.0,0.0,0.0,0.0,46.317
0.849983333,2.003,-9.0878,3.3202,0.0,0.0,0.0,0.0,0.0,47.319
0.849941667,2.002,-8.4092,3.3229,0.0,0.0,0.0,0.0,0.0,47.878
0.799958333,2.003,-8.4365,3.301,0.0,0.0,0.0,0.0,0.0,45.085
0.799958333,2.001,-8.6358,3.3114,0.0,0.0,0.0,0.0,0.0,46.103
0.799916667,2.002,-9.0945,3.3161,0.0,0.0,0.0,0.0,0.0,46.745
0.799916667,2.002,-8.8629,3.3191,0.0,0.0,0.0,0.0,0.0,47.169
0.749933333,2.002,-8.7424,3.2915,0.0,0.0,0.0,0.0,0.0,43.768
0.749933333,2.003,-8.3796,3.2987,0.0,0.0,0.0,0.0,0.0,44.674
0.749891667,2.002,-9.0524,3.3025,0.0,0.0,0.0,0.0,0.0,45.375
0.749891667,2.002,-9.2922,3.3057,0.0,0.0,0.0,0.0,0.0,45.873
0.699916667,2.001,-8.4743,3.2828,0.0,0.0,0.0,0.0,0.0,41.948
0.699908333,2.003,-9.0594,3.2887,0.0,0.0,0.0,0.0,0.0,43.467
0.699866667,2.002,-8.2936,3.2917,0.0,0.0,0.0,0.0,0.0,44.204
0.699875,2.002,-9.0772,3.2936,0.0,0.0,0.0,0.0,0.0,44.637
0.649891667,2.002,-9.1567,3.2766,0.0,0.0,0.0,0.0,0.0,40.487
0.649883333,2.002,-8.4226,3.2819,0.0,0.0,0.0,0.0,0.0,41.911
0.64985,2.002,-8.8562,3.2844,0.0,0.0,0.0,0.0,0.0,42.412
0.649841667,2.003,-8.371,3.286,0.0,0.0,0.0,0.0,0.0,43.394
0.649841667,2.002,-8.6855,3.2875,0.0,0.0,0.0,0.0,0.0,43.875
0.599858333,2.002,-8.9633,3.2723,0.0,0.0,0.0,0.0,0.0,39.346
0.599858333,2.003,-8.9012,3.2775,0.0,0.0,0.0,0.0,0.0,40.86
0.599816667,2.002,-8.6076,3.2798,0.0,0.0,0.0,0.0,0.0,41.75
0.599816667,2.003,-9.0825,3.2813,0.0,0.0,0.0,0.0,0.0,42.303
0.549841667,2.001,-7.9256,3.2685,0.0,0.0,0.0,0.0,0.0,36.318
0.549858333,2.003,-8.4274,3.2744,0.0,0.0,0.0,0.0,0.0,38.851
0.549758333,2.003,-9.0614,3.2767,0.0,0.0,0.0,0.0,0.0,40.143
0.549775,2.002,-8.1299,3.2785,0.0,0.0,0.0,0.0,0.0,40.963
0.5498,2.003,-8.9978,3.2797,0.0,0.0,0.0,0.0,0.0,41.4
0.499825,2.002,-9.2098,3.2653,0.0,0.0,0.0,0.0,0.0,35.564
0.499766667,2.003,-8.6764,3.2715,0.0,0.0,0.0,0.0,0.0,37.475
0.499775,2.002,-8.2736,3.2743,0.0,0.0,0.0,0.0,0.0,38.752
0.499766667,2.001,-9.1643,3.2761,0.0,0.0,0.0,0.0,0.0,39.657
0.499733333,2.002,-9.3075,3.2776,0.0,0.0,0.0,0.0,0.0,40.186
0.499741667,2.002,-9.0303,3.2785,0.0,0.0,0.0,0.0,0.0,40.505
0.4498,2.003,-9.2672,3.2613,0.0,0.0,0.0,0.0,0.0,33.65
0.449783333,2.002,-9.3841,3.2686,0.0,0.0,0.0,0.0,0.0,35.896
0.449775,2.002,-9.2644,3.2716,0.0,0.0,0.0,0.0,0.0,37.349
0.449725,2.003,-8.2804,3.2736,0.0,0.0,0.0,0.0,0.0,38.292
0.449758333,2.003,-8.2994,3.2751,0.0,0.0,0.0,0.0,0.0,38.878
0.449725,2.002,-8.6234,3.2764,0.0,0.0,0.0,0.0,0.0,39.309
0.449716667,2.002,-8.2965,3.2777,0.0,0.0,0.0,0.0,0.0,39.637
0.399783333,2.002,-8.4466,3.2567,0.0,0.0,0.0,0.0,0.0,31.568
0.399783333,2.002,-8.4729,3.2648,0.0,0.0,0.0,0.0,0.0,34.071
0.399675,2.002,-9.3904,3.2682,0.0,0.0,0.0,0.0,0.0,35.722
0.399733333,2.003,-8.3238,3.2706,0.0,0.0,0.0,0.0,0.0,36.752
0.399725,2.003,-8.5036,3.2724,0.0,0.0,0.0,0.0,0.0,37.415
0.399733333,2.002,-9.4234,3.274,0.0,0.0,0.0,0.0,0.0,37.88
0.349708333,2.002,-8.3215,3.2502,0.0,0.0,0.0,0.0,0.0,29.64
0.349725,2.002,-8.6354,3.2594,0.0,0.0,0.0,0.0,0.0,32.265
0.349708333,2.002,-8.6035,3.2632,0.0,0.0,0.0,0.0,0.0,33.89
0.349658333,2.002,-8.2732,3.266,0.0,0.0,0.0,0.0,0.0,34.938
0.349725,2.004,-8.5994,3.268,0.0,0.0,0.0,0.0,0.0,35.626
0.3497,2.002,-9.0758,3.2699,0.0,0.0,0.0,0.0,0.0,36.288
0.349708333,2.002,-9.3639,3.2714,0.0,0.0,0.0,0.0,0.0,36.638
0.299691667,2.002,-8.7711,3.2415,0.0,0.0,0.0,0.0,0.0,28.087
0.299741667,2.003,-9.6111,3.2513,0.0,0.0,0.0,0.0,0.0,30.657
0.299633333,2.002,-9.4185,3.2557,0.0,0.0,0.0,0.0,0.0,32.357
0.299625,2.002,-9.2356,3.2585,0.0,0.0,0.0,0.0,0.0,33.441
0.299658333,2.002,-9.3352,3.2611,0.0,0.0,0.0,0.0,0.0,34.319
0.299691667,2.002,-9.1529,3.2629,0.0,0.0,0.0,0.0,0.0,34.787
0.2997,2.002,-8.1189,3.2647,0.0,0.0,0.0,0.0,0.0,35.185
0.249691667,2.003,-8.2879,3.2283,0.0,0.0,0.0,0.0,0.0,26.826
0.249658333,2.002,-8.9442,3.2386,0.0,0.0,0.0,0.0,0.0,29.312
0.249633333,2.002,-8.2134,3.2428,0.0,0.0,0.0,0.0,0.0,30.951
0.249675,2.002,-8.0631,3.2459,0.0,0.0,0.0,0.0,0.0,31.902
0.2496,2.002,-8.3592,3.2483,0.0,0.0,0.0,0.0,0.0,32.728
0.249625,2.003,-9.3334,3.2503,0.0,0.0,0.0,0.0,0.0,33.136
0.199616667,2.003,-8.276,3.2074,0.0,0.0,0.0,0.0,0.0,25.116
0.199633333,2.001,-10.104,3.2187,0.0,0.0,0.0,0.0,0.0,27.426
0.199583333,2.002,-9.0686,3.2243,0.0,0.0,0.0,0.0,0.0,28.554
0.199666667,2.002,-8.7654,3.2277,0.0,0.0,0.0,0.0,0.0,29.975
0.199583333,2.002,-8.5278,3.2299,0.0,0.0,0.0,0.0,0.0,30.645
0.199583333,2.003,-8.1891,3.2317,0.0,0.0,0.0,0.0,0.0,31.147
0.149666667,2.002,-8.3768,3.1798,0.0,0.0,0.0,0.0,0.0,22.389
0.149666667,2.003,-8.2517,3.1947,0.0,0.0,0.0,0.0,0.0,25.156
0.149583333,2.002,-8.2244,3.2003,0.0,0.0,0.0,0.0,0.0,26.883
0.149583333,2.002,-8.4384,3.2036,0.0,0.0,0.0,0.0,0.0,27.938
0.149583333,2.002,-8.3271,3.2061,0.0,0.0,0.0,0.0,0.0,28.558
0.149583333,2.002,-8.7013,3.208,0.0,0.0,0.0,0.0,0.0,28.986
0.099583333,2.002,-8.7133,3.1137,0.0,0.0,0.0,0.0,0.0,16.155
0.099583333,2.002,-9.1768,3.1578,0.0,0.0,0.0,0.0,0.0,20.86
0.099583333,2.002,-9.3759,3.1699,0.0,0.0,0.0,0.0,0.0,23.728
0.099583333,2.002,-9.3966,3.1775,0.0,0.0,0.0,0.0,0.0,25.194
0.0995,2.003,-8.5011,3.1825,0.0,0.0,0.0,0.0,0.0,26.054
0.099583333,2.001,-8.8443,3.1864,0.0,0.0,0.0,0.0,0.0,26.728
0.099583333,2.002,-8.9027,3.1893,0.0,0.0,0.0,0.0,0.0,27.108
0.099583333,2.003,-8.1494,3.1918,0.0,0.0,0.0,0.0,0.0,27.575
0.099583333,2.002,-8.8037,3.1938,0.0,0.0,0.0,0.0,0.0,27.924
